customer_id,last_order_date,frequency,monetary,recency,R_score,F_score,M_score,RFM_Score,segment,first_category,outcome
1000,2015-11-25,5,13,36,5,4,4,13,Champion,Meat & Snacks,Retained High-Value
1001,2015-05-02,5,12,243,2,4,4,10,Loyal,Meat & Snacks,Retained
1002,2015-08-30,4,8,123,3,3,2,8,Potential,Fresh Produce,Retained
1003,2015-02-10,4,8,324,2,3,2,7,Potential,Other,Retained
1004,2015-12-02,8,21,29,5,5,5,15,Champion,Fresh Produce,Retained High-Value
1005,2014-01-23,2,4,707,1,1,1,3,Churned,Bakery & Grains,Churned
1006,2015-06-14,4,15,200,2,3,5,10,Loyal,Dairy,Retained
1008,2015-10-03,2,12,89,4,1,4,9,Potential,Fresh Produce,Retained
1009,2015-10-05,4,9,87,4,3,3,10,Loyal,Other,Retained
1010,2015-07-31,5,12,153,3,4,4,11,Loyal,Fresh Produce,Retained
1011,2015-12-09,3,13,22,5,2,4,11,Loyal,Bakery & Grains,Retained
1012,2015-11-19,4,11,42,5,3,3,11,Loyal,Other,Retained
1013,2015-10-02,8,19,90,4,5,5,14,Champion,Beverages,Retained High-Value
1014,2015-10-03,4,10,89,4,3,3,10,Loyal,Other,Retained
1015,2015-05-04,3,7,241,2,2,2,6,Churned,Bakery & Grains,Churned
1016,2015-10-05,4,11,87,4,3,3,10,Loyal,Fresh Produce,Retained
1017,2015-09-30,5,11,92,4,4,3,11,Loyal,Fresh Produce,Retained
1018,2015-05-23,4,8,222,2,3,2,7,Potential,Other,Retained
1019,2014-12-10,1,2,386,1,1,1,3,Churned,Other,Churned
1020,2015-10-13,3,10,79,4,2,3,9,Potential,Dairy,Retained
1021,2015-11-07,3,8,54,4,2,2,8,Potential,Dairy,Retained
1022,2014-06-07,3,6,572,1,2,2,5,Churned,Meat & Snacks,Churned
1023,2015-06-28,6,17,186,3,5,5,13,Champion,Other,Retained High-Value
1024,2015-08-10,1,4,143,3,1,1,5,At-Risk,Fresh Produce,Churned
1025,2015-08-19,3,6,134,3,2,2,7,Potential,Beverages,Retained
1026,2015-05-28,5,17,217,2,4,5,11,Loyal,Meat & Snacks,Retained
1027,2015-05-17,4,9,228,2,3,3,8,Potential,Other,Retained
1028,2015-07-11,5,13,173,3,4,4,11,Loyal,Bakery & Grains,Retained
1029,2015-03-14,1,2,292,2,1,1,4,Churned,Other,Churned
1031,2015-10-15,3,7,77,4,2,2,8,Potential,Other,Retained
1032,2015-08-23,5,16,130,3,4,5,12,Loyal,Other,Retained
1033,2015-06-15,5,12,199,2,4,4,10,Loyal,Bakery & Grains,Retained
1034,2014-05-13,3,9,597,1,2,3,6,Churned,Fresh Produce,Churned
1035,2015-09-08,5,14,114,3,4,4,11,Loyal,Dairy,Retained
1036,2014-01-20,1,2,710,1,1,1,3,Churned,Other,Churned
1037,2015-12-16,3,10,15,5,2,3,10,Loyal,Other,Retained
1038,2015-12-14,6,19,17,5,5,5,15,Champion,Other,Retained High-Value
1039,2015-05-31,1,2,214,2,1,1,4,Churned,Meat & Snacks,Churned
1040,2015-11-26,4,11,35,5,3,3,11,Loyal,Bakery & Grains,Retained
1041,2015-04-02,4,10,273,2,3,3,8,Potential,Other,Retained
1042,2015-10-16,3,6,76,4,2,2,8,Potential,Other,Retained
1043,2015-01-10,3,8,355,1,2,2,5,Churned,Fresh Produce,Churned
1044,2015-10-25,2,4,67,4,1,1,6,At-Risk,Fresh Produce,Churned
1045,2015-11-25,3,9,36,5,2,3,10,Loyal,Dairy,Retained
1046,2015-06-24,2,4,190,2,1,1,4,Churned,Bakery & Grains,Churned
1047,2015-08-09,3,6,144,3,2,2,7,Potential,Beverages,Retained
1048,2015-10-18,2,6,74,4,1,2,7,Potential,Beverages,Retained
1049,2015-09-05,4,8,117,3,3,2,8,Potential,Other,Retained
1050,2015-05-04,6,14,241,2,5,4,11,Loyal,Other,Retained
1051,2015-11-10,6,20,51,4,5,5,14,Champion,Beverages,Retained High-Value
1052,2015-10-27,10,27,65,4,5,5,14,Champion,Meat & Snacks,Retained High-Value
1053,2015-07-09,6,12,175,3,5,4,12,Loyal,Beverages,Retained
1054,2015-10-21,4,9,71,4,3,3,10,Loyal,Fresh Produce,Retained
1055,2015-05-25,2,6,220,2,1,2,5,Churned,Meat & Snacks,Churned
1056,2015-11-09,3,6,52,4,2,2,8,Potential,Other,Retained
1057,2014-06-08,3,8,571,1,2,2,5,Churned,Beverages,Churned
1058,2015-11-10,4,8,51,4,3,2,9,Potential,Fresh Produce,Retained
1059,2014-06-14,2,5,565,1,1,1,3,Churned,Other,Churned
1061,2015-09-05,5,14,117,3,4,4,11,Loyal,Beverages,Retained
1062,2015-09-18,5,16,104,4,4,5,13,Champion,Other,Retained High-Value
1063,2015-01-23,2,4,342,1,1,1,3,Churned,Fresh Produce,Churned
1064,2015-07-25,3,7,159,3,2,2,7,Potential,Bakery & Grains,Retained
1065,2015-11-13,6,14,48,4,5,4,13,Champion,Other,Retained High-Value
1066,2014-06-12,3,6,567,1,2,2,5,Churned,Beverages,Churned
1067,2015-07-20,3,8,164,3,2,2,7,Potential,Dairy,Retained
1068,2015-07-01,2,4,183,3,1,1,5,At-Risk,Beverages,Churned
1069,2015-08-20,4,10,133,3,3,3,9,Potential,Meat & Snacks,Retained
1070,2014-11-05,2,4,421,1,1,1,3,Churned,Fresh Produce,Churned
1071,2014-09-26,1,3,461,1,1,1,3,Churned,Other,Churned
1072,2015-10-23,2,4,69,4,1,1,6,At-Risk,Fresh Produce,Churned
1073,2015-12-03,4,12,28,5,3,4,12,Loyal,Other,Retained
1074,2015-10-16,5,10,76,4,4,3,11,Loyal,Other,Retained
1075,2015-11-19,4,11,42,5,3,3,11,Loyal,Other,Retained
1076,2015-10-14,4,13,78,4,3,4,11,Loyal,Other,Retained
1077,2015-09-12,6,14,110,3,5,4,12,Loyal,Other,Retained
1078,2015-10-28,2,7,64,4,1,2,7,Potential,Beverages,Retained
1079,2015-09-09,2,6,113,3,1,2,6,At-Risk,Other,Churned
1080,2015-05-14,2,5,231,2,1,1,4,Churned,Beverages,Churned
1081,2015-05-03,5,16,242,2,4,5,11,Loyal,Other,Retained
1082,2014-05-13,2,5,597,1,1,1,3,Churned,Other,Churned
1083,2015-02-06,3,7,328,1,2,2,5,Churned,Other,Churned
1084,2014-04-18,1,2,622,1,1,1,3,Churned,Fresh Produce,Churned
1085,2015-08-15,3,7,138,3,2,2,7,Potential,Beverages,Retained
1086,2015-12-28,5,14,3,5,4,4,13,Champion,Bakery & Grains,Retained High-Value
1087,2015-08-14,9,21,139,3,5,5,13,Champion,Other,Retained High-Value
1088,2015-11-30,3,9,31,5,2,3,10,Loyal,Dairy,Retained
1089,2014-12-05,1,2,391,1,1,1,3,Churned,Other,Churned
1090,2015-10-21,3,12,71,4,2,4,10,Loyal,Bakery & Grains,Retained
1092,2015-10-09,5,20,83,4,4,5,13,Champion,Dairy,Retained High-Value
1093,2015-03-28,1,2,278,2,1,1,4,Churned,Dairy,Churned
1094,2015-09-08,8,20,114,3,5,5,13,Champion,Other,Retained High-Value
1095,2015-10-30,3,8,62,4,2,2,8,Potential,Dairy,Retained
1096,2015-07-28,1,2,156,3,1,1,5,At-Risk,Fresh Produce,Churned
1097,2015-11-01,6,17,60,4,5,5,14,Champion,Meat & Snacks,Retained High-Value
1098,2015-11-12,7,24,49,4,5,5,14,Champion,Other,Retained High-Value
1099,2015-08-13,3,6,140,3,2,2,7,Potential,Other,Retained
1100,2015-03-12,3,10,294,2,2,3,7,Potential,Other,Retained
1101,2014-12-28,3,7,368,1,2,2,5,Churned,Dairy,Churned
1102,2015-06-27,4,10,187,3,3,3,9,Potential,Fresh Produce,Retained
1103,2014-11-22,4,10,404,1,3,3,7,Potential,Bakery & Grains,Retained
1104,2015-10-27,4,10,65,4,3,3,10,Loyal,Dairy,Retained
1105,2015-05-22,2,6,223,2,1,2,5,Churned,Other,Churned
1107,2015-10-01,8,20,91,4,5,5,14,Champion,Other,Retained High-Value
1108,2015-07-30,4,12,154,3,3,4,10,Loyal,Other,Retained
1109,2015-04-06,5,12,269,2,4,4,10,Loyal,Other,Retained
1110,2015-11-20,7,18,41,5,5,5,15,Champion,Dairy,Retained High-Value
1111,2015-11-20,4,11,41,5,3,3,11,Loyal,Other,Retained
1112,2015-04-09,1,4,266,2,1,1,4,Churned,Other,Churned
1113,2015-08-05,4,11,148,3,3,3,9,Potential,Dairy,Retained
1114,2015-07-10,6,16,174,3,5,5,13,Champion,Other,Retained High-Value
1115,2015-01-22,4,8,343,1,3,2,6,Churned,Other,Churned
1116,2015-11-29,8,24,32,5,5,5,15,Champion,Other,Retained High-Value
1117,2015-05-24,1,3,221,2,1,1,4,Churned,Dairy,Churned
1118,2015-12-25,6,18,6,5,5,5,15,Champion,Beverages,Retained High-Value
1119,2015-02-04,1,2,330,1,1,1,3,Churned,Other,Churned
1120,2015-09-26,6,17,96,4,5,5,14,Champion,Other,Retained High-Value
1121,2014-03-15,1,2,656,1,1,1,3,Churned,Beverages,Churned
1122,2015-12-21,3,6,10,5,2,2,9,Potential,Meat & Snacks,Retained
1123,2015-11-12,4,11,49,4,3,3,10,Loyal,Dairy,Retained
1124,2014-08-23,2,4,495,1,1,1,3,Churned,Other,Churned
1125,2015-11-19,5,11,42,5,4,3,12,Loyal,Other,Retained
1126,2015-05-17,3,9,228,2,2,3,7,Potential,Bakery & Grains,Retained
1127,2015-10-15,4,12,77,4,3,4,11,Loyal,Other,Retained
1128,2015-07-05,4,10,179,3,3,3,9,Potential,Other,Retained
1129,2014-12-21,5,13,375,1,4,4,9,Potential,Dairy,Retained
1130,2015-09-18,4,11,104,4,3,3,10,Loyal,Dairy,Retained
1132,2015-09-22,3,10,100,4,2,3,9,Potential,Dairy,Retained
1133,2015-08-03,5,13,150,3,4,4,11,Loyal,Other,Retained
1134,2014-12-04,3,7,392,1,2,2,5,Churned,Other,Churned
1135,2015-07-10,3,10,174,3,2,3,8,Potential,Dairy,Retained
1136,2015-11-03,9,19,58,4,5,5,14,Champion,Fresh Produce,Retained High-Value
1137,2015-09-26,2,6,96,4,1,2,7,Potential,Beverages,Retained
1138,2015-09-02,3,6,120,3,2,2,7,Potential,Other,Retained
1139,2015-01-19,4,9,346,1,3,3,7,Potential,Fresh Produce,Retained
1140,2015-06-26,2,8,188,3,1,2,6,At-Risk,Other,Churned
1141,2014-12-15,4,9,381,1,3,3,7,Potential,Fresh Produce,Retained
1142,2015-06-13,4,8,201,2,3,2,7,Potential,Other,Retained
1143,2015-04-25,5,12,250,2,4,4,10,Loyal,Other,Retained
1144,2015-10-15,7,16,77,4,5,5,14,Champion,Beverages,Retained High-Value
1145,2015-10-07,3,6,85,4,2,2,8,Potential,Other,Retained
1146,2015-09-12,7,20,110,3,5,5,13,Champion,Other,Retained High-Value
1147,2014-11-16,3,6,410,1,2,2,5,Churned,Other,Churned
1148,2015-09-27,6,19,95,4,5,5,14,Champion,Beverages,Retained High-Value
1149,2015-12-12,2,7,19,5,1,2,8,Potential,Dairy,Retained
1150,2015-12-04,4,10,27,5,3,3,11,Loyal,Fresh Produce,Retained
1151,2015-09-17,2,5,105,4,1,1,6,At-Risk,Other,Churned
1152,2015-07-19,4,8,165,3,3,2,8,Potential,Other,Retained
1153,2015-12-08,6,17,23,5,5,5,15,Champion,Fresh Produce,Retained High-Value
1154,2015-05-17,3,9,228,2,2,3,7,Potential,Bakery & Grains,Retained
1155,2015-12-27,3,8,4,5,2,2,9,Potential,Dairy,Retained
1156,2015-09-13,1,2,109,3,1,1,5,At-Risk,Fresh Produce,Churned
1157,2014-10-04,2,7,453,1,1,2,4,Churned,Other,Churned
1158,2015-10-17,4,11,75,4,3,3,10,Loyal,Dairy,Retained
1159,2015-06-14,3,6,200,2,2,2,6,Churned,Fresh Produce,Churned
1160,2015-11-20,6,15,41,5,5,5,15,Champion,Dairy,Retained High-Value
1161,2015-03-14,2,7,292,2,1,2,5,Churned,Other,Churned
1162,2015-08-06,5,12,147,3,4,4,11,Loyal,Dairy,Retained
1163,2015-12-14,3,9,17,5,2,3,10,Loyal,Meat & Snacks,Retained
1164,2015-03-30,2,5,276,2,1,1,4,Churned,Fresh Produce,Churned
1165,2015-12-29,4,9,2,5,3,3,11,Loyal,Meat & Snacks,Retained
1166,2014-06-03,2,4,576,1,1,1,3,Churned,Fresh Produce,Churned
1167,2015-02-16,2,4,318,2,1,1,4,Churned,Fresh Produce,Churned
1168,2015-03-06,3,9,300,2,2,3,7,Potential,Other,Retained
1169,2014-12-15,9,21,381,1,5,5,11,Loyal,Beverages,Retained
1170,2015-12-01,7,20,30,5,5,5,15,Champion,Dairy,Retained High-Value
1171,2015-05-05,5,10,240,2,4,3,9,Potential,Beverages,Retained
1173,2015-10-22,4,9,70,4,3,3,10,Loyal,Other,Retained
1174,2015-02-11,5,11,323,2,4,3,9,Potential,Fresh Produce,Retained
1175,2015-06-30,5,19,184,3,4,5,12,Loyal,Other,Retained
1176,2015-08-17,6,14,136,3,5,4,12,Loyal,Fresh Produce,Retained
1177,2015-10-14,1,4,78,4,1,1,6,At-Risk,Other,Churned
1178,2015-11-15,4,11,46,5,3,3,11,Loyal,Other,Retained
1179,2014-09-11,2,5,476,1,1,1,3,Churned,Beverages,Churned
1180,2014-08-24,2,4,494,1,1,1,3,Churned,Dairy,Churned
1181,2015-11-16,3,8,45,5,2,2,9,Potential,Beverages,Retained
1182,2015-11-29,6,16,32,5,5,5,15,Champion,Other,Retained High-Value
1183,2015-06-29,3,16,185,3,2,5,10,Loyal,Meat & Snacks,Retained
1184,2015-06-16,2,5,198,2,1,1,4,Churned,Other,Churned
1185,2015-08-24,4,10,129,3,3,3,9,Potential,Other,Retained
1186,2015-04-26,4,9,249,2,3,3,8,Potential,Dairy,Retained
1187,2015-12-12,3,7,19,5,2,2,9,Potential,Beverages,Retained
1188,2015-01-09,3,8,356,1,2,2,5,Churned,Other,Churned
1189,2014-07-04,2,4,545,1,1,1,3,Churned,Fresh Produce,Churned
1190,2015-10-27,8,17,65,4,5,5,14,Champion,Other,Retained High-Value
1191,2015-08-08,2,6,145,3,1,2,6,At-Risk,Other,Churned
1192,2015-01-09,2,5,356,1,1,1,3,Churned,Bakery & Grains,Churned
1193,2015-11-12,2,4,49,4,1,1,6,At-Risk,Other,Churned
1194,2015-05-13,3,9,232,2,2,3,7,Potential,Beverages,Retained
1195,2015-11-04,3,6,57,4,2,2,8,Potential,Other,Retained
1196,2015-11-27,3,8,34,5,2,2,9,Potential,Fresh Produce,Retained
1197,2015-11-22,6,18,39,5,5,5,15,Champion,Other,Retained High-Value
1198,2015-01-31,3,7,334,1,2,2,5,Churned,Fresh Produce,Churned
1199,2015-12-10,4,13,21,5,3,4,12,Loyal,Other,Retained
1200,2015-09-26,3,8,96,4,2,2,8,Potential,Other,Retained
1201,2014-11-24,2,4,402,1,1,1,3,Churned,Dairy,Churned
1202,2015-07-22,4,10,162,3,3,3,9,Potential,Beverages,Retained
1204,2015-07-23,7,16,161,3,5,5,13,Champion,Other,Retained High-Value
1205,2015-03-14,3,10,292,2,2,3,7,Potential,Dairy,Retained
1206,2015-05-15,3,14,230,2,2,4,8,Potential,Fresh Produce,Retained
1207,2015-11-14,3,8,47,4,2,2,8,Potential,Other,Retained
1208,2015-12-16,5,11,15,5,4,3,12,Loyal,Beverages,Retained
1209,2014-11-11,4,9,415,1,3,3,7,Potential,Other,Retained
1211,2015-05-24,6,16,221,2,5,5,12,Loyal,Dairy,Retained
1212,2015-07-31,4,8,153,3,3,2,8,Potential,Dairy,Retained
1213,2015-09-14,3,13,108,3,2,4,9,Potential,Dairy,Retained
1214,2015-01-10,2,6,355,1,1,2,4,Churned,Other,Churned
1215,2015-01-18,3,9,347,1,2,3,6,Churned,Other,Churned
1216,2015-08-25,4,14,128,3,3,4,10,Loyal,Other,Retained
1217,2015-02-18,3,8,316,2,2,2,6,Churned,Dairy,Churned
1218,2015-12-29,7,21,2,5,5,5,15,Champion,Fresh Produce,Retained High-Value
1219,2014-10-02,2,4,455,1,1,1,3,Churned,Other,Churned
1220,2015-12-29,5,17,2,5,4,5,14,Champion,Meat & Snacks,Retained High-Value
1221,2014-11-15,1,2,411,1,1,1,3,Churned,Beverages,Churned
1222,2015-09-24,2,4,98,4,1,1,6,At-Risk,Beverages,Churned
1223,2015-11-30,4,10,31,5,3,3,11,Loyal,Other,Retained
1224,2014-09-20,2,4,467,1,1,1,3,Churned,Other,Churned
1225,2015-05-20,7,21,225,2,5,5,12,Loyal,Dairy,Retained
1226,2015-11-12,2,10,49,4,1,3,8,Potential,Bakery & Grains,Retained
1227,2014-05-08,1,2,602,1,1,1,3,Churned,Other,Churned
1228,2015-02-23,1,3,311,2,1,1,4,Churned,Other,Churned
1229,2015-03-20,3,8,286,2,2,2,6,Churned,Other,Churned
1230,2015-11-19,6,14,42,5,5,4,14,Champion,Beverages,Retained High-Value
1231,2015-10-27,7,16,65,4,5,5,14,Champion,Dairy,Retained High-Value
1232,2015-07-01,3,7,183,3,2,2,7,Potential,Beverages,Retained
1233,2015-08-13,6,19,140,3,5,5,13,Champion,Other,Retained High-Value
1234,2015-11-20,4,10,41,5,3,3,11,Loyal,Fresh Produce,Retained
1235,2015-05-29,8,19,216,2,5,5,12,Loyal,Other,Retained
1236,2015-05-11,2,5,234,2,1,1,4,Churned,Fresh Produce,Churned
1237,2015-04-09,7,20,266,2,5,5,12,Loyal,Other,Retained
1238,2015-03-01,1,2,305,2,1,1,4,Churned,Meat & Snacks,Churned
1239,2015-08-31,7,16,122,3,5,5,13,Champion,Other,Retained High-Value
1240,2015-04-14,3,13,261,2,2,4,8,Potential,Other,Retained
1241,2015-05-22,4,11,223,2,3,3,8,Potential,Other,Retained
1242,2015-12-14,6,17,17,5,5,5,15,Champion,Other,Retained High-Value
1243,2014-01-08,1,2,722,1,1,1,3,Churned,Other,Churned
1244,2014-11-25,3,8,401,1,2,2,5,Churned,Other,Churned
1245,2015-12-04,7,20,27,5,5,5,15,Champion,Other,Retained High-Value
1246,2014-12-29,4,8,367,1,3,2,6,Churned,Other,Churned
1247,2014-10-04,2,4,453,1,1,1,3,Churned,Other,Churned
1248,2015-12-15,8,16,16,5,5,5,15,Champion,Dairy,Retained High-Value
1249,2014-10-11,2,5,446,1,1,1,3,Churned,Fresh Produce,Churned
1250,2014-10-08,1,2,449,1,1,1,3,Churned,Fresh Produce,Churned
1251,2015-11-26,1,3,35,5,1,1,7,Potential,Beverages,Retained
1252,2015-04-13,3,10,262,2,2,3,7,Potential,Other,Retained
1253,2015-06-20,2,6,194,2,1,2,5,Churned,Other,Churned
1254,2015-04-19,2,5,256,2,1,1,4,Churned,Other,Churned
1255,2014-09-26,1,2,461,1,1,1,3,Churned,Beverages,Churned
1256,2015-08-29,5,12,124,3,4,4,11,Loyal,Beverages,Retained
1257,2014-09-16,2,4,471,1,1,1,3,Churned,Other,Churned
1258,2014-08-09,2,6,509,1,1,2,4,Churned,Beverages,Churned
1259,2015-11-27,6,14,34,5,5,4,14,Champion,Dairy,Retained High-Value
1260,2014-10-04,2,4,453,1,1,1,3,Churned,Other,Churned
1261,2015-05-21,2,8,224,2,1,2,5,Churned,Other,Churned
1262,2014-07-22,2,6,527,1,1,2,4,Churned,Other,Churned
1263,2014-10-19,2,4,438,1,1,1,3,Churned,Fresh Produce,Churned
1264,2015-12-07,6,17,24,5,5,5,15,Champion,Dairy,Retained High-Value
1265,2015-10-03,7,25,89,4,5,5,14,Champion,Beverages,Retained High-Value
1266,2014-08-27,1,2,491,1,1,1,3,Churned,Other,Churned
1267,2014-05-15,1,2,595,1,1,1,3,Churned,Dairy,Churned
1268,2014-10-19,4,9,438,1,3,3,7,Potential,Fresh Produce,Retained
1269,2015-09-30,5,14,92,4,4,4,12,Loyal,Bakery & Grains,Retained
1270,2015-04-25,3,6,250,2,2,2,6,Churned,Other,Churned
1272,2014-07-27,1,2,522,1,1,1,3,Churned,Other,Churned
1273,2015-05-04,2,4,241,2,1,1,4,Churned,Meat & Snacks,Churned
1274,2014-07-10,3,7,539,1,2,2,5,Churned,Other,Churned
1275,2015-10-18,10,24,74,4,5,5,14,Champion,Other,Retained High-Value
1276,2015-11-23,5,13,38,5,4,4,13,Champion,Other,Retained High-Value
1277,2015-12-01,5,15,30,5,4,5,14,Champion,Other,Retained High-Value
1278,2015-12-09,4,15,22,5,3,5,13,Champion,Fresh Produce,Retained High-Value
1279,2015-09-10,6,17,112,3,5,5,13,Champion,Dairy,Retained High-Value
1280,2015-08-12,4,8,141,3,3,2,8,Potential,Bakery & Grains,Retained
1281,2015-06-02,3,9,212,2,2,3,7,Potential,Bakery & Grains,Retained
1282,2015-11-18,5,10,43,5,4,3,12,Loyal,Other,Retained
1283,2015-11-13,7,17,48,4,5,5,14,Champion,Beverages,Retained High-Value
1284,2014-09-01,2,4,486,1,1,1,3,Churned,Bakery & Grains,Churned
1285,2015-07-21,5,14,163,3,4,4,11,Loyal,Bakery & Grains,Retained
1286,2015-08-12,7,16,141,3,5,5,13,Champion,Meat & Snacks,Retained High-Value
1287,2015-08-28,5,17,125,3,4,5,12,Loyal,Fresh Produce,Retained
1288,2014-09-28,2,7,459,1,1,2,4,Churned,Dairy,Churned
1289,2015-11-08,4,11,53,4,3,3,10,Loyal,Bakery & Grains,Retained
1290,2015-09-22,3,13,100,4,2,4,10,Loyal,Other,Retained
1291,2015-03-20,4,12,286,2,3,4,9,Potential,Other,Retained
1292,2015-10-24,2,4,68,4,1,1,6,At-Risk,Other,Churned
1293,2015-10-26,4,11,66,4,3,3,10,Loyal,Beverages,Retained
1294,2014-12-22,5,12,374,1,4,4,9,Potential,Other,Retained
1295,2015-07-23,3,8,161,3,2,2,7,Potential,Beverages,Retained
1296,2015-11-23,6,17,38,5,5,5,15,Champion,Other,Retained High-Value
1297,2014-12-13,4,9,383,1,3,3,7,Potential,Other,Retained
1298,2015-07-27,3,7,157,3,2,2,7,Potential,Bakery & Grains,Retained
1299,2015-06-03,3,8,211,2,2,2,6,Churned,Dairy,Churned
1300,2014-09-04,1,2,483,1,1,1,3,Churned,Meat & Snacks,Churned
1301,2015-11-03,3,7,58,4,2,2,8,Potential,Other,Retained
1302,2015-09-29,4,10,93,4,3,3,10,Loyal,Beverages,Retained
1303,2015-09-08,5,14,114,3,4,4,11,Loyal,Other,Retained
1304,2015-08-17,3,7,136,3,2,2,7,Potential,Fresh Produce,Retained
1305,2015-05-24,3,12,221,2,2,4,8,Potential,Fresh Produce,Retained
1306,2015-11-20,3,9,41,5,2,3,10,Loyal,Other,Retained
1307,2015-06-22,5,12,192,2,4,4,10,Loyal,Other,Retained
1308,2015-03-14,4,8,292,2,3,2,7,Potential,Bakery & Grains,Retained
1309,2015-04-01,5,11,274,2,4,3,9,Potential,Meat & Snacks,Retained
1310,2014-11-22,2,4,404,1,1,1,3,Churned,Meat & Snacks,Churned
1311,2015-06-29,3,8,185,3,2,2,7,Potential,Bakery & Grains,Retained
1312,2015-05-18,6,14,227,2,5,4,11,Loyal,Other,Retained
1313,2015-12-25,1,2,6,5,1,1,7,Potential,Fresh Produce,Retained
1314,2014-09-05,1,2,482,1,1,1,3,Churned,Other,Churned
1315,2015-11-07,3,6,54,4,2,2,8,Potential,Other,Retained
1316,2015-03-26,3,6,280,2,2,2,6,Churned,Other,Churned
1317,2014-07-26,3,6,523,1,2,2,5,Churned,Meat & Snacks,Churned
1318,2015-09-26,2,5,96,4,1,1,6,At-Risk,Dairy,Churned
1319,2015-08-18,3,9,135,3,2,3,8,Potential,Beverages,Retained
1320,2015-01-19,4,10,346,1,3,3,7,Potential,Other,Retained
1321,2015-04-13,2,5,262,2,1,1,4,Churned,Beverages,Churned
1322,2015-10-19,4,15,73,4,3,5,12,Loyal,Fresh Produce,Retained
1323,2015-11-03,3,8,58,4,2,2,8,Potential,Dairy,Retained
1324,2015-12-27,5,14,4,5,4,4,13,Champion,Other,Retained High-Value
1325,2015-05-26,3,9,219,2,2,3,7,Potential,Bakery & Grains,Retained
1326,2015-11-09,3,11,52,4,2,3,9,Potential,Other,Retained
1327,2015-08-09,8,18,144,3,5,5,13,Champion,Other,Retained High-Value
1328,2015-03-24,3,10,282,2,2,3,7,Potential,Fresh Produce,Retained
1329,2015-05-23,5,16,222,2,4,5,11,Loyal,Beverages,Retained
1330,2015-11-02,4,11,59,4,3,3,10,Loyal,Other,Retained
1331,2015-11-29,4,9,32,5,3,3,11,Loyal,Fresh Produce,Retained
1332,2015-12-02,5,15,29,5,4,5,14,Champion,Other,Retained High-Value
1333,2015-09-22,6,18,100,4,5,5,14,Champion,Other,Retained High-Value
1334,2015-06-07,2,5,207,2,1,1,4,Churned,Other,Churned
1335,2015-10-18,4,12,74,4,3,4,11,Loyal,Other,Retained
1336,2015-04-04,3,9,271,2,2,3,7,Potential,Dairy,Retained
1337,2015-12-25,2,4,6,5,1,1,7,Potential,Other,Retained
1338,2014-08-11,2,5,507,1,1,1,3,Churned,Other,Churned
1339,2015-11-28,5,13,33,5,4,4,13,Champion,Other,Retained High-Value
1340,2015-11-18,6,14,43,5,5,4,14,Champion,Other,Retained High-Value
1341,2015-10-30,4,12,62,4,3,4,11,Loyal,Other,Retained
1342,2015-02-19,5,13,315,2,4,4,10,Loyal,Other,Retained
1343,2015-11-01,4,10,60,4,3,3,10,Loyal,Dairy,Retained
1344,2015-09-04,2,6,118,3,1,2,6,At-Risk,Other,Churned
1345,2015-07-21,3,10,163,3,2,3,8,Potential,Beverages,Retained
1346,2015-05-08,3,7,237,2,2,2,6,Churned,Bakery & Grains,Churned
1347,2015-09-15,4,14,107,3,3,4,10,Loyal,Other,Retained
1348,2015-09-17,2,6,105,4,1,2,7,Potential,Other,Retained
1349,2015-12-13,4,11,18,5,3,3,11,Loyal,Other,Retained
1350,2014-09-03,2,6,484,1,1,2,4,Churned,Other,Churned
1351,2015-02-26,2,6,308,2,1,2,5,Churned,Other,Churned
1352,2014-03-03,1,2,668,1,1,1,3,Churned,Fresh Produce,Churned
1353,2015-02-09,6,21,325,1,5,5,11,Loyal,Fresh Produce,Retained
1354,2015-12-01,5,13,30,5,4,4,13,Champion,Other,Retained High-Value
1355,2015-09-19,5,13,103,4,4,4,12,Loyal,Other,Retained
1356,2015-09-08,4,10,114,3,3,3,9,Potential,Other,Retained
1357,2015-09-06,3,6,116,3,2,2,7,Potential,Beverages,Retained
1358,2015-12-29,4,12,2,5,3,4,12,Loyal,Other,Retained
1359,2014-05-29,1,4,581,1,1,1,3,Churned,Other,Churned
1360,2015-12-16,5,16,15,5,4,5,14,Champion,Other,Retained High-Value
1361,2015-09-08,7,17,114,3,5,5,13,Champion,Meat & Snacks,Retained High-Value
1362,2015-10-06,2,5,86,4,1,1,6,At-Risk,Fresh Produce,Churned
1363,2015-10-14,5,13,78,4,4,4,12,Loyal,Dairy,Retained
1364,2015-07-31,4,8,153,3,3,2,8,Potential,Other,Retained
1365,2015-11-02,6,12,59,4,5,4,13,Champion,Other,Retained High-Value
1366,2015-11-29,6,25,32,5,5,5,15,Champion,Other,Retained High-Value
1367,2015-08-05,2,5,148,3,1,1,5,At-Risk,Dairy,Churned
1368,2015-07-15,1,2,169,3,1,1,5,At-Risk,Other,Churned
1369,2014-12-01,3,8,395,1,2,2,5,Churned,Other,Churned
1370,2015-07-05,3,13,179,3,2,4,9,Potential,Fresh Produce,Retained
1371,2015-05-11,3,6,234,2,2,2,6,Churned,Fresh Produce,Churned
1372,2015-06-25,3,10,189,3,2,3,8,Potential,Other,Retained
1373,2015-07-19,3,14,165,3,2,4,9,Potential,Beverages,Retained
1374,2015-08-05,4,11,148,3,3,3,9,Potential,Other,Retained
1375,2015-10-11,1,2,81,4,1,1,6,At-Risk,Fresh Produce,Churned
1376,2015-06-30,3,7,184,3,2,2,7,Potential,Other,Retained
1377,2015-03-14,3,11,292,2,2,3,7,Potential,Dairy,Retained
1378,2015-10-12,2,4,80,4,1,1,6,At-Risk,Other,Churned
1379,2015-07-13,11,28,171,3,5,5,13,Champion,Other,Retained High-Value
1380,2015-11-21,5,11,40,5,4,3,12,Loyal,Other,Retained
1381,2015-03-23,5,15,283,2,4,5,11,Loyal,Other,Retained
1382,2015-09-29,3,6,93,4,2,2,8,Potential,Fresh Produce,Retained
1383,2015-02-23,3,6,311,2,2,2,6,Churned,Other,Churned
1384,2015-12-19,7,15,12,5,5,5,15,Champion,Dairy,Retained High-Value
1385,2015-11-26,5,15,35,5,4,5,14,Champion,Other,Retained High-Value
1386,2015-07-31,3,6,153,3,2,2,7,Potential,Beverages,Retained
1387,2014-05-31,2,6,579,1,1,2,4,Churned,Other,Churned
1388,2015-04-03,3,7,272,2,2,2,6,Churned,Bakery & Grains,Churned
1389,2015-02-18,3,8,316,2,2,2,6,Churned,Other,Churned
1390,2015-03-02,3,12,304,2,2,4,8,Potential,Bakery & Grains,Retained
1391,2015-08-21,6,13,132,3,5,4,12,Loyal,Beverages,Retained
1392,2015-04-20,3,6,255,2,2,2,6,Churned,Dairy,Churned
1393,2014-08-26,3,7,492,1,2,2,5,Churned,Other,Churned
1394,2015-05-24,2,4,221,2,1,1,4,Churned,Beverages,Churned
1395,2015-10-12,8,23,80,4,5,5,14,Champion,Other,Retained High-Value
1396,2015-07-22,2,8,162,3,1,2,6,At-Risk,Other,Churned
1397,2015-12-21,1,2,10,5,1,1,7,Potential,Other,Retained
1398,2015-04-15,2,8,260,2,1,2,5,Churned,Other,Churned
1399,2014-12-10,4,9,386,1,3,3,7,Potential,Fresh Produce,Retained
1400,2014-10-11,1,2,446,1,1,1,3,Churned,Fresh Produce,Churned
1401,2015-05-29,2,4,216,2,1,1,4,Churned,Beverages,Churned
1402,2014-10-14,1,4,443,1,1,1,3,Churned,Bakery & Grains,Churned
1403,2015-05-16,4,10,229,2,3,3,8,Potential,Other,Retained
1404,2015-05-03,5,18,242,2,4,5,11,Loyal,Dairy,Retained
1405,2015-02-28,2,6,306,2,1,2,5,Churned,Fresh Produce,Churned
1406,2015-12-28,2,12,3,5,1,4,10,Loyal,Other,Retained
1407,2015-07-29,6,23,155,3,5,5,13,Champion,Other,Retained High-Value
1408,2015-07-23,3,7,161,3,2,2,7,Potential,Other,Retained
1409,2015-07-28,3,6,156,3,2,2,7,Potential,Dairy,Retained
1410,2015-11-08,10,27,53,4,5,5,14,Champion,Meat & Snacks,Retained High-Value
1411,2015-02-20,2,4,314,2,1,1,4,Churned,Other,Churned
1412,2015-11-16,4,12,45,5,3,4,12,Loyal,Dairy,Retained
1413,2014-12-14,3,7,382,1,2,2,5,Churned,Other,Churned
1414,2015-05-24,1,2,221,2,1,1,4,Churned,Fresh Produce,Churned
1415,2014-12-28,2,4,368,1,1,1,3,Churned,Meat & Snacks,Churned
1416,2015-08-22,6,14,131,3,5,4,12,Loyal,Other,Retained
1417,2015-09-18,5,10,104,4,4,3,11,Loyal,Dairy,Retained
1418,2014-12-02,3,7,394,1,2,2,5,Churned,Other,Churned
1419,2015-04-07,5,15,268,2,4,5,11,Loyal,Meat & Snacks,Retained
1420,2015-12-08,4,11,23,5,3,3,11,Loyal,Dairy,Retained
1421,2015-08-07,4,11,146,3,3,3,9,Potential,Beverages,Retained
1422,2015-10-04,7,19,88,4,5,5,14,Champion,Meat & Snacks,Retained High-Value
1423,2014-10-13,2,6,444,1,1,2,4,Churned,Other,Churned
1424,2015-10-09,3,6,83,4,2,2,8,Potential,Other,Retained
1425,2015-09-24,4,10,98,4,3,3,10,Loyal,Fresh Produce,Retained
1426,2015-07-08,5,10,176,3,4,3,10,Loyal,Dairy,Retained
1427,2015-11-26,6,16,35,5,5,5,15,Champion,Dairy,Retained High-Value
1428,2015-01-18,5,13,347,1,4,4,9,Potential,Fresh Produce,Retained
1429,2015-02-07,2,5,327,1,1,1,3,Churned,Beverages,Churned
1430,2015-12-17,6,16,14,5,5,5,15,Champion,Beverages,Retained High-Value
1431,2015-11-07,4,9,54,4,3,3,10,Loyal,Bakery & Grains,Retained
1432,2015-08-04,4,11,149,3,3,3,9,Potential,Other,Retained
1433,2014-09-22,1,4,465,1,1,1,3,Churned,Other,Churned
1434,2014-11-28,3,8,398,1,2,2,5,Churned,Other,Churned
1435,2015-04-24,5,15,251,2,4,5,11,Loyal,Other,Retained
1436,2015-03-01,1,2,305,2,1,1,4,Churned,Other,Churned
1437,2015-08-15,2,4,138,3,1,1,5,At-Risk,Dairy,Churned
1438,2015-11-28,6,17,33,5,5,5,15,Champion,Other,Retained High-Value
1439,2015-08-13,1,3,140,3,1,1,5,At-Risk,Meat & Snacks,Churned
1440,2015-12-06,6,12,25,5,5,4,14,Champion,Dairy,Retained High-Value
1442,2015-08-31,6,13,122,3,5,4,12,Loyal,Other,Retained
1443,2015-10-09,4,11,83,4,3,3,10,Loyal,Other,Retained
1444,2015-12-29,6,20,2,5,5,5,15,Champion,Dairy,Retained High-Value
1445,2014-05-02,3,6,608,1,2,2,5,Churned,Bakery & Grains,Churned
1446,2014-09-02,3,8,485,1,2,2,5,Churned,Other,Churned
1447,2014-06-05,1,3,574,1,1,1,3,Churned,Fresh Produce,Churned
1448,2015-03-19,2,4,287,2,1,1,4,Churned,Other,Churned
1449,2015-10-03,4,9,89,4,3,3,10,Loyal,Fresh Produce,Retained
1450,2015-11-16,6,16,45,5,5,5,15,Champion,Other,Retained High-Value
1451,2015-01-27,2,6,338,1,1,2,4,Churned,Beverages,Churned
1452,2015-11-25,6,15,36,5,5,5,15,Champion,Other,Retained High-Value
1453,2014-11-21,2,4,405,1,1,1,3,Churned,Fresh Produce,Churned
1454,2015-10-22,4,11,70,4,3,3,10,Loyal,Other,Retained
1455,2015-03-18,1,2,288,2,1,1,4,Churned,Other,Churned
1456,2015-11-20,6,18,41,5,5,5,15,Champion,Other,Retained High-Value
1457,2015-01-09,6,12,356,1,5,4,10,Loyal,Other,Retained
1458,2015-08-24,3,7,129,3,2,2,7,Potential,Bakery & Grains,Retained
1459,2015-07-18,1,4,166,3,1,1,5,At-Risk,Other,Churned
1460,2015-06-24,3,10,190,2,2,3,7,Potential,Other,Retained
1461,2015-12-21,3,8,10,5,2,2,9,Potential,Fresh Produce,Retained
1462,2014-09-24,2,4,463,1,1,1,3,Churned,Other,Churned
1463,2015-12-24,3,6,7,5,2,2,9,Potential,Fresh Produce,Retained
1464,2015-06-03,2,5,211,2,1,1,4,Churned,Meat & Snacks,Churned
1465,2015-11-09,7,17,52,4,5,5,14,Champion,Other,Retained High-Value
1466,2015-12-01,9,23,30,5,5,5,15,Champion,Fresh Produce,Retained High-Value
1467,2015-08-20,2,5,133,3,1,1,5,At-Risk,Meat & Snacks,Churned
1468,2015-10-09,6,15,83,4,5,5,14,Champion,Other,Retained High-Value
1469,2014-08-28,1,2,490,1,1,1,3,Churned,Beverages,Churned
1470,2014-06-11,1,2,568,1,1,1,3,Churned,Fresh Produce,Churned
1471,2014-08-21,2,4,497,1,1,1,3,Churned,Dairy,Churned
1472,2015-09-19,6,16,103,4,5,5,14,Champion,Beverages,Retained High-Value
1473,2015-10-02,4,10,90,4,3,3,10,Loyal,Beverages,Retained
1474,2015-07-29,5,12,155,3,4,4,11,Loyal,Meat & Snacks,Retained
1475,2015-12-17,4,10,14,5,3,3,11,Loyal,Bakery & Grains,Retained
1476,2015-08-26,6,13,127,3,5,4,12,Loyal,Beverages,Retained
1477,2015-11-20,6,17,41,5,5,5,15,Champion,Other,Retained High-Value
1478,2015-02-12,4,8,322,2,3,2,7,Potential,Other,Retained
1479,2015-05-15,4,14,230,2,3,4,9,Potential,Fresh Produce,Retained
1480,2015-11-21,6,13,40,5,5,4,14,Champion,Fresh Produce,Retained High-Value
1481,2015-06-04,2,4,210,2,1,1,4,Churned,Fresh Produce,Churned
1482,2015-11-22,6,20,39,5,5,5,15,Champion,Other,Retained High-Value
1483,2015-06-27,8,20,187,3,5,5,13,Champion,Other,Retained High-Value
1484,2015-10-07,3,8,85,4,2,2,8,Potential,Dairy,Retained
1485,2015-07-12,2,4,172,3,1,1,5,At-Risk,Meat & Snacks,Churned
1486,2015-12-14,6,17,17,5,5,5,15,Champion,Other,Retained High-Value
1487,2014-11-02,2,7,424,1,1,2,4,Churned,Fresh Produce,Churned
1488,2015-11-28,4,8,33,5,3,2,10,Loyal,Other,Retained
1489,2015-06-23,5,13,191,2,4,4,10,Loyal,Other,Retained
1490,2015-10-04,2,4,88,4,1,1,6,At-Risk,Other,Churned
1491,2015-12-30,5,11,1,5,4,3,12,Loyal,Other,Retained
1492,2015-01-29,5,11,336,1,4,3,8,Potential,Dairy,Retained
1493,2015-10-01,6,15,91,4,5,5,14,Champion,Fresh Produce,Retained High-Value
1494,2015-09-29,6,16,93,4,5,5,14,Champion,Bakery & Grains,Retained High-Value
1495,2015-01-09,3,9,356,1,2,3,6,Churned,Fresh Produce,Churned
1496,2014-04-26,1,2,614,1,1,1,3,Churned,Fresh Produce,Churned
1497,2015-10-10,4,9,82,4,3,3,10,Loyal,Other,Retained
1498,2015-10-28,4,8,64,4,3,2,9,Potential,Bakery & Grains,Retained
1499,2015-11-09,5,10,52,4,4,3,11,Loyal,Other,Retained
1500,2015-03-21,6,16,285,2,5,5,12,Loyal,Beverages,Retained
1501,2015-08-17,4,10,136,3,3,3,9,Potential,Meat & Snacks,Retained
1502,2015-10-31,2,7,61,4,1,2,7,Potential,Other,Retained
1503,2015-08-17,3,9,136,3,2,3,8,Potential,Meat & Snacks,Retained
1504,2015-11-30,5,11,31,5,4,3,12,Loyal,Other,Retained
1505,2015-10-27,2,8,65,4,1,2,7,Potential,Other,Retained
1506,2014-12-25,2,5,371,1,1,1,3,Churned,Fresh Produce,Churned
1507,2015-06-22,5,16,192,2,4,5,11,Loyal,Other,Retained
1508,2015-11-15,4,8,46,5,3,2,10,Loyal,Other,Retained
1509,2015-12-30,6,18,1,5,5,5,15,Champion,Beverages,Retained High-Value
1510,2015-10-25,7,18,67,4,5,5,14,Champion,Fresh Produce,Retained High-Value
1511,2015-03-22,2,4,284,2,1,1,4,Churned,Other,Churned
1512,2015-09-20,4,10,102,4,3,3,10,Loyal,Beverages,Retained
1513,2015-11-12,3,10,49,4,2,3,9,Potential,Other,Retained
1514,2015-08-24,5,10,129,3,4,3,10,Loyal,Beverages,Retained
1515,2015-11-28,6,13,33,5,5,4,14,Champion,Fresh Produce,Retained High-Value
1516,2015-01-28,2,4,337,1,1,1,3,Churned,Other,Churned
1517,2015-08-01,4,10,152,3,3,3,9,Potential,Meat & Snacks,Retained
1518,2015-12-11,3,7,20,5,2,2,9,Potential,Fresh Produce,Retained
1519,2014-10-28,1,2,429,1,1,1,3,Churned,Dairy,Churned
1520,2015-02-26,3,6,308,2,2,2,6,Churned,Other,Churned
1521,2014-12-26,2,6,370,1,1,2,4,Churned,Other,Churned
1522,2014-12-24,7,19,372,1,5,5,11,Loyal,Dairy,Retained
1523,2015-03-28,3,10,278,2,2,3,7,Potential,Beverages,Retained
1524,2015-12-05,4,10,26,5,3,3,11,Loyal,Other,Retained
1525,2014-10-25,2,5,432,1,1,1,3,Churned,Other,Churned
1526,2015-11-26,5,11,35,5,4,3,12,Loyal,Fresh Produce,Retained
1527,2015-12-30,5,14,1,5,4,4,13,Champion,Dairy,Retained High-Value
1528,2015-09-15,4,8,107,3,3,2,8,Potential,Fresh Produce,Retained
1529,2015-06-17,3,7,197,2,2,2,6,Churned,Other,Churned
1530,2014-10-11,2,5,446,1,1,1,3,Churned,Bakery & Grains,Churned
1531,2015-01-19,2,4,346,1,1,1,3,Churned,Other,Churned
1532,2015-06-20,2,6,194,2,1,2,5,Churned,Dairy,Churned
1533,2015-11-07,3,6,54,4,2,2,8,Potential,Other,Retained
1534,2015-08-13,4,18,140,3,3,5,11,Loyal,Bakery & Grains,Retained
1535,2015-07-03,4,8,181,3,3,2,8,Potential,Dairy,Retained
1536,2015-05-02,3,8,243,2,2,2,6,Churned,Fresh Produce,Churned
1537,2015-02-01,2,5,333,1,1,1,3,Churned,Fresh Produce,Churned
1538,2015-11-30,3,6,31,5,2,2,9,Potential,Meat & Snacks,Retained
1539,2015-09-27,2,5,95,4,1,1,6,At-Risk,Other,Churned
1540,2015-11-26,4,12,35,5,3,4,12,Loyal,Bakery & Grains,Retained
1542,2015-08-07,6,13,146,3,5,4,12,Loyal,Other,Retained
1544,2015-02-25,4,9,309,2,3,3,8,Potential,Other,Retained
1545,2015-10-17,3,7,75,4,2,2,8,Potential,Other,Retained
1546,2015-01-03,3,9,362,1,2,3,6,Churned,Other,Churned
1547,2015-04-18,3,7,257,2,2,2,6,Churned,Dairy,Churned
1548,2014-10-01,3,6,456,1,2,2,5,Churned,Other,Churned
1549,2015-03-18,3,9,288,2,2,3,7,Potential,Dairy,Retained
1550,2015-05-14,3,7,231,2,2,2,6,Churned,Other,Churned
1551,2015-08-11,6,13,142,3,5,4,12,Loyal,Other,Retained
1552,2014-01-09,1,2,721,1,1,1,3,Churned,Other,Churned
1553,2015-07-21,6,14,163,3,5,4,12,Loyal,Other,Retained
1554,2015-05-21,5,15,224,2,4,5,11,Loyal,Other,Retained
1555,2015-03-27,1,2,279,2,1,1,4,Churned,Bakery & Grains,Churned
1556,2014-05-31,1,2,579,1,1,1,3,Churned,Other,Churned
1557,2015-08-04,2,4,149,3,1,1,5,At-Risk,Dairy,Churned
1558,2015-04-06,1,2,269,2,1,1,4,Churned,Other,Churned
1559,2015-10-03,2,7,89,4,1,2,7,Potential,Fresh Produce,Retained
1560,2014-05-16,1,2,594,1,1,1,3,Churned,Other,Churned
1561,2015-07-25,7,20,159,3,5,5,13,Champion,Other,Retained High-Value
1562,2015-05-11,3,6,234,2,2,2,6,Churned,Beverages,Churned
1563,2014-04-27,2,5,613,1,1,1,3,Churned,Other,Churned
1564,2015-10-23,4,8,69,4,3,2,9,Potential,Fresh Produce,Retained
1565,2015-12-14,6,19,17,5,5,5,15,Champion,Other,Retained High-Value
1566,2015-11-19,9,21,42,5,5,5,15,Champion,Other,Retained High-Value
1567,2015-04-11,4,17,264,2,3,5,10,Loyal,Other,Retained
1568,2014-03-09,2,4,662,1,1,1,3,Churned,Other,Churned
1569,2014-05-20,3,8,590,1,2,2,5,Churned,Bakery & Grains,Churned
1570,2015-03-20,2,5,286,2,1,1,4,Churned,Other,Churned
1571,2015-05-24,2,8,221,2,1,2,5,Churned,Beverages,Churned
1572,2015-09-21,7,20,101,4,5,5,14,Champion,Other,Retained High-Value
1573,2015-01-21,3,6,344,1,2,2,5,Churned,Dairy,Churned
1574,2015-08-04,10,23,149,3,5,5,13,Champion,Bakery & Grains,Retained High-Value
1575,2015-01-04,5,10,361,1,4,3,8,Potential,Other,Retained
1577,2015-03-16,1,2,290,2,1,1,4,Churned,Other,Churned
1578,2015-06-23,4,8,191,2,3,2,7,Potential,Dairy,Retained
1579,2014-06-15,1,2,564,1,1,1,3,Churned,Beverages,Churned
1580,2015-12-05,7,16,26,5,5,5,15,Champion,Dairy,Retained High-Value
1581,2015-08-13,3,6,140,3,2,2,7,Potential,Other,Retained
1582,2015-08-06,3,6,147,3,2,2,7,Potential,Other,Retained
1583,2015-11-23,6,21,38,5,5,5,15,Champion,Other,Retained High-Value
1584,2015-07-10,5,16,174,3,4,5,12,Loyal,Bakery & Grains,Retained
1585,2015-01-07,4,8,358,1,3,2,6,Churned,Beverages,Churned
1586,2014-05-02,2,6,608,1,1,2,4,Churned,Fresh Produce,Churned
1587,2015-07-01,5,13,183,3,4,4,11,Loyal,Other,Retained
1588,2015-10-13,3,8,79,4,2,2,8,Potential,Other,Retained
1589,2014-08-27,2,4,491,1,1,1,3,Churned,Dairy,Churned
1590,2015-08-15,3,6,138,3,2,2,7,Potential,Fresh Produce,Retained
1591,2015-03-20,4,10,286,2,3,3,8,Potential,Beverages,Retained
1592,2014-11-28,1,2,398,1,1,1,3,Churned,Bakery & Grains,Churned
1593,2015-08-08,3,7,145,3,2,2,7,Potential,Beverages,Retained
1594,2015-01-23,3,6,342,1,2,2,5,Churned,Other,Churned
1595,2015-10-05,7,22,87,4,5,5,14,Champion,Fresh Produce,Retained High-Value
1596,2015-07-14,4,10,170,3,3,3,9,Potential,Other,Retained
1597,2015-02-05,4,8,329,1,3,2,6,Churned,Other,Churned
1598,2015-03-02,3,7,304,2,2,2,6,Churned,Other,Churned
1599,2015-10-13,5,14,79,4,4,4,12,Loyal,Meat & Snacks,Retained
1601,2015-12-09,3,6,22,5,2,2,9,Potential,Other,Retained
1602,2015-08-29,7,14,124,3,5,4,12,Loyal,Dairy,Retained
1603,2015-09-30,5,15,92,4,4,5,13,Champion,Bakery & Grains,Retained High-Value
1604,2015-11-11,4,8,50,4,3,2,9,Potential,Other,Retained
1605,2015-07-06,5,11,178,3,4,3,10,Loyal,Fresh Produce,Retained
1606,2015-11-11,4,8,50,4,3,2,9,Potential,Beverages,Retained
1607,2014-10-12,2,6,445,1,1,2,4,Churned,Fresh Produce,Churned
1608,2015-11-13,6,18,48,4,5,5,14,Champion,Fresh Produce,Retained High-Value
1609,2015-12-17,6,15,14,5,5,5,15,Champion,Fresh Produce,Retained High-Value
1610,2015-05-26,2,6,219,2,1,2,5,Churned,Beverages,Churned
1611,2015-04-04,3,10,271,2,2,3,7,Potential,Meat & Snacks,Retained
1612,2015-11-06,6,16,55,4,5,5,14,Champion,Dairy,Retained High-Value
1613,2015-08-25,7,15,128,3,5,5,13,Champion,Fresh Produce,Retained High-Value
1614,2015-10-21,2,4,71,4,1,1,6,At-Risk,Beverages,Churned
1615,2015-12-03,4,12,28,5,3,4,12,Loyal,Other,Retained
1616,2015-12-08,6,13,23,5,5,4,14,Champion,Meat & Snacks,Retained High-Value
1617,2015-03-30,4,9,276,2,3,3,8,Potential,Other,Retained
1618,2015-08-02,7,16,151,3,5,5,13,Champion,Dairy,Retained High-Value
1619,2015-10-29,4,11,63,4,3,3,10,Loyal,Other,Retained
1620,2015-08-20,5,11,133,3,4,3,10,Loyal,Other,Retained
1621,2015-02-20,5,14,314,2,4,4,10,Loyal,Meat & Snacks,Retained
1622,2015-03-11,4,10,295,2,3,3,8,Potential,Beverages,Retained
1623,2015-11-02,5,12,59,4,4,4,12,Loyal,Beverages,Retained
1624,2015-12-22,3,9,9,5,2,3,10,Loyal,Other,Retained
1625,2015-11-27,7,18,34,5,5,5,15,Champion,Beverages,Retained High-Value
1626,2015-02-18,1,2,316,2,1,1,4,Churned,Bakery & Grains,Churned
1627,2015-04-11,3,9,264,2,2,3,7,Potential,Other,Retained
1628,2015-11-19,6,15,42,5,5,5,15,Champion,Other,Retained High-Value
1629,2015-06-08,3,6,206,2,2,2,6,Churned,Dairy,Churned
1630,2015-05-22,2,4,223,2,1,1,4,Churned,Bakery & Grains,Churned
1631,2015-08-14,2,5,139,3,1,1,5,At-Risk,Dairy,Churned
1632,2015-12-15,6,14,16,5,5,4,14,Champion,Other,Retained High-Value
1633,2015-08-09,2,6,144,3,1,2,6,At-Risk,Other,Churned
1634,2015-12-03,6,19,28,5,5,5,15,Champion,Other,Retained High-Value
1635,2015-11-25,3,6,36,5,2,2,9,Potential,Other,Retained
1636,2015-12-05,6,12,26,5,5,4,14,Champion,Other,Retained High-Value
1638,2015-03-12,2,8,294,2,1,2,5,Churned,Other,Churned
1639,2015-10-10,3,7,82,4,2,2,8,Potential,Other,Retained
1640,2014-03-08,2,4,663,1,1,1,3,Churned,Other,Churned
1641,2015-06-23,5,12,191,2,4,4,10,Loyal,Other,Retained
1642,2014-09-28,1,2,459,1,1,1,3,Churned,Beverages,Churned
1643,2015-04-28,2,4,247,2,1,1,4,Churned,Dairy,Churned
1644,2014-07-13,2,5,536,1,1,1,3,Churned,Fresh Produce,Churned
1645,2014-10-05,2,5,452,1,1,1,3,Churned,Other,Churned
1646,2015-08-28,7,17,125,3,5,5,13,Champion,Dairy,Retained High-Value
1647,2015-12-20,3,7,11,5,2,2,9,Potential,Meat & Snacks,Retained
1648,2015-05-01,4,10,244,2,3,3,8,Potential,Other,Retained
1649,2015-11-29,7,18,32,5,5,5,15,Champion,Meat & Snacks,Retained High-Value
1650,2014-06-27,2,6,552,1,1,2,4,Churned,Bakery & Grains,Churned
1651,2015-12-17,7,16,14,5,5,5,15,Champion,Other,Retained High-Value
1652,2015-03-17,5,12,289,2,4,4,10,Loyal,Fresh Produce,Retained
1653,2015-12-07,6,18,24,5,5,5,15,Champion,Other,Retained High-Value
1654,2015-11-09,9,23,52,4,5,5,14,Champion,Other,Retained High-Value
1655,2015-11-20,4,9,41,5,3,3,11,Loyal,Bakery & Grains,Retained
1656,2015-10-30,4,12,62,4,3,4,11,Loyal,Bakery & Grains,Retained
1657,2014-05-12,3,6,598,1,2,2,5,Churned,Other,Churned
1658,2015-09-03,5,12,119,3,4,4,11,Loyal,Fresh Produce,Retained
1659,2015-11-30,7,15,31,5,5,5,15,Champion,Other,Retained High-Value
1660,2015-07-26,3,7,158,3,2,2,7,Potential,Fresh Produce,Retained
1661,2015-11-08,6,17,53,4,5,5,14,Champion,Other,Retained High-Value
1662,2015-06-12,2,5,202,2,1,1,4,Churned,Bakery & Grains,Churned
1663,2015-11-11,4,13,50,4,3,4,11,Loyal,Bakery & Grains,Retained
1664,2015-04-01,3,10,274,2,2,3,7,Potential,Beverages,Retained
1665,2015-11-29,3,6,32,5,2,2,9,Potential,Beverages,Retained
1666,2015-04-15,2,4,260,2,1,1,4,Churned,Other,Churned
1667,2015-01-12,1,2,353,1,1,1,3,Churned,Other,Churned
1668,2015-08-21,4,11,132,3,3,3,9,Potential,Other,Retained
1669,2015-08-19,1,9,134,3,1,3,7,Potential,Meat & Snacks,Retained
1670,2015-11-22,3,9,39,5,2,3,10,Loyal,Beverages,Retained
1672,2015-10-07,3,6,85,4,2,2,8,Potential,Other,Retained
1673,2014-04-08,1,2,632,1,1,1,3,Churned,Fresh Produce,Churned
1674,2015-12-04,4,12,27,5,3,4,12,Loyal,Beverages,Retained
1676,2015-10-11,4,10,81,4,3,3,10,Loyal,Beverages,Retained
1677,2015-12-09,5,11,22,5,4,3,12,Loyal,Other,Retained
1678,2015-11-14,4,8,47,4,3,2,9,Potential,Other,Retained
1679,2015-12-08,4,11,23,5,3,3,11,Loyal,Other,Retained
1680,2014-12-10,3,6,386,1,2,2,5,Churned,Other,Churned
1681,2014-07-06,2,6,543,1,1,2,4,Churned,Dairy,Churned
1682,2015-11-01,7,20,60,4,5,5,14,Champion,Other,Retained High-Value
1683,2015-08-20,2,5,133,3,1,1,5,At-Risk,Other,Churned
1684,2015-01-03,3,8,362,1,2,2,5,Churned,Other,Churned
1685,2015-08-18,4,8,135,3,3,2,8,Potential,Beverages,Retained
1686,2014-05-15,3,7,595,1,2,2,5,Churned,Other,Churned
1687,2014-10-17,5,11,440,1,4,4,9,Potential,Other,Retained
1688,2015-11-10,1,2,51,4,1,1,6,At-Risk,Fresh Produce,Churned
1689,2014-12-09,2,5,387,1,1,1,3,Churned,Meat & Snacks,Churned
1690,2015-08-21,6,16,132,3,5,5,13,Champion,Fresh Produce,Retained High-Value
1692,2015-06-28,6,15,186,3,5,5,13,Champion,Fresh Produce,Retained High-Value
1693,2015-12-27,4,12,4,5,3,4,12,Loyal,Other,Retained
1694,2014-10-01,2,6,456,1,1,2,4,Churned,Dairy,Churned
1695,2015-02-04,1,2,330,1,1,1,3,Churned,Other,Churned
1696,2015-10-04,6,13,88,4,5,4,13,Champion,Other,Retained High-Value
1697,2015-11-17,6,15,44,5,5,5,15,Champion,Dairy,Retained High-Value
1698,2015-07-22,3,9,162,3,2,3,8,Potential,Dairy,Retained
1699,2015-09-25,4,10,97,4,3,3,10,Loyal,Other,Retained
1700,2015-10-30,2,4,62,4,1,1,6,At-Risk,Fresh Produce,Churned
1701,2015-05-17,1,2,228,2,1,1,4,Churned,Other,Churned
1702,2015-01-14,5,13,351,1,4,4,9,Potential,Dairy,Retained
1703,2015-02-21,3,14,313,2,2,4,8,Potential,Other,Retained
1705,2015-10-12,4,8,80,4,3,2,9,Potential,Other,Retained
1706,2015-08-14,4,14,139,3,3,4,10,Loyal,Dairy,Retained
1707,2015-06-09,2,4,205,2,1,1,4,Churned,Beverages,Churned
1708,2015-12-28,4,16,3,5,3,5,13,Champion,Dairy,Retained High-Value
1709,2015-04-22,2,4,253,2,1,1,4,Churned,Other,Churned
1710,2015-12-05,3,6,26,5,2,2,9,Potential,Other,Retained
1711,2015-11-22,8,19,39,5,5,5,15,Champion,Other,Retained High-Value
1712,2014-08-30,2,5,488,1,1,1,3,Churned,Other,Churned
1714,2015-08-02,2,5,151,3,1,1,5,At-Risk,Other,Churned
1715,2015-07-04,6,17,180,3,5,5,13,Champion,Other,Retained High-Value
1716,2014-08-16,3,8,502,1,2,2,5,Churned,Dairy,Churned
1717,2015-11-09,3,8,52,4,2,2,8,Potential,Fresh Produce,Retained
1718,2015-03-14,3,7,292,2,2,2,6,Churned,Dairy,Churned
1719,2015-09-17,5,13,105,4,4,4,12,Loyal,Other,Retained
1720,2015-12-05,2,7,26,5,1,2,8,Potential,Other,Retained
1721,2015-10-15,2,6,77,4,1,2,7,Potential,Beverages,Retained
1722,2015-08-27,6,14,126,3,5,4,12,Loyal,Beverages,Retained
1723,2015-12-08,4,10,23,5,3,3,11,Loyal,Other,Retained
1724,2015-09-09,4,11,113,3,3,4,10,Loyal,Fresh Produce,Retained
1725,2014-10-27,3,6,430,1,2,2,5,Churned,Meat & Snacks,Churned
1726,2015-12-26,5,13,5,5,4,4,13,Champion,Beverages,Retained High-Value
1727,2015-07-18,2,6,166,3,1,2,6,At-Risk,Other,Churned
1728,2015-08-15,3,7,138,3,2,2,7,Potential,Other,Retained
1729,2015-12-15,6,15,16,5,5,5,15,Champion,Fresh Produce,Retained High-Value
1730,2015-12-25,4,8,6,5,3,2,10,Loyal,Other,Retained
1731,2015-11-20,6,12,41,5,5,4,14,Champion,Other,Retained High-Value
1732,2015-05-29,3,7,216,2,2,2,6,Churned,Fresh Produce,Churned
1733,2015-06-23,4,17,191,2,3,5,10,Loyal,Other,Retained
1734,2015-07-13,6,17,171,3,5,5,13,Champion,Fresh Produce,Retained High-Value
1735,2014-08-06,2,5,512,1,1,1,3,Churned,Other,Churned
1736,2015-08-29,5,12,124,3,4,4,11,Loyal,Beverages,Retained
1737,2015-09-05,6,21,117,3,5,5,13,Champion,Meat & Snacks,Retained High-Value
1738,2014-10-01,4,8,456,1,3,2,6,Churned,Other,Churned
1739,2015-05-31,2,4,214,2,1,1,4,Churned,Bakery & Grains,Churned
1740,2014-11-21,7,16,405,1,5,5,11,Loyal,Other,Retained
1741,2015-12-20,6,13,11,5,5,4,14,Champion,Other,Retained High-Value
1742,2015-12-12,4,9,19,5,3,3,11,Loyal,Meat & Snacks,Retained
1743,2015-11-13,4,14,48,4,3,4,11,Loyal,Meat & Snacks,Retained
1744,2015-09-28,2,4,94,4,1,1,6,At-Risk,Beverages,Churned
1745,2014-03-22,1,2,649,1,1,1,3,Churned,Dairy,Churned
1746,2015-10-14,5,10,78,4,4,3,11,Loyal,Other,Retained
1747,2014-12-17,5,11,379,1,4,4,9,Potential,Meat & Snacks,Retained
1748,2015-03-08,5,19,298,2,4,5,11,Loyal,Fresh Produce,Retained
1749,2015-01-04,3,8,361,1,2,2,5,Churned,Other,Churned
1750,2015-02-08,5,12,326,1,4,4,9,Potential,Meat & Snacks,Retained
1751,2015-03-25,4,10,281,2,3,3,8,Potential,Other,Retained
1752,2015-04-19,5,10,256,2,4,3,9,Potential,Dairy,Retained
1753,2015-08-21,7,17,132,3,5,5,13,Champion,Other,Retained High-Value
1754,2015-09-17,5,14,105,4,4,4,12,Loyal,Other,Retained
1755,2014-06-04,2,4,575,1,1,1,3,Churned,Dairy,Churned
1756,2015-09-23,4,9,99,4,3,3,10,Loyal,Dairy,Retained
1757,2015-12-23,4,15,8,5,3,5,13,Champion,Dairy,Retained High-Value
1758,2015-02-26,3,14,308,2,2,4,8,Potential,Bakery & Grains,Retained
1759,2015-09-26,3,12,96,4,2,4,10,Loyal,Beverages,Retained
1760,2015-01-23,3,8,342,1,2,2,5,Churned,Other,Churned
1761,2015-10-02,7,18,90,4,5,5,14,Champion,Dairy,Retained High-Value
1762,2015-07-01,2,4,183,3,1,1,5,At-Risk,Fresh Produce,Churned
1763,2015-12-27,3,7,4,5,2,2,9,Potential,Beverages,Retained
1764,2015-11-15,5,11,46,5,4,4,13,Champion,Other,Retained High-Value
1765,2015-03-11,3,8,295,2,2,2,6,Churned,Other,Churned
1766,2015-01-21,2,5,344,1,1,1,3,Churned,Other,Churned
1767,2015-10-24,6,12,68,4,5,4,13,Champion,Meat & Snacks,Retained High-Value
1768,2015-09-04,7,20,118,3,5,5,13,Champion,Other,Retained High-Value
1769,2015-12-30,2,5,1,5,1,1,7,Potential,Beverages,Retained
1770,2015-11-19,5,10,42,5,4,3,12,Loyal,Fresh Produce,Retained
1771,2015-03-23,3,6,283,2,2,2,6,Churned,Beverages,Churned
1772,2015-11-02,4,8,59,4,3,2,9,Potential,Other,Retained
1773,2015-11-01,4,9,60,4,3,3,10,Loyal,Other,Retained
1774,2015-08-07,5,12,146,3,4,4,11,Loyal,Dairy,Retained
1775,2015-10-11,1,2,81,4,1,1,6,At-Risk,Fresh Produce,Churned
1776,2015-04-15,6,14,260,2,5,4,11,Loyal,Dairy,Retained
1777,2015-12-03,7,20,28,5,5,5,15,Champion,Other,Retained High-Value
1778,2014-12-22,3,6,374,1,2,2,5,Churned,Fresh Produce,Churned
1779,2015-10-28,3,9,64,4,2,3,9,Potential,Other,Retained
1780,2015-10-13,5,21,79,4,4,5,13,Champion,Dairy,Retained High-Value
1781,2015-06-06,3,6,208,2,2,2,6,Churned,Fresh Produce,Churned
1782,2015-10-10,6,13,82,4,5,4,13,Champion,Other,Retained High-Value
1783,2015-07-07,6,18,177,3,5,5,13,Champion,Dairy,Retained High-Value
1784,2015-09-26,3,7,96,4,2,2,8,Potential,Other,Retained
1785,2015-12-21,7,20,10,5,5,5,15,Champion,Other,Retained High-Value
1786,2015-02-10,3,6,324,2,2,2,6,Churned,Other,Churned
1787,2015-10-31,3,13,61,4,2,4,10,Loyal,Other,Retained
1788,2015-12-20,7,16,11,5,5,5,15,Champion,Dairy,Retained High-Value
1789,2015-10-22,5,10,70,4,4,3,11,Loyal,Other,Retained
1790,2015-03-29,2,4,277,2,1,1,4,Churned,Fresh Produce,Churned
1791,2014-10-02,3,8,455,1,2,2,5,Churned,Dairy,Churned
1792,2015-08-15,3,13,138,3,2,4,9,Potential,Beverages,Retained
1793,2015-12-04,10,25,27,5,5,5,15,Champion,Meat & Snacks,Retained High-Value
1794,2015-09-17,2,5,105,4,1,1,6,At-Risk,Beverages,Churned
1795,2015-04-03,2,4,272,2,1,1,4,Churned,Dairy,Churned
1796,2015-11-03,6,14,58,4,5,4,13,Champion,Other,Retained High-Value
1797,2014-11-14,5,11,412,1,4,4,9,Potential,Fresh Produce,Retained
1798,2015-01-01,8,17,364,1,5,5,11,Loyal,Bakery & Grains,Retained
1799,2015-09-27,4,9,95,4,3,3,10,Loyal,Bakery & Grains,Retained
1800,2015-07-31,4,12,153,3,3,4,10,Loyal,Other,Retained
1801,2015-06-12,5,11,202,2,4,4,10,Loyal,Other,Retained
1803,2015-05-12,4,9,233,2,3,3,8,Potential,Other,Retained
1804,2015-11-30,3,9,31,5,2,3,10,Loyal,Other,Retained
1805,2015-06-09,3,7,205,2,2,2,6,Churned,Other,Churned
1806,2015-07-06,2,11,178,3,1,4,8,Potential,Other,Retained
1807,2015-12-18,3,6,13,5,2,2,9,Potential,Other,Retained
1808,2015-07-21,4,10,163,3,3,3,9,Potential,Other,Retained
1809,2014-10-27,2,6,430,1,1,2,4,Churned,Other,Churned
1810,2014-10-13,4,12,444,1,3,4,8,Potential,Dairy,Retained
1811,2015-09-23,7,18,99,4,5,5,14,Champion,Fresh Produce,Retained High-Value
1812,2015-10-14,1,4,78,4,1,1,6,At-Risk,Other,Churned
1813,2014-12-01,1,3,395,1,1,1,3,Churned,Other,Churned
1814,2015-11-20,6,12,41,5,5,4,14,Champion,Meat & Snacks,Retained High-Value
1815,2015-08-30,5,11,123,3,4,4,11,Loyal,Other,Retained
1816,2014-08-21,4,10,497,1,3,3,7,Potential,Dairy,Retained
1817,2015-08-21,5,12,132,3,4,4,11,Loyal,Bakery & Grains,Retained
1818,2015-09-10,4,10,112,3,3,3,9,Potential,Other,Retained
1819,2015-12-18,5,17,13,5,4,5,14,Champion,Fresh Produce,Retained High-Value
1820,2015-04-07,5,10,268,2,4,3,9,Potential,Fresh Produce,Retained
1821,2015-05-21,3,8,224,2,2,2,6,Churned,Beverages,Churned
1822,2015-03-03,4,13,303,2,3,4,9,Potential,Other,Retained
1823,2015-11-27,3,11,34,5,2,4,11,Loyal,Bakery & Grains,Retained
1824,2015-11-01,4,9,60,4,3,3,10,Loyal,Dairy,Retained
1825,2015-11-21,4,13,40,5,3,4,12,Loyal,Other,Retained
1826,2014-12-19,1,2,377,1,1,1,3,Churned,Meat & Snacks,Churned
1827,2015-07-01,9,23,183,3,5,5,13,Champion,Bakery & Grains,Retained High-Value
1828,2015-03-24,3,9,282,2,2,3,7,Potential,Other,Retained
1829,2015-06-19,4,9,195,2,3,3,8,Potential,Bakery & Grains,Retained
1830,2015-01-16,2,4,349,1,1,1,3,Churned,Fresh Produce,Churned
1831,2015-01-09,3,7,356,1,2,2,5,Churned,Dairy,Churned
1832,2015-11-17,6,16,44,5,5,5,15,Champion,Beverages,Retained High-Value
1833,2015-07-24,4,10,160,3,3,3,9,Potential,Fresh Produce,Retained
1834,2015-11-22,3,7,39,5,2,2,9,Potential,Other,Retained
1835,2015-06-22,4,10,192,2,3,3,8,Potential,Bakery & Grains,Retained
1836,2015-09-08,3,6,114,3,2,2,7,Potential,Dairy,Retained
1837,2015-07-09,4,12,175,3,3,4,10,Loyal,Fresh Produce,Retained
1838,2015-03-25,4,10,281,2,3,3,8,Potential,Other,Retained
1839,2015-10-09,5,11,83,4,4,4,12,Loyal,Other,Retained
1840,2014-12-28,2,5,368,1,1,1,3,Churned,Fresh Produce,Churned
1841,2015-05-10,2,4,235,2,1,1,4,Churned,Other,Churned
1842,2015-02-23,3,6,311,2,2,2,6,Churned,Other,Churned
1843,2015-12-06,4,9,25,5,3,3,11,Loyal,Beverages,Retained
1844,2015-11-13,6,15,48,4,5,5,14,Champion,Dairy,Retained High-Value
1845,2015-08-07,3,7,146,3,2,2,7,Potential,Dairy,Retained
1846,2015-11-29,5,12,32,5,4,4,13,Champion,Meat & Snacks,Retained High-Value
1847,2015-04-17,4,9,258,2,3,3,8,Potential,Bakery & Grains,Retained
1848,2015-07-06,4,8,178,3,3,2,8,Potential,Dairy,Retained
1849,2015-06-25,3,8,189,3,2,2,7,Potential,Other,Retained
1850,2015-03-11,4,8,295,2,3,2,7,Potential,Other,Retained
1851,2015-07-11,4,10,173,3,3,3,9,Potential,Fresh Produce,Retained
1852,2014-09-08,4,10,479,1,3,3,7,Potential,Fresh Produce,Retained
1853,2015-05-31,4,9,214,2,3,3,8,Potential,Fresh Produce,Retained
1854,2015-07-26,3,6,158,3,2,2,7,Potential,Beverages,Retained
1855,2015-11-09,4,13,52,4,3,4,11,Loyal,Fresh Produce,Retained
1856,2015-10-26,4,8,66,4,3,2,9,Potential,Bakery & Grains,Retained
1857,2015-09-10,2,5,112,3,1,1,5,At-Risk,Fresh Produce,Churned
1858,2015-04-25,2,5,250,2,1,1,4,Churned,Bakery & Grains,Churned
1859,2015-05-28,5,11,217,2,4,4,10,Loyal,Other,Retained
1860,2014-07-26,2,4,523,1,1,1,3,Churned,Bakery & Grains,Churned
1861,2015-08-12,2,5,141,3,1,1,5,At-Risk,Fresh Produce,Churned
1862,2015-09-05,5,15,117,3,4,5,12,Loyal,Other,Retained
1863,2015-08-04,4,14,149,3,3,4,10,Loyal,Beverages,Retained
1864,2015-09-27,4,8,95,4,3,2,9,Potential,Dairy,Retained
1865,2015-12-03,6,14,28,5,5,4,14,Champion,Other,Retained High-Value
1866,2015-11-08,7,18,53,4,5,5,14,Champion,Other,Retained High-Value
1867,2015-03-29,4,11,277,2,3,4,9,Potential,Other,Retained
1868,2014-11-01,3,7,425,1,2,2,5,Churned,Fresh Produce,Churned
1869,2015-05-16,4,11,229,2,3,4,9,Potential,Fresh Produce,Retained
1870,2015-09-09,8,25,113,3,5,5,13,Champion,Fresh Produce,Retained High-Value
1871,2014-12-14,1,2,382,1,1,1,3,Churned,Fresh Produce,Churned
1872,2015-08-24,3,10,129,3,2,3,8,Potential,Dairy,Retained
1873,2015-09-19,3,6,103,4,2,2,8,Potential,Bakery & Grains,Retained
1874,2015-07-29,4,9,155,3,3,3,9,Potential,Meat & Snacks,Retained
1875,2015-07-29,2,5,155,3,1,1,5,At-Risk,Beverages,Churned
1876,2015-06-16,1,2,198,2,1,1,4,Churned,Other,Churned
1877,2014-09-30,4,11,457,1,3,4,8,Potential,Other,Retained
1878,2015-11-27,9,21,34,5,5,5,15,Champion,Fresh Produce,Retained High-Value
1879,2014-11-08,4,8,418,1,3,2,6,Churned,Other,Churned
1880,2015-09-15,2,4,107,3,1,1,5,At-Risk,Other,Churned
1881,2015-10-15,5,11,77,4,4,4,12,Loyal,Fresh Produce,Retained
1882,2015-09-25,3,6,97,4,2,2,8,Potential,Other,Retained
1883,2015-11-05,5,10,56,4,4,3,11,Loyal,Meat & Snacks,Retained
1884,2015-12-11,2,12,20,5,1,4,10,Loyal,Other,Retained
1885,2015-12-25,4,11,6,5,3,4,12,Loyal,Beverages,Retained
1886,2015-12-02,2,4,29,5,1,1,7,Potential,Other,Retained
1887,2015-11-09,7,22,52,4,5,5,14,Champion,Other,Retained High-Value
1888,2015-06-06,6,14,208,2,5,4,11,Loyal,Dairy,Retained
1889,2015-08-28,8,18,125,3,5,5,13,Champion,Other,Retained High-Value
1890,2015-05-27,4,8,218,2,3,2,7,Potential,Bakery & Grains,Retained
1891,2014-07-05,2,6,544,1,1,2,4,Churned,Other,Churned
1892,2015-11-20,6,15,41,5,5,5,15,Champion,Dairy,Retained High-Value
1893,2015-04-04,4,8,271,2,3,2,7,Potential,Other,Retained
1894,2015-10-03,4,14,89,4,3,4,11,Loyal,Fresh Produce,Retained
1895,2014-11-23,6,13,403,1,5,4,10,Loyal,Other,Retained
1896,2014-12-16,4,12,380,1,3,4,8,Potential,Beverages,Retained
1897,2015-01-25,4,8,340,1,3,2,6,Churned,Other,Churned
1898,2014-11-11,1,2,415,1,1,1,3,Churned,Other,Churned
1899,2015-10-24,5,12,68,4,4,4,12,Loyal,Beverages,Retained
1900,2015-09-24,4,10,98,4,3,3,10,Loyal,Beverages,Retained
1901,2015-11-29,3,12,32,5,2,4,11,Loyal,Fresh Produce,Retained
1902,2015-12-01,3,7,30,5,2,2,9,Potential,Other,Retained
1903,2015-03-10,4,10,296,2,3,3,8,Potential,Other,Retained
1904,2015-04-18,3,6,257,2,2,2,6,Churned,Beverages,Churned
1905,2015-10-18,9,26,74,4,5,5,14,Champion,Other,Retained High-Value
1907,2015-07-19,2,5,165,3,1,1,5,At-Risk,Other,Churned
1908,2015-07-26,10,20,158,3,5,5,13,Champion,Other,Retained High-Value
1909,2015-08-31,2,7,122,3,1,2,6,At-Risk,Meat & Snacks,Churned
1910,2015-10-30,5,10,62,4,4,3,11,Loyal,Other,Retained
1911,2015-06-02,2,7,212,2,1,2,5,Churned,Bakery & Grains,Churned
1912,2015-08-22,3,6,131,3,2,2,7,Potential,Other,Retained
1913,2015-08-18,5,16,135,3,4,5,12,Loyal,Other,Retained
1914,2015-06-04,3,7,210,2,2,2,6,Churned,Other,Churned
1915,2015-08-07,2,4,146,3,1,1,5,At-Risk,Beverages,Churned
1916,2015-11-16,3,7,45,5,2,2,9,Potential,Fresh Produce,Retained
1917,2015-07-29,5,11,155,3,4,4,11,Loyal,Other,Retained
1918,2015-09-29,2,4,93,4,1,1,6,At-Risk,Other,Churned
1919,2015-08-18,2,4,135,3,1,1,5,At-Risk,Other,Churned
1920,2015-02-16,2,6,318,2,1,2,5,Churned,Fresh Produce,Churned
1921,2015-11-11,7,14,50,4,5,4,13,Champion,Other,Retained High-Value
1922,2015-10-07,9,19,85,4,5,5,14,Champion,Fresh Produce,Retained High-Value
1923,2015-12-06,6,12,25,5,5,4,14,Champion,Fresh Produce,Retained High-Value
1924,2015-11-17,6,14,44,5,5,4,14,Champion,Other,Retained High-Value
1925,2014-06-03,1,2,576,1,1,1,3,Churned,Other,Churned
1926,2015-10-16,3,6,76,4,2,2,8,Potential,Meat & Snacks,Retained
1927,2015-05-15,2,6,230,2,1,2,5,Churned,Other,Churned
1928,2015-09-17,3,9,105,4,2,3,9,Potential,Other,Retained
1929,2015-07-10,7,21,174,3,5,5,13,Champion,Other,Retained High-Value
1930,2015-11-15,6,13,46,5,5,4,14,Champion,Beverages,Retained High-Value
1931,2015-10-09,6,16,83,4,5,5,14,Champion,Fresh Produce,Retained High-Value
1932,2015-09-07,9,20,115,3,5,5,13,Champion,Other,Retained High-Value
1933,2014-10-21,1,2,436,1,1,1,3,Churned,Other,Churned
1934,2015-08-06,5,19,147,3,4,5,12,Loyal,Fresh Produce,Retained
1935,2014-08-28,4,11,490,1,3,4,8,Potential,Other,Retained
1936,2015-08-15,2,6,138,3,1,2,6,At-Risk,Other,Churned
1937,2015-10-17,5,13,75,4,4,4,12,Loyal,Other,Retained
1938,2015-05-08,4,10,237,2,3,3,8,Potential,Fresh Produce,Retained
1939,2015-10-30,5,14,62,4,4,4,12,Loyal,Bakery & Grains,Retained
1940,2015-11-18,5,11,43,5,4,4,13,Champion,Other,Retained High-Value
1941,2015-09-16,2,5,106,3,1,1,5,At-Risk,Bakery & Grains,Churned
1942,2014-10-15,2,4,442,1,1,1,3,Churned,Other,Churned
1943,2015-09-30,5,20,92,4,4,5,13,Champion,Other,Retained High-Value
1944,2015-08-31,2,4,122,3,1,1,5,At-Risk,Meat & Snacks,Churned
1945,2015-04-30,5,14,245,2,4,4,10,Loyal,Dairy,Retained
1946,2015-12-08,6,12,23,5,5,4,14,Champion,Dairy,Retained High-Value
1947,2014-07-16,3,9,533,1,2,3,6,Churned,Other,Churned
1948,2015-08-25,6,22,128,3,5,5,13,Champion,Fresh Produce,Retained High-Value
1949,2015-07-22,6,15,162,3,5,5,13,Champion,Other,Retained High-Value
1950,2015-11-11,5,10,50,4,4,3,11,Loyal,Other,Retained
1951,2015-10-22,3,6,70,4,2,2,8,Potential,Other,Retained
1952,2015-11-23,2,10,38,5,1,3,9,Potential,Beverages,Retained
1953,2015-03-09,1,4,297,2,1,1,4,Churned,Meat & Snacks,Churned
1954,2015-08-06,3,11,147,3,2,4,9,Potential,Other,Retained
1955,2015-02-13,4,8,321,2,3,2,7,Potential,Other,Retained
1956,2014-01-13,1,2,717,1,1,1,3,Churned,Other,Churned
1957,2015-01-31,2,4,334,1,1,1,3,Churned,Other,Churned
1958,2015-07-03,2,7,181,3,1,2,6,At-Risk,Other,Churned
1959,2015-12-13,7,19,18,5,5,5,15,Champion,Bakery & Grains,Retained High-Value
1960,2015-01-09,1,4,356,1,1,1,3,Churned,Meat & Snacks,Churned
1961,2015-12-15,6,12,16,5,5,4,14,Champion,Other,Retained High-Value
1962,2015-06-08,3,10,206,2,2,3,7,Potential,Beverages,Retained
1963,2015-12-30,1,2,1,5,1,1,7,Potential,Fresh Produce,Retained
1964,2014-12-01,4,10,395,1,3,3,7,Potential,Other,Retained
1965,2015-08-04,2,4,149,3,1,1,5,At-Risk,Other,Churned
1966,2014-10-23,7,16,434,1,5,5,11,Loyal,Other,Retained
1967,2015-10-27,6,15,65,4,5,5,14,Champion,Fresh Produce,Retained High-Value
1968,2015-10-03,4,11,89,4,3,4,11,Loyal,Other,Retained
1969,2015-07-23,5,14,161,3,4,4,11,Loyal,Fresh Produce,Retained
1970,2014-06-11,4,9,568,1,3,3,7,Potential,Fresh Produce,Retained
1971,2015-09-18,3,8,104,4,2,2,8,Potential,Other,Retained
1972,2015-06-02,2,5,212,2,1,1,4,Churned,Beverages,Churned
1973,2015-10-24,1,2,68,4,1,1,6,At-Risk,Meat & Snacks,Churned
1974,2015-05-03,1,5,242,2,1,1,4,Churned,Other,Churned
1975,2015-09-26,2,4,96,4,1,1,6,At-Risk,Bakery & Grains,Churned
1976,2015-10-14,1,3,78,4,1,1,6,At-Risk,Fresh Produce,Churned
1977,2015-01-12,1,3,353,1,1,1,3,Churned,Dairy,Churned
1978,2015-03-06,3,6,300,2,2,2,6,Churned,Dairy,Churned
1979,2015-11-21,8,17,40,5,5,5,15,Champion,Other,Retained High-Value
1980,2015-10-15,5,10,77,4,4,3,11,Loyal,Fresh Produce,Retained
1981,2015-10-31,2,4,61,4,1,1,6,At-Risk,Dairy,Churned
1982,2015-12-14,3,7,17,5,2,2,9,Potential,Other,Retained
1983,2015-08-09,7,16,144,3,5,5,13,Champion,Dairy,Retained High-Value
1985,2015-11-26,3,8,35,5,2,2,9,Potential,Other,Retained
1987,2015-10-15,3,9,77,4,2,3,9,Potential,Bakery & Grains,Retained
1988,2015-09-08,2,6,114,3,1,2,6,At-Risk,Other,Churned
1989,2015-09-09,1,2,113,3,1,1,5,At-Risk,Beverages,Churned
1990,2015-08-01,3,6,152,3,2,2,7,Potential,Bakery & Grains,Retained
1991,2015-12-09,9,23,22,5,5,5,15,Champion,Beverages,Retained High-Value
1992,2015-08-28,3,8,125,3,2,2,7,Potential,Meat & Snacks,Retained
1993,2015-07-08,3,9,176,3,2,3,8,Potential,Bakery & Grains,Retained
1994,2015-10-05,3,14,87,4,2,4,10,Loyal,Beverages,Retained
1995,2015-06-12,5,17,202,2,4,5,11,Loyal,Dairy,Retained
1996,2015-05-10,4,10,235,2,3,3,8,Potential,Dairy,Retained
1997,2015-12-28,6,21,3,5,5,5,15,Champion,Other,Retained High-Value
1998,2015-05-18,9,27,227,2,5,5,12,Loyal,Other,Retained
1999,2015-08-24,4,16,129,3,3,5,11,Loyal,Other,Retained
2000,2015-08-23,2,7,130,3,1,2,6,At-Risk,Other,Churned
2001,2015-09-09,7,20,113,3,5,5,13,Champion,Dairy,Retained High-Value
2002,2015-10-20,1,7,72,4,1,2,7,Potential,Other,Retained
2003,2015-11-23,2,6,38,5,1,2,8,Potential,Other,Retained
2004,2015-08-21,5,13,132,3,4,4,11,Loyal,Fresh Produce,Retained
2005,2015-09-22,4,13,100,4,3,4,11,Loyal,Beverages,Retained
2006,2015-12-08,2,4,23,5,1,1,7,Potential,Other,Retained
2007,2015-11-23,2,6,38,5,1,2,8,Potential,Other,Retained
2008,2015-10-21,3,6,71,4,2,2,8,Potential,Beverages,Retained
2009,2015-10-11,3,6,81,4,2,2,8,Potential,Bakery & Grains,Retained
2010,2015-12-19,4,12,12,5,3,4,12,Loyal,Dairy,Retained
2011,2015-12-23,8,18,8,5,5,5,15,Champion,Other,Retained High-Value
2012,2015-03-29,2,4,277,2,1,1,4,Churned,Beverages,Churned
2013,2015-08-30,3,7,123,3,2,2,7,Potential,Dairy,Retained
2014,2015-06-23,8,19,191,2,5,5,12,Loyal,Dairy,Retained
2015,2015-05-12,2,4,233,2,1,1,4,Churned,Beverages,Churned
2016,2015-08-15,2,4,138,3,1,1,5,At-Risk,Other,Churned
2017,2015-10-23,7,16,69,4,5,5,14,Champion,Dairy,Retained High-Value
2018,2015-08-25,5,13,128,3,4,4,11,Loyal,Bakery & Grains,Retained
2019,2015-11-14,7,18,47,4,5,5,14,Champion,Fresh Produce,Retained High-Value
2020,2015-11-19,3,9,42,5,2,3,10,Loyal,Meat & Snacks,Retained
2021,2015-01-12,1,2,353,1,1,1,3,Churned,Other,Churned
2022,2015-07-22,6,23,162,3,5,5,13,Champion,Other,Retained High-Value
2023,2015-08-31,3,7,122,3,2,2,7,Potential,Fresh Produce,Retained
2024,2014-07-21,2,4,528,1,1,1,3,Churned,Other,Churned
2025,2014-11-13,3,8,413,1,2,2,5,Churned,Other,Churned
2026,2014-11-14,2,4,412,1,1,1,3,Churned,Other,Churned
2027,2014-10-09,2,5,448,1,1,1,3,Churned,Dairy,Churned
2028,2015-12-20,6,13,11,5,5,4,14,Champion,Other,Retained High-Value
2029,2015-07-08,5,11,176,3,4,4,11,Loyal,Beverages,Retained
2030,2015-09-04,3,7,118,3,2,2,7,Potential,Other,Retained
2031,2015-02-26,4,14,308,2,3,4,9,Potential,Other,Retained
2032,2015-07-28,2,7,156,3,1,2,6,At-Risk,Other,Churned
2033,2015-02-14,4,11,320,2,3,4,9,Potential,Other,Retained
2034,2015-10-11,3,6,81,4,2,2,8,Potential,Other,Retained
2035,2015-12-23,3,11,8,5,2,4,11,Loyal,Bakery & Grains,Retained
2036,2014-08-27,3,6,491,1,2,2,5,Churned,Beverages,Churned
2037,2015-04-19,3,8,256,2,2,2,6,Churned,Dairy,Churned
2038,2015-05-17,5,10,228,2,4,3,9,Potential,Bakery & Grains,Retained
2039,2015-09-22,2,4,100,4,1,1,6,At-Risk,Other,Churned
2040,2015-10-07,6,15,85,4,5,5,14,Champion,Other,Retained High-Value
2041,2015-09-24,7,15,98,4,5,5,14,Champion,Other,Retained High-Value
2042,2015-11-19,6,14,42,5,5,4,14,Champion,Fresh Produce,Retained High-Value
2043,2015-04-21,5,16,254,2,4,5,11,Loyal,Other,Retained
2044,2015-12-16,4,9,15,5,3,3,11,Loyal,Dairy,Retained
2045,2015-12-07,7,15,24,5,5,5,15,Champion,Beverages,Retained High-Value
2046,2015-08-21,2,5,132,3,1,1,5,At-Risk,Beverages,Churned
2047,2015-12-20,5,12,11,5,4,4,13,Champion,Other,Retained High-Value
2048,2015-12-16,6,12,15,5,5,4,14,Champion,Other,Retained High-Value
2049,2015-10-07,4,9,85,4,3,3,10,Loyal,Dairy,Retained
2050,2015-06-28,2,4,186,3,1,1,5,At-Risk,Bakery & Grains,Churned
2051,2015-11-14,8,33,47,4,5,5,14,Champion,Other,Retained High-Value
2053,2015-09-21,3,8,101,4,2,2,8,Potential,Beverages,Retained
2054,2015-12-15,3,12,16,5,2,4,11,Loyal,Other,Retained
2055,2015-11-08,7,17,53,4,5,5,14,Champion,Beverages,Retained High-Value
2056,2015-11-24,6,18,37,5,5,5,15,Champion,Other,Retained High-Value
2057,2015-11-13,2,5,48,4,1,1,6,At-Risk,Other,Churned
2058,2015-06-04,4,12,210,2,3,4,9,Potential,Fresh Produce,Retained
2059,2014-09-07,4,9,480,1,3,3,7,Potential,Other,Retained
2060,2015-07-26,2,5,158,3,1,1,5,At-Risk,Meat & Snacks,Churned
2061,2015-12-27,4,11,4,5,3,4,12,Loyal,Meat & Snacks,Retained
2062,2015-09-22,3,8,100,4,2,2,8,Potential,Other,Retained
2063,2015-11-27,6,13,34,5,5,4,14,Champion,Other,Retained High-Value
2064,2015-08-21,3,8,132,3,2,2,7,Potential,Other,Retained
2065,2015-01-22,6,14,343,1,5,4,10,Loyal,Fresh Produce,Retained
2066,2015-05-21,4,12,224,2,3,4,9,Potential,Other,Retained
2067,2015-08-12,4,9,141,3,3,3,9,Potential,Dairy,Retained
2068,2015-06-07,5,12,207,2,4,4,10,Loyal,Other,Retained
2069,2015-07-02,5,10,182,3,4,3,10,Loyal,Fresh Produce,Retained
2070,2015-12-19,9,24,12,5,5,5,15,Champion,Other,Retained High-Value
2071,2015-10-14,4,10,78,4,3,3,10,Loyal,Other,Retained
2072,2015-11-28,5,13,33,5,4,4,13,Champion,Other,Retained High-Value
2073,2015-06-18,4,9,196,2,3,3,8,Potential,Dairy,Retained
2074,2015-12-20,4,11,11,5,3,4,12,Loyal,Other,Retained
2075,2015-01-20,3,6,345,1,2,2,5,Churned,Fresh Produce,Churned
2076,2015-12-04,4,8,27,5,3,2,10,Loyal,Meat & Snacks,Retained
2077,2015-05-15,4,15,230,2,3,5,10,Loyal,Other,Retained
2078,2015-10-16,2,6,76,4,1,2,7,Potential,Beverages,Retained
2079,2015-07-19,5,14,165,3,4,4,11,Loyal,Other,Retained
2080,2015-04-21,2,5,254,2,1,1,4,Churned,Other,Churned
2081,2015-01-22,3,10,343,1,2,3,6,Churned,Other,Churned
2082,2015-11-23,4,10,38,5,3,3,11,Loyal,Dairy,Retained
2083,2015-11-07,4,12,54,4,3,4,11,Loyal,Other,Retained
2084,2015-08-15,2,4,138,3,1,1,5,At-Risk,Other,Churned
2085,2015-04-22,4,8,253,2,3,2,7,Potential,Dairy,Retained
2086,2015-06-02,6,20,212,2,5,5,12,Loyal,Fresh Produce,Retained
2087,2015-04-09,4,10,266,2,3,3,8,Potential,Other,Retained
2088,2015-02-09,2,5,325,1,1,1,3,Churned,Other,Churned
2089,2015-10-31,7,16,61,4,5,5,14,Champion,Bakery & Grains,Retained High-Value
2091,2015-10-19,4,11,73,4,3,4,11,Loyal,Other,Retained
2092,2015-11-06,5,17,55,4,4,5,13,Champion,Meat & Snacks,Retained High-Value
2093,2015-06-12,6,16,202,2,5,5,12,Loyal,Other,Retained
2094,2014-05-07,3,6,603,1,2,2,5,Churned,Dairy,Churned
2095,2015-09-29,2,6,93,4,1,2,7,Potential,Bakery & Grains,Retained
2096,2015-01-25,1,2,340,1,1,1,3,Churned,Meat & Snacks,Churned
2097,2015-10-01,3,11,91,4,2,4,10,Loyal,Other,Retained
2098,2014-10-20,2,7,437,1,1,2,4,Churned,Fresh Produce,Churned
2100,2015-10-13,6,15,79,4,5,5,14,Champion,Dairy,Retained High-Value
2101,2015-12-20,4,11,11,5,3,4,12,Loyal,Fresh Produce,Retained
2102,2015-05-10,5,12,235,2,4,4,10,Loyal,Dairy,Retained
2103,2015-03-11,1,2,295,2,1,1,4,Churned,Other,Churned
2104,2015-10-20,4,9,72,4,3,3,10,Loyal,Beverages,Retained
2105,2015-01-21,2,5,344,1,1,1,3,Churned,Other,Churned
2106,2015-11-24,5,12,37,5,4,4,13,Champion,Fresh Produce,Retained High-Value
2107,2015-11-27,6,19,34,5,5,5,15,Champion,Dairy,Retained High-Value
2108,2015-10-01,3,7,91,4,2,2,8,Potential,Other,Retained
2109,2015-10-28,4,10,64,4,3,3,10,Loyal,Other,Retained
2110,2015-07-29,3,8,155,3,2,2,7,Potential,Dairy,Retained
2111,2015-02-25,4,8,309,2,3,2,7,Potential,Beverages,Retained
2112,2014-06-06,2,4,573,1,1,1,3,Churned,Other,Churned
2113,2015-09-07,3,8,115,3,2,2,7,Potential,Dairy,Retained
2114,2015-11-06,3,6,55,4,2,2,8,Potential,Beverages,Retained
2115,2015-11-18,3,7,43,5,2,2,9,Potential,Other,Retained
2116,2015-08-29,2,4,124,3,1,1,5,At-Risk,Fresh Produce,Churned
2117,2015-11-07,3,13,54,4,2,4,10,Loyal,Other,Retained
2118,2015-07-18,2,5,166,3,1,1,5,At-Risk,Other,Churned
2119,2015-09-24,3,8,98,4,2,2,8,Potential,Other,Retained
2120,2015-10-07,7,14,85,4,5,4,13,Champion,Beverages,Retained High-Value
2121,2014-11-03,2,4,423,1,1,1,3,Churned,Beverages,Churned
2122,2015-04-07,4,10,268,2,3,3,8,Potential,Other,Retained
2123,2014-06-06,1,3,573,1,1,1,3,Churned,Other,Churned
2125,2015-06-25,2,6,189,3,1,2,6,At-Risk,Dairy,Churned
2126,2014-04-27,1,2,613,1,1,1,3,Churned,Fresh Produce,Churned
2127,2015-11-19,5,12,42,5,4,4,13,Champion,Dairy,Retained High-Value
2128,2015-08-10,5,11,143,3,4,4,11,Loyal,Other,Retained
2129,2015-08-11,6,16,142,3,5,5,13,Champion,Other,Retained High-Value
2131,2015-08-27,6,12,126,3,5,4,12,Loyal,Beverages,Retained
2132,2014-12-19,5,11,377,1,4,4,9,Potential,Other,Retained
2133,2015-08-05,7,16,148,3,5,5,13,Champion,Fresh Produce,Retained High-Value
2134,2015-09-26,3,7,96,4,2,2,8,Potential,Beverages,Retained
2135,2015-01-25,2,8,340,1,1,2,4,Churned,Other,Churned
2136,2015-02-10,1,2,324,2,1,1,4,Churned,Beverages,Churned
2137,2014-04-25,2,4,615,1,1,1,3,Churned,Other,Churned
2138,2015-03-04,7,18,302,2,5,5,12,Loyal,Fresh Produce,Retained
2139,2015-04-16,5,12,259,2,4,4,10,Loyal,Fresh Produce,Retained
2140,2015-12-30,3,6,1,5,2,2,9,Potential,Dairy,Retained
2141,2015-03-08,4,9,298,2,3,3,8,Potential,Dairy,Retained
2142,2015-06-25,5,19,189,3,4,5,12,Loyal,Other,Retained
2143,2015-07-25,3,7,159,3,2,2,7,Potential,Dairy,Retained
2144,2015-01-05,5,10,360,1,4,3,8,Potential,Meat & Snacks,Retained
2145,2015-12-12,2,5,19,5,1,1,7,Potential,Beverages,Retained
2146,2015-06-20,3,6,194,2,2,2,6,Churned,Meat & Snacks,Churned
2147,2015-11-12,4,9,49,4,3,3,10,Loyal,Fresh Produce,Retained
2148,2015-07-19,5,10,165,3,4,3,10,Loyal,Beverages,Retained
2149,2015-05-23,4,9,222,2,3,3,8,Potential,Other,Retained
2151,2015-09-29,5,11,93,4,4,4,12,Loyal,Other,Retained
2152,2015-09-03,5,12,119,3,4,4,11,Loyal,Other,Retained
2153,2014-12-14,2,4,382,1,1,1,3,Churned,Other,Churned
2154,2015-03-15,5,11,291,2,4,4,10,Loyal,Bakery & Grains,Retained
2155,2014-11-11,4,8,415,1,3,2,6,Churned,Beverages,Churned
2156,2015-08-07,4,9,146,3,3,3,9,Potential,Other,Retained
2157,2015-10-29,4,11,63,4,3,4,11,Loyal,Other,Retained
2158,2015-08-01,2,11,152,3,1,4,8,Potential,Other,Retained
2159,2015-07-17,3,8,167,3,2,2,7,Potential,Fresh Produce,Retained
2160,2015-10-06,6,12,86,4,5,4,13,Champion,Bakery & Grains,Retained High-Value
2161,2014-09-24,2,4,463,1,1,1,3,Churned,Beverages,Churned
2162,2015-06-19,3,10,195,2,2,3,7,Potential,Other,Retained
2164,2015-11-24,9,25,37,5,5,5,15,Champion,Other,Retained High-Value
2165,2015-09-06,6,12,116,3,5,4,12,Loyal,Beverages,Retained
2166,2015-12-10,6,15,21,5,5,5,15,Champion,Fresh Produce,Retained High-Value
2167,2015-12-08,4,9,23,5,3,3,11,Loyal,Beverages,Retained
2168,2015-11-25,3,7,36,5,2,2,9,Potential,Dairy,Retained
2169,2015-11-01,5,11,60,4,4,4,12,Loyal,Other,Retained
2170,2015-06-18,3,10,196,2,2,3,7,Potential,Fresh Produce,Retained
2171,2015-09-03,6,18,119,3,5,5,13,Champion,Bakery & Grains,Retained High-Value
2172,2015-03-02,2,5,304,2,1,1,4,Churned,Dairy,Churned
2173,2015-08-11,2,4,142,3,1,1,5,At-Risk,Fresh Produce,Churned
2174,2014-09-18,3,7,469,1,2,2,5,Churned,Dairy,Churned
2175,2015-03-06,6,13,300,2,5,4,11,Loyal,Other,Retained
2176,2015-08-08,5,13,145,3,4,4,11,Loyal,Dairy,Retained
2177,2014-10-02,3,6,455,1,2,2,5,Churned,Meat & Snacks,Churned
2178,2015-12-20,5,11,11,5,4,4,13,Champion,Meat & Snacks,Retained High-Value
2179,2015-04-16,1,4,259,2,1,1,4,Churned,Other,Churned
2180,2014-12-18,2,5,378,1,1,1,3,Churned,Dairy,Churned
2181,2015-06-23,3,7,191,2,2,2,6,Churned,Beverages,Churned
2183,2014-12-29,3,7,367,1,2,2,5,Churned,Fresh Produce,Churned
2184,2015-12-07,8,24,24,5,5,5,15,Champion,Dairy,Retained High-Value
2185,2015-10-11,4,11,81,4,3,4,11,Loyal,Bakery & Grains,Retained
2186,2015-09-01,6,20,121,3,5,5,13,Champion,Fresh Produce,Retained High-Value
2187,2015-08-16,3,6,137,3,2,2,7,Potential,Other,Retained
2188,2015-11-28,4,10,33,5,3,3,11,Loyal,Dairy,Retained
2190,2015-10-11,2,6,81,4,1,2,7,Potential,Fresh Produce,Retained
2191,2015-11-10,4,10,51,4,3,3,10,Loyal,Other,Retained
2192,2015-02-10,2,5,324,2,1,1,4,Churned,Other,Churned
2193,2015-09-30,11,27,92,4,5,5,14,Champion,Beverages,Retained High-Value
2194,2015-06-05,5,15,209,2,4,5,11,Loyal,Other,Retained
2195,2015-07-10,4,8,174,3,3,2,8,Potential,Beverages,Retained
2196,2015-10-09,5,14,83,4,4,4,12,Loyal,Dairy,Retained
2197,2014-07-06,1,2,543,1,1,1,3,Churned,Other,Churned
2198,2014-08-10,1,2,508,1,1,1,3,Churned,Meat & Snacks,Churned
2199,2014-06-02,2,4,577,1,1,1,3,Churned,Beverages,Churned
2200,2015-10-10,3,10,82,4,2,3,9,Potential,Meat & Snacks,Retained
2201,2015-05-22,4,14,223,2,3,4,9,Potential,Fresh Produce,Retained
2202,2015-09-28,6,13,94,4,5,4,13,Champion,Other,Retained High-Value
2203,2015-06-27,1,2,187,3,1,1,5,At-Risk,Other,Churned
2204,2015-09-27,5,12,95,4,4,4,12,Loyal,Beverages,Retained
2205,2015-03-07,2,8,299,2,1,2,5,Churned,Other,Churned
2206,2015-10-17,3,7,75,4,2,2,8,Potential,Beverages,Retained
2207,2015-04-08,4,8,267,2,3,2,7,Potential,Other,Retained
2208,2015-07-30,1,8,154,3,1,2,6,At-Risk,Other,Churned
2209,2015-10-03,5,14,89,4,4,4,12,Loyal,Other,Retained
2210,2015-09-25,5,19,97,4,4,5,13,Champion,Other,Retained High-Value
2211,2015-11-29,4,13,32,5,3,4,12,Loyal,Bakery & Grains,Retained
2212,2015-10-28,5,12,64,4,4,4,12,Loyal,Beverages,Retained
2213,2014-08-25,1,2,493,1,1,1,3,Churned,Dairy,Churned
2214,2015-01-19,1,4,346,1,1,1,3,Churned,Fresh Produce,Churned
2215,2015-11-26,7,14,35,5,5,4,14,Champion,Other,Retained High-Value
2216,2015-11-17,1,2,44,5,1,1,7,Potential,Fresh Produce,Retained
2217,2015-12-02,3,8,29,5,2,2,9,Potential,Other,Retained
2218,2015-07-02,6,13,182,3,5,4,12,Loyal,Fresh Produce,Retained
2219,2015-04-17,3,6,258,2,2,2,6,Churned,Fresh Produce,Churned
2220,2015-08-04,2,6,149,3,1,2,6,At-Risk,Fresh Produce,Churned
2221,2015-12-18,3,6,13,5,2,2,9,Potential,Meat & Snacks,Retained
2222,2015-12-28,7,19,3,5,5,5,15,Champion,Other,Retained High-Value
2225,2015-04-28,4,10,247,2,3,3,8,Potential,Other,Retained
2226,2015-03-09,6,13,297,2,5,4,11,Loyal,Beverages,Retained
2227,2015-06-20,2,5,194,2,1,1,4,Churned,Other,Churned
2228,2015-05-30,2,4,215,2,1,1,4,Churned,Dairy,Churned
2229,2015-12-22,8,22,9,5,5,5,15,Champion,Bakery & Grains,Retained High-Value
2230,2015-05-28,4,18,217,2,3,5,10,Loyal,Beverages,Retained
2231,2015-12-03,6,15,28,5,5,5,15,Champion,Other,Retained High-Value
2232,2015-05-06,5,14,239,2,4,4,10,Loyal,Dairy,Retained
2233,2015-08-28,4,9,125,3,3,3,9,Potential,Fresh Produce,Retained
2234,2015-12-24,6,21,7,5,5,5,15,Champion,Bakery & Grains,Retained High-Value
2235,2015-10-25,6,13,67,4,5,4,13,Champion,Other,Retained High-Value
2236,2015-02-03,4,14,331,1,3,4,8,Potential,Beverages,Retained
2237,2015-02-09,4,9,325,1,3,3,7,Potential,Beverages,Retained
2238,2015-12-06,4,13,25,5,3,4,12,Loyal,Dairy,Retained
2239,2015-12-13,3,12,18,5,2,4,11,Loyal,Beverages,Retained
2240,2015-12-01,5,12,30,5,4,4,13,Champion,Bakery & Grains,Retained High-Value
2241,2015-10-18,4,9,74,4,3,3,10,Loyal,Dairy,Retained
2242,2015-06-05,4,12,209,2,3,4,9,Potential,Meat & Snacks,Retained
2243,2015-09-15,4,10,107,3,3,3,9,Potential,Other,Retained
2244,2015-03-29,6,15,277,2,5,5,12,Loyal,Other,Retained
2245,2015-05-15,4,8,230,2,3,2,7,Potential,Beverages,Retained
2246,2015-08-29,2,5,124,3,1,1,5,At-Risk,Beverages,Churned
2247,2015-05-31,3,11,214,2,2,4,8,Potential,Fresh Produce,Retained
2248,2015-03-17,1,2,289,2,1,1,4,Churned,Other,Churned
2249,2015-05-29,2,4,216,2,1,1,4,Churned,Fresh Produce,Churned
2250,2015-10-15,2,8,77,4,1,2,7,Potential,Other,Retained
2251,2015-06-23,5,16,191,2,4,5,11,Loyal,Fresh Produce,Retained
2252,2015-10-08,6,21,84,4,5,5,14,Champion,Other,Retained High-Value
2253,2015-07-21,3,6,163,3,2,2,7,Potential,Fresh Produce,Retained
2254,2015-01-24,5,12,341,1,4,4,9,Potential,Other,Retained
2255,2015-12-18,5,12,13,5,4,4,13,Champion,Other,Retained High-Value
2256,2015-08-21,4,9,132,3,3,3,9,Potential,Meat & Snacks,Retained
2257,2015-05-15,4,8,230,2,3,2,7,Potential,Other,Retained
2258,2014-10-19,3,7,438,1,2,2,5,Churned,Dairy,Churned
2259,2014-06-16,3,7,563,1,2,2,5,Churned,Other,Churned
2260,2015-10-30,3,8,62,4,2,2,8,Potential,Beverages,Retained
2261,2015-06-29,6,13,185,3,5,4,12,Loyal,Other,Retained
2262,2015-11-04,4,10,57,4,3,3,10,Loyal,Dairy,Retained
2263,2015-07-02,1,2,182,3,1,1,5,At-Risk,Fresh Produce,Churned
2264,2015-01-12,3,8,353,1,2,2,5,Churned,Other,Churned
2265,2015-09-25,3,14,97,4,2,4,10,Loyal,Other,Retained
2266,2015-09-30,2,9,92,4,1,3,8,Potential,Other,Retained
2267,2015-11-11,6,15,50,4,5,5,14,Champion,Other,Retained High-Value
2269,2015-09-20,3,6,102,4,2,2,8,Potential,Other,Retained
2270,2015-09-30,6,22,92,4,5,5,14,Champion,Dairy,Retained High-Value
2271,2015-11-20,11,31,41,5,5,5,15,Champion,Fresh Produce,Retained High-Value
2272,2015-09-05,6,13,117,3,5,4,12,Loyal,Other,Retained
2273,2015-11-27,7,14,34,5,5,4,14,Champion,Fresh Produce,Retained High-Value
2274,2015-01-05,5,11,360,1,4,4,9,Potential,Bakery & Grains,Retained
2275,2015-08-02,2,4,151,3,1,1,5,At-Risk,Other,Churned
2276,2015-01-11,3,7,354,1,2,2,5,Churned,Fresh Produce,Churned
2277,2015-01-18,3,7,347,1,2,2,5,Churned,Fresh Produce,Churned
2278,2015-08-10,3,6,143,3,2,2,7,Potential,Other,Retained
2279,2014-11-25,3,8,401,1,2,2,5,Churned,Other,Churned
2280,2015-01-11,2,4,354,1,1,1,3,Churned,Beverages,Churned
2281,2015-10-27,1,2,65,4,1,1,6,At-Risk,Meat & Snacks,Churned
2282,2015-05-11,1,3,234,2,1,1,4,Churned,Other,Churned
2283,2015-01-18,2,7,347,1,1,2,4,Churned,Fresh Produce,Churned
2284,2015-03-18,4,13,288,2,3,4,9,Potential,Fresh Produce,Retained
2285,2015-12-16,2,4,15,5,1,1,7,Potential,Bakery & Grains,Retained
2286,2015-12-04,3,6,27,5,2,2,9,Potential,Beverages,Retained
2287,2015-12-16,4,8,15,5,3,2,10,Loyal,Other,Retained
2288,2015-05-31,4,12,214,2,3,4,9,Potential,Fresh Produce,Retained
2289,2015-11-04,7,16,57,4,5,5,14,Champion,Other,Retained High-Value
2290,2015-09-10,4,11,112,3,3,4,10,Loyal,Other,Retained
2291,2015-09-20,5,12,102,4,4,4,12,Loyal,Other,Retained
2292,2015-03-25,1,2,281,2,1,1,4,Churned,Other,Churned
2293,2015-12-19,8,19,12,5,5,5,15,Champion,Other,Retained High-Value
2294,2015-09-23,9,23,99,4,5,5,14,Champion,Other,Retained High-Value
2295,2015-12-28,4,10,3,5,3,3,11,Loyal,Other,Retained
2296,2014-06-12,1,2,567,1,1,1,3,Churned,Fresh Produce,Churned
2297,2015-03-01,1,2,305,2,1,1,4,Churned,Other,Churned
2298,2015-10-06,8,20,86,4,5,5,14,Champion,Dairy,Retained High-Value
2299,2015-11-10,3,8,51,4,2,2,8,Potential,Dairy,Retained
2300,2015-09-19,4,10,103,4,3,3,10,Loyal,Meat & Snacks,Retained
2301,2015-12-24,4,9,7,5,3,3,11,Loyal,Dairy,Retained
2302,2014-01-29,1,2,701,1,1,1,3,Churned,Fresh Produce,Churned
2303,2014-07-30,3,6,519,1,2,2,5,Churned,Other,Churned
2304,2015-07-01,1,2,183,3,1,1,5,At-Risk,Beverages,Churned
2305,2015-09-28,3,7,94,4,2,2,8,Potential,Other,Retained
2306,2015-10-09,5,13,83,4,4,4,12,Loyal,Fresh Produce,Retained
2307,2015-06-29,4,11,185,3,3,4,10,Loyal,Other,Retained
2308,2014-09-10,2,6,477,1,1,2,4,Churned,Dairy,Churned
2309,2015-12-29,4,12,2,5,3,4,12,Loyal,Other,Retained
2310,2015-03-24,4,16,282,2,3,5,10,Loyal,Other,Retained
2311,2015-11-01,6,18,60,4,5,5,14,Champion,Bakery & Grains,Retained High-Value
2312,2015-05-15,4,9,230,2,3,3,8,Potential,Fresh Produce,Retained
2313,2015-02-18,2,5,316,2,1,1,4,Churned,Other,Churned
2314,2015-11-25,5,10,36,5,4,3,12,Loyal,Dairy,Retained
2315,2015-12-20,7,14,11,5,5,4,14,Champion,Other,Retained High-Value
2316,2015-06-08,3,6,206,2,2,2,6,Churned,Fresh Produce,Churned
2318,2015-01-16,2,6,349,1,1,2,4,Churned,Other,Churned
2319,2015-05-10,2,7,235,2,1,2,5,Churned,Other,Churned
2320,2014-12-08,5,10,388,1,4,3,8,Potential,Dairy,Retained
2321,2015-06-16,4,13,198,2,3,4,9,Potential,Fresh Produce,Retained
2322,2014-02-15,2,4,684,1,1,1,3,Churned,Other,Churned
2323,2014-12-27,2,6,369,1,1,2,4,Churned,Other,Churned
2324,2015-08-18,3,6,135,3,2,2,7,Potential,Beverages,Retained
2325,2015-04-16,6,15,259,2,5,5,12,Loyal,Other,Retained
2326,2015-11-29,3,9,32,5,2,3,10,Loyal,Other,Retained
2327,2015-12-08,4,10,23,5,3,3,11,Loyal,Other,Retained
2328,2015-02-22,2,7,312,2,1,2,5,Churned,Beverages,Churned
2329,2015-07-15,2,4,169,3,1,1,5,At-Risk,Other,Churned
2330,2014-11-05,2,4,421,1,1,1,3,Churned,Dairy,Churned
2331,2015-11-28,6,13,33,5,5,4,14,Champion,Other,Retained High-Value
2332,2015-12-15,6,13,16,5,5,4,14,Champion,Bakery & Grains,Retained High-Value
2334,2014-03-02,2,5,669,1,1,1,3,Churned,Dairy,Churned
2335,2015-07-23,2,5,161,3,1,1,5,At-Risk,Dairy,Churned
2336,2015-10-07,4,11,85,4,3,4,11,Loyal,Other,Retained
2337,2015-08-15,6,13,138,3,5,4,12,Loyal,Fresh Produce,Retained
2338,2015-12-08,3,11,23,5,2,4,11,Loyal,Other,Retained
2339,2014-05-20,4,10,590,1,3,3,7,Potential,Other,Retained
2340,2015-11-28,7,18,33,5,5,5,15,Champion,Other,Retained High-Value
2341,2014-12-22,5,10,374,1,4,3,8,Potential,Fresh Produce,Retained
2342,2014-12-19,2,4,377,1,1,1,3,Churned,Other,Churned
2343,2015-05-30,4,9,215,2,3,3,8,Potential,Meat & Snacks,Retained
2344,2015-12-17,6,25,14,5,5,5,15,Champion,Other,Retained High-Value
2345,2015-12-17,4,10,14,5,3,3,11,Loyal,Other,Retained
2346,2015-09-17,5,15,105,4,4,5,13,Champion,Other,Retained High-Value
2347,2015-01-27,2,4,338,1,1,1,3,Churned,Meat & Snacks,Churned
2348,2015-12-11,6,18,20,5,5,5,15,Champion,Other,Retained High-Value
2349,2015-07-17,7,16,167,3,5,5,13,Champion,Other,Retained High-Value
2350,2014-05-30,2,4,580,1,1,1,3,Churned,Fresh Produce,Churned
2351,2015-01-06,3,6,359,1,2,2,5,Churned,Other,Churned
2352,2015-05-05,3,6,240,2,2,2,6,Churned,Beverages,Churned
2353,2015-05-02,4,9,243,2,3,3,8,Potential,Beverages,Retained
2354,2014-08-20,2,6,498,1,1,2,4,Churned,Other,Churned
2355,2015-07-24,5,12,160,3,4,4,11,Loyal,Other,Retained
2356,2015-08-31,5,14,122,3,4,4,11,Loyal,Meat & Snacks,Retained
2357,2015-09-23,7,20,99,4,5,5,14,Champion,Beverages,Retained High-Value
2358,2015-12-15,3,9,16,5,2,3,10,Loyal,Other,Retained
2359,2015-08-28,5,13,125,3,4,4,11,Loyal,Other,Retained
2360,2015-02-18,3,6,316,2,2,2,6,Churned,Other,Churned
2361,2015-10-03,4,10,89,4,3,3,10,Loyal,Other,Retained
2362,2015-11-23,5,14,38,5,4,4,13,Champion,Other,Retained High-Value
2363,2015-10-25,4,11,67,4,3,4,11,Loyal,Other,Retained
2364,2015-09-08,4,15,114,3,3,5,11,Loyal,Fresh Produce,Retained
2365,2015-06-21,5,17,193,2,4,5,11,Loyal,Meat & Snacks,Retained
2366,2015-08-18,4,13,135,3,3,4,10,Loyal,Other,Retained
2368,2015-11-11,1,8,50,4,1,2,7,Potential,Beverages,Retained
2369,2015-10-17,4,8,75,4,3,2,9,Potential,Beverages,Retained
2370,2015-09-12,7,19,110,3,5,5,13,Champion,Beverages,Retained High-Value
2371,2015-08-30,3,6,123,3,2,2,7,Potential,Fresh Produce,Retained
2372,2015-09-03,2,6,119,3,1,2,6,At-Risk,Dairy,Churned
2373,2014-08-22,1,2,496,1,1,1,3,Churned,Other,Churned
2374,2015-06-23,5,14,191,2,4,4,10,Loyal,Beverages,Retained
2375,2015-12-09,5,11,22,5,4,4,13,Champion,Meat & Snacks,Retained High-Value
2376,2015-05-28,3,8,217,2,2,2,6,Churned,Other,Churned
2377,2015-04-16,2,5,259,2,1,1,4,Churned,Bakery & Grains,Churned
2378,2015-04-15,1,4,260,2,1,1,4,Churned,Bakery & Grains,Churned
2379,2015-09-19,3,6,103,4,2,2,8,Potential,Other,Retained
2380,2015-10-09,6,16,83,4,5,5,14,Champion,Bakery & Grains,Retained High-Value
2381,2015-05-17,7,19,228,2,5,5,12,Loyal,Fresh Produce,Retained
2383,2015-10-05,5,12,87,4,4,4,12,Loyal,Dairy,Retained
2384,2015-01-02,2,6,363,1,1,2,4,Churned,Bakery & Grains,Churned
2386,2015-12-05,4,12,26,5,3,4,12,Loyal,Other,Retained
2387,2014-03-11,1,2,660,1,1,1,3,Churned,Other,Churned
2388,2014-11-19,4,8,407,1,3,2,6,Churned,Meat & Snacks,Churned
2389,2015-11-13,6,16,48,4,5,5,14,Champion,Other,Retained High-Value
2390,2015-08-21,5,14,132,3,4,4,11,Loyal,Fresh Produce,Retained
2391,2015-12-05,6,15,26,5,5,5,15,Champion,Other,Retained High-Value
2392,2015-12-15,2,7,16,5,1,2,8,Potential,Meat & Snacks,Retained
2393,2015-04-17,3,14,258,2,2,4,8,Potential,Other,Retained
2394,2015-11-22,10,29,39,5,5,5,15,Champion,Beverages,Retained High-Value
2395,2014-11-17,2,5,409,1,1,1,3,Churned,Fresh Produce,Churned
2396,2014-08-21,5,11,497,1,4,4,9,Potential,Meat & Snacks,Retained
2397,2015-10-04,2,6,88,4,1,2,7,Potential,Other,Retained
2398,2015-01-08,3,7,357,1,2,2,5,Churned,Other,Churned
2399,2015-02-12,5,11,322,2,4,4,10,Loyal,Beverages,Retained
2400,2015-03-22,4,12,284,2,3,4,9,Potential,Other,Retained
2401,2015-12-19,5,10,12,5,4,3,12,Loyal,Fresh Produce,Retained
2402,2015-09-06,3,10,116,3,2,3,8,Potential,Dairy,Retained
2403,2015-12-01,4,13,30,5,3,4,12,Loyal,Other,Retained
2404,2015-10-15,5,11,77,4,4,4,12,Loyal,Other,Retained
2406,2015-12-07,7,17,24,5,5,5,15,Champion,Other,Retained High-Value
2407,2015-03-10,3,10,296,2,2,3,7,Potential,Other,Retained
2408,2015-09-09,7,21,113,3,5,5,13,Champion,Fresh Produce,Retained High-Value
2410,2015-11-21,3,11,40,5,2,4,11,Loyal,Meat & Snacks,Retained
2411,2014-04-21,3,6,619,1,2,2,5,Churned,Beverages,Churned
2412,2015-03-13,2,7,293,2,1,2,5,Churned,Fresh Produce,Churned
2413,2015-12-13,6,14,18,5,5,4,14,Champion,Dairy,Retained High-Value
2414,2014-06-04,1,2,575,1,1,1,3,Churned,Other,Churned
2415,2015-08-08,4,14,145,3,3,4,10,Loyal,Other,Retained
2416,2015-11-05,3,9,56,4,2,3,9,Potential,Bakery & Grains,Retained
2417,2014-11-03,1,2,423,1,1,1,3,Churned,Other,Churned
2419,2015-08-22,3,9,131,3,2,3,8,Potential,Other,Retained
2420,2015-09-27,3,10,95,4,2,3,9,Potential,Fresh Produce,Retained
2421,2015-11-22,7,21,39,5,5,5,15,Champion,Bakery & Grains,Retained High-Value
2422,2015-11-11,2,11,50,4,1,4,9,Potential,Meat & Snacks,Retained
2423,2014-07-31,2,4,518,1,1,1,3,Churned,Other,Churned
2424,2014-09-28,3,6,459,1,2,2,5,Churned,Other,Churned
2425,2015-02-20,2,4,314,2,1,1,4,Churned,Other,Churned
2426,2015-09-08,7,17,114,3,5,5,13,Champion,Beverages,Retained High-Value
2427,2015-06-26,3,9,188,3,2,3,8,Potential,Fresh Produce,Retained
2428,2015-08-21,6,17,132,3,5,5,13,Champion,Other,Retained High-Value
2429,2015-06-29,1,4,185,3,1,1,5,At-Risk,Other,Churned
2430,2015-01-20,3,12,345,1,2,4,7,Potential,Bakery & Grains,Retained
2431,2015-10-27,5,13,65,4,4,4,12,Loyal,Other,Retained
2432,2015-12-12,7,14,19,5,5,4,14,Champion,Other,Retained High-Value
2433,2015-12-27,7,31,4,5,5,5,15,Champion,Fresh Produce,Retained High-Value
2434,2015-09-18,3,7,104,4,2,2,8,Potential,Other,Retained
2435,2015-09-29,5,12,93,4,4,4,12,Loyal,Other,Retained
2436,2015-11-24,4,11,37,5,3,4,12,Loyal,Beverages,Retained
2437,2015-11-15,5,15,46,5,4,5,14,Champion,Other,Retained High-Value
2438,2015-02-20,2,4,314,2,1,1,4,Churned,Fresh Produce,Churned
2439,2015-10-31,4,10,61,4,3,3,10,Loyal,Other,Retained
2440,2015-06-19,9,25,195,2,5,5,12,Loyal,Other,Retained
2441,2015-07-03,6,15,181,3,5,5,13,Champion,Other,Retained High-Value
2442,2014-02-24,1,2,675,1,1,1,3,Churned,Other,Churned
2443,2015-11-15,7,21,46,5,5,5,15,Champion,Dairy,Retained High-Value
2444,2015-06-17,3,8,197,2,2,2,6,Churned,Bakery & Grains,Churned
2445,2014-10-29,4,8,428,1,3,2,6,Churned,Bakery & Grains,Churned
2446,2015-09-08,4,9,114,3,3,3,9,Potential,Other,Retained
2447,2015-12-28,7,21,3,5,5,5,15,Champion,Fresh Produce,Retained High-Value
2448,2015-12-29,6,17,2,5,5,5,15,Champion,Other,Retained High-Value
2449,2015-07-08,4,8,176,3,3,2,8,Potential,Beverages,Retained
2450,2015-07-31,3,6,153,3,2,2,7,Potential,Other,Retained
2451,2014-09-28,3,7,459,1,2,2,5,Churned,Fresh Produce,Churned
2452,2015-08-11,3,11,142,3,2,4,9,Potential,Meat & Snacks,Retained
2453,2015-12-21,6,15,10,5,5,5,15,Champion,Bakery & Grains,Retained High-Value
2454,2015-11-10,7,20,51,4,5,5,14,Champion,Fresh Produce,Retained High-Value
2455,2015-01-04,2,4,361,1,1,1,3,Churned,Bakery & Grains,Churned
2456,2014-03-15,1,2,656,1,1,1,3,Churned,Fresh Produce,Churned
2457,2014-12-13,3,6,383,1,2,2,5,Churned,Fresh Produce,Churned
2458,2015-08-23,2,6,130,3,1,2,6,At-Risk,Other,Churned
2459,2015-09-22,3,13,100,4,2,4,10,Loyal,Other,Retained
2460,2015-12-18,4,9,13,5,3,3,11,Loyal,Beverages,Retained
2461,2015-10-04,2,5,88,4,1,1,6,At-Risk,Beverages,Churned
2462,2015-03-25,2,5,281,2,1,1,4,Churned,Other,Churned
2463,2015-12-26,3,6,5,5,2,2,9,Potential,Other,Retained
2464,2015-07-19,4,8,165,3,3,2,8,Potential,Meat & Snacks,Retained
2465,2015-12-27,2,11,4,5,1,4,10,Loyal,Other,Retained
2466,2015-10-10,4,9,82,4,3,3,10,Loyal,Other,Retained
2467,2015-10-07,6,12,85,4,5,4,13,Champion,Other,Retained High-Value
2468,2015-03-13,2,8,293,2,1,2,5,Churned,Dairy,Churned
2469,2015-09-23,4,13,99,4,3,4,11,Loyal,Other,Retained
2470,2015-05-14,4,11,231,2,3,4,9,Potential,Other,Retained
2471,2015-08-13,3,9,140,3,2,3,8,Potential,Other,Retained
2472,2015-01-17,4,8,348,1,3,2,6,Churned,Fresh Produce,Churned
2473,2015-07-01,2,6,183,3,1,2,6,At-Risk,Other,Churned
2474,2015-02-09,1,2,325,1,1,1,3,Churned,Beverages,Churned
2475,2015-11-10,6,14,51,4,5,4,13,Champion,Other,Retained High-Value
2476,2015-12-04,5,10,27,5,4,3,12,Loyal,Fresh Produce,Retained
2477,2015-06-04,3,7,210,2,2,2,6,Churned,Beverages,Churned
2478,2014-09-02,2,5,485,1,1,1,3,Churned,Other,Churned
2479,2015-01-13,5,10,352,1,4,3,8,Potential,Bakery & Grains,Retained
2480,2015-09-20,5,13,102,4,4,4,12,Loyal,Other,Retained
2481,2015-11-24,2,6,37,5,1,2,8,Potential,Fresh Produce,Retained
2482,2014-01-21,1,3,709,1,1,1,3,Churned,Beverages,Churned
2483,2015-10-28,4,8,64,4,3,2,9,Potential,Other,Retained
2484,2015-08-12,5,14,141,3,4,4,11,Loyal,Other,Retained
2485,2015-05-18,3,7,227,2,2,2,6,Churned,Other,Churned
2486,2015-11-25,2,5,36,5,1,1,7,Potential,Other,Retained
2487,2015-07-09,2,4,175,3,1,1,5,At-Risk,Fresh Produce,Churned
2488,2015-08-19,2,7,134,3,1,2,6,At-Risk,Other,Churned
2489,2015-12-22,4,10,9,5,3,3,11,Loyal,Bakery & Grains,Retained
2490,2015-12-18,3,6,13,5,2,2,9,Potential,Bakery & Grains,Retained
2492,2015-11-10,7,21,51,4,5,5,14,Champion,Other,Retained High-Value
2493,2015-08-07,2,5,146,3,1,1,5,At-Risk,Dairy,Churned
2494,2015-09-03,4,17,119,3,3,5,11,Loyal,Other,Retained
2495,2015-07-28,4,11,156,3,3,4,10,Loyal,Bakery & Grains,Retained
2496,2015-12-02,4,8,29,5,3,2,10,Loyal,Beverages,Retained
2497,2014-08-06,1,2,512,1,1,1,3,Churned,Meat & Snacks,Churned
2499,2015-11-22,5,15,39,5,4,5,14,Champion,Other,Retained High-Value
2500,2015-12-06,3,9,25,5,2,3,10,Loyal,Other,Retained
2501,2015-09-09,2,4,113,3,1,1,5,At-Risk,Meat & Snacks,Churned
2502,2015-04-15,3,14,260,2,2,4,8,Potential,Other,Retained
2503,2015-02-08,1,2,326,1,1,1,3,Churned,Meat & Snacks,Churned
2504,2015-08-14,5,11,139,3,4,4,11,Loyal,Dairy,Retained
2505,2015-11-30,4,11,31,5,3,4,12,Loyal,Fresh Produce,Retained
2506,2015-12-27,4,8,4,5,3,2,10,Loyal,Other,Retained
2507,2015-12-30,4,13,1,5,3,4,12,Loyal,Beverages,Retained
2508,2015-12-27,4,9,4,5,3,3,11,Loyal,Other,Retained
2509,2015-07-15,4,8,169,3,3,2,8,Potential,Fresh Produce,Retained
2510,2015-09-29,4,14,93,4,3,4,11,Loyal,Other,Retained
2511,2015-07-14,8,21,170,3,5,5,13,Champion,Fresh Produce,Retained High-Value
2512,2015-09-02,6,26,120,3,5,5,13,Champion,Beverages,Retained High-Value
2513,2015-12-15,4,12,16,5,3,4,12,Loyal,Meat & Snacks,Retained
2514,2015-11-02,3,11,59,4,2,4,10,Loyal,Dairy,Retained
2515,2015-07-22,5,12,162,3,4,4,11,Loyal,Other,Retained
2516,2015-07-31,2,8,153,3,1,2,6,At-Risk,Beverages,Churned
2517,2015-12-12,9,27,19,5,5,5,15,Champion,Other,Retained High-Value
2518,2015-07-03,4,12,181,3,3,4,10,Loyal,Dairy,Retained
2519,2015-06-03,6,14,211,2,5,4,11,Loyal,Fresh Produce,Retained
2520,2015-12-06,3,6,25,5,2,2,9,Potential,Other,Retained
2521,2015-12-14,3,10,17,5,2,3,10,Loyal,Fresh Produce,Retained
2522,2014-08-08,3,8,510,1,2,2,5,Churned,Beverages,Churned
2523,2015-07-04,5,15,180,3,4,5,12,Loyal,Fresh Produce,Retained
2524,2015-12-05,10,28,26,5,5,5,15,Champion,Bakery & Grains,Retained High-Value
2525,2015-11-16,5,11,45,5,4,4,13,Champion,Other,Retained High-Value
2526,2015-10-16,2,4,76,4,1,1,6,At-Risk,Fresh Produce,Churned
2527,2015-08-11,2,5,142,3,1,1,5,At-Risk,Other,Churned
2528,2015-10-19,3,7,73,4,2,2,8,Potential,Beverages,Retained
2530,2015-08-30,4,11,123,3,3,4,10,Loyal,Other,Retained
2531,2014-08-24,2,4,494,1,1,1,3,Churned,Other,Churned
2532,2015-07-06,3,12,178,3,2,4,9,Potential,Beverages,Retained
2533,2014-12-23,3,7,373,1,2,2,5,Churned,Fresh Produce,Churned
2534,2015-11-08,6,14,53,4,5,4,13,Champion,Meat & Snacks,Retained High-Value
2535,2015-11-10,5,13,51,4,4,4,12,Loyal,Bakery & Grains,Retained
2536,2015-11-07,3,7,54,4,2,2,8,Potential,Other,Retained
2537,2015-10-14,3,8,78,4,2,2,8,Potential,Beverages,Retained
2538,2015-07-27,3,7,157,3,2,2,7,Potential,Bakery & Grains,Retained
2539,2015-11-15,2,4,46,5,1,1,7,Potential,Dairy,Retained
2540,2015-03-05,6,17,301,2,5,5,12,Loyal,Other,Retained
2541,2014-09-12,3,6,475,1,2,2,5,Churned,Beverages,Churned
2542,2015-11-24,3,8,37,5,2,2,9,Potential,Other,Retained
2543,2015-08-13,4,10,140,3,3,3,9,Potential,Fresh Produce,Retained
2544,2015-01-29,4,9,336,1,3,3,7,Potential,Other,Retained
2545,2015-11-18,6,12,43,5,5,4,14,Champion,Fresh Produce,Retained High-Value
2546,2015-05-07,2,5,238,2,1,1,4,Churned,Other,Churned
2547,2015-11-24,5,12,37,5,4,4,13,Champion,Fresh Produce,Retained High-Value
2548,2015-12-25,4,10,6,5,3,3,11,Loyal,Bakery & Grains,Retained
2549,2015-08-24,7,16,129,3,5,5,13,Champion,Beverages,Retained High-Value
2550,2015-12-23,7,16,8,5,5,5,15,Champion,Dairy,Retained High-Value
2551,2015-10-21,3,6,71,4,2,2,8,Potential,Fresh Produce,Retained
2552,2015-01-05,5,13,360,1,4,4,9,Potential,Other,Retained
2553,2015-07-20,6,14,164,3,5,4,12,Loyal,Dairy,Retained
2555,2015-12-23,7,16,8,5,5,5,15,Champion,Other,Retained High-Value
2556,2015-08-28,4,10,125,3,3,3,9,Potential,Beverages,Retained
2557,2015-10-23,3,6,69,4,2,2,8,Potential,Bakery & Grains,Retained
2558,2015-08-12,1,2,141,3,1,1,5,At-Risk,Other,Churned
2559,2014-10-27,3,6,430,1,2,2,5,Churned,Bakery & Grains,Churned
2560,2015-11-26,6,24,35,5,5,5,15,Champion,Other,Retained High-Value
2561,2015-08-19,4,9,134,3,3,3,9,Potential,Other,Retained
2562,2014-11-14,4,10,412,1,3,3,7,Potential,Other,Retained
2563,2015-12-29,4,14,2,5,3,4,12,Loyal,Beverages,Retained
2564,2015-07-14,4,10,170,3,3,3,9,Potential,Other,Retained
2565,2015-09-28,4,12,94,4,3,4,11,Loyal,Other,Retained
2566,2015-01-31,1,3,334,1,1,1,3,Churned,Other,Churned
2567,2014-07-22,1,2,527,1,1,1,3,Churned,Beverages,Churned
2568,2015-10-09,7,19,83,4,5,5,14,Champion,Other,Retained High-Value
2569,2015-07-16,3,7,168,3,2,2,7,Potential,Other,Retained
2570,2015-08-24,5,11,129,3,4,4,11,Loyal,Fresh Produce,Retained
2571,2015-07-17,3,8,167,3,2,2,7,Potential,Bakery & Grains,Retained
2572,2015-05-27,1,2,218,2,1,1,4,Churned,Beverages,Churned
2573,2015-01-03,5,16,362,1,4,5,10,Loyal,Other,Retained
2574,2015-12-11,4,11,20,5,3,4,12,Loyal,Other,Retained
2575,2015-03-13,2,4,293,2,1,1,4,Churned,Meat & Snacks,Churned
2576,2014-12-25,2,4,371,1,1,1,3,Churned,Other,Churned
2577,2015-10-25,4,8,67,4,3,2,9,Potential,Dairy,Retained
2578,2015-12-01,7,18,30,5,5,5,15,Champion,Dairy,Retained High-Value
2579,2015-04-08,3,6,267,2,2,2,6,Churned,Other,Churned
2580,2015-11-17,5,12,44,5,4,4,13,Champion,Other,Retained High-Value
2581,2015-12-14,5,12,17,5,4,4,13,Champion,Other,Retained High-Value
2582,2015-11-14,2,12,47,4,1,4,9,Potential,Beverages,Retained
2583,2015-03-26,2,5,280,2,1,1,4,Churned,Other,Churned
2584,2015-04-25,8,20,250,2,5,5,12,Loyal,Other,Retained
2585,2015-03-14,4,10,292,2,3,3,8,Potential,Beverages,Retained
2586,2015-10-26,2,5,66,4,1,1,6,At-Risk,Other,Churned
2587,2015-06-02,5,13,212,2,4,4,10,Loyal,Other,Retained
2588,2015-12-28,2,5,3,5,1,1,7,Potential,Dairy,Retained
2589,2015-04-29,7,19,246,2,5,5,12,Loyal,Dairy,Retained
2590,2015-12-16,5,10,15,5,4,3,12,Loyal,Fresh Produce,Retained
2591,2014-12-10,2,4,386,1,1,1,3,Churned,Beverages,Churned
2592,2015-10-01,6,16,91,4,5,5,14,Champion,Other,Retained High-Value
2593,2014-10-13,3,6,444,1,2,2,5,Churned,Other,Churned
2594,2015-05-21,4,8,224,2,3,2,7,Potential,Other,Retained
2595,2015-01-23,5,17,342,1,4,5,10,Loyal,Bakery & Grains,Retained
2597,2015-08-15,7,15,138,3,5,5,13,Champion,Fresh Produce,Retained High-Value
2598,2015-11-11,1,3,50,4,1,1,6,At-Risk,Other,Churned
2599,2015-11-22,4,15,39,5,3,5,13,Champion,Meat & Snacks,Retained High-Value
2600,2015-12-16,7,19,15,5,5,5,15,Champion,Dairy,Retained High-Value
2601,2015-10-22,6,19,70,4,5,5,14,Champion,Other,Retained High-Value
2602,2015-12-11,6,17,20,5,5,5,15,Champion,Dairy,Retained High-Value
2603,2014-06-28,1,4,551,1,1,1,3,Churned,Other,Churned
2604,2015-09-20,5,14,102,4,4,4,12,Loyal,Other,Retained
2605,2014-08-30,2,6,488,1,1,2,4,Churned,Other,Churned
2606,2015-01-26,3,8,339,1,2,2,5,Churned,Dairy,Churned
2607,2014-11-20,2,4,406,1,1,1,3,Churned,Other,Churned
2608,2015-09-19,4,8,103,4,3,2,9,Potential,Other,Retained
2609,2015-08-26,2,5,127,3,1,1,5,At-Risk,Other,Churned
2610,2015-10-21,3,7,71,4,2,2,8,Potential,Beverages,Retained
2611,2014-12-29,3,7,367,1,2,2,5,Churned,Other,Churned
2612,2015-05-31,7,18,214,2,5,5,12,Loyal,Fresh Produce,Retained
2613,2015-08-23,6,17,130,3,5,5,13,Champion,Dairy,Retained High-Value
2614,2015-06-25,1,2,189,3,1,1,5,At-Risk,Dairy,Churned
2615,2014-05-29,2,4,581,1,1,1,3,Churned,Other,Churned
2616,2015-05-16,4,8,229,2,3,2,7,Potential,Other,Retained
2617,2015-05-22,7,16,223,2,5,5,12,Loyal,Dairy,Retained
2618,2015-12-03,5,16,28,5,4,5,14,Champion,Other,Retained High-Value
2619,2014-12-24,3,7,372,1,2,2,5,Churned,Other,Churned
2620,2015-12-14,4,8,17,5,3,2,10,Loyal,Other,Retained
2621,2014-09-27,2,4,460,1,1,1,3,Churned,Other,Churned
2622,2015-10-01,3,12,91,4,2,4,10,Loyal,Fresh Produce,Retained
2623,2015-10-10,3,9,82,4,2,3,9,Potential,Other,Retained
2624,2015-08-18,2,4,135,3,1,1,5,At-Risk,Other,Churned
2625,2015-11-18,10,31,43,5,5,5,15,Champion,Beverages,Retained High-Value
2626,2014-08-09,2,7,509,1,1,2,4,Churned,Other,Churned
2627,2015-10-31,3,8,61,4,2,2,8,Potential,Other,Retained
2628,2014-12-02,1,2,394,1,1,1,3,Churned,Other,Churned
2629,2015-12-06,5,19,25,5,4,5,14,Champion,Other,Retained High-Value
2630,2015-02-15,3,7,319,2,2,2,6,Churned,Fresh Produce,Churned
2631,2015-09-27,3,7,95,4,2,2,8,Potential,Fresh Produce,Retained
2632,2015-09-23,9,24,99,4,5,5,14,Champion,Other,Retained High-Value
2633,2015-11-27,6,16,34,5,5,5,15,Champion,Beverages,Retained High-Value
2634,2015-04-22,1,5,253,2,1,1,4,Churned,Other,Churned
2635,2015-09-17,2,6,105,4,1,2,7,Potential,Fresh Produce,Retained
2636,2015-09-11,2,10,111,3,1,3,7,Potential,Other,Retained
2637,2014-09-18,2,4,469,1,1,1,3,Churned,Dairy,Churned
2638,2014-10-10,2,5,447,1,1,1,3,Churned,Fresh Produce,Churned
2639,2015-11-12,3,8,49,4,2,2,8,Potential,Fresh Produce,Retained
2640,2015-04-22,1,2,253,2,1,1,4,Churned,Fresh Produce,Churned
2641,2015-03-01,5,12,305,2,4,4,10,Loyal,Other,Retained
2642,2015-04-01,3,7,274,2,2,2,6,Churned,Other,Churned
2643,2015-12-01,5,12,30,5,4,4,13,Champion,Fresh Produce,Retained High-Value
2644,2014-05-21,3,7,589,1,2,2,5,Churned,Meat & Snacks,Churned
2645,2015-06-27,8,19,187,3,5,5,13,Champion,Dairy,Retained High-Value
2646,2015-11-11,3,7,50,4,2,2,8,Potential,Bakery & Grains,Retained
2648,2015-11-08,5,13,53,4,4,4,12,Loyal,Other,Retained
2649,2015-11-28,4,9,33,5,3,3,11,Loyal,Dairy,Retained
2650,2015-11-22,4,16,39,5,3,5,13,Champion,Other,Retained High-Value
2651,2014-09-11,2,4,476,1,1,1,3,Churned,Other,Churned
2652,2015-12-26,3,13,5,5,2,4,11,Loyal,Other,Retained
2653,2015-12-07,5,12,24,5,4,4,13,Champion,Bakery & Grains,Retained High-Value
2654,2015-11-25,6,19,36,5,5,5,15,Champion,Beverages,Retained High-Value
2655,2015-07-01,2,5,183,3,1,1,5,At-Risk,Other,Churned
2656,2015-12-16,5,10,15,5,4,3,12,Loyal,Other,Retained
2657,2015-05-21,2,6,224,2,1,2,5,Churned,Other,Churned
2658,2015-10-16,2,7,76,4,1,2,7,Potential,Fresh Produce,Retained
2659,2015-12-08,5,16,23,5,4,5,14,Champion,Other,Retained High-Value
2660,2014-09-11,2,4,476,1,1,1,3,Churned,Beverages,Churned
2661,2015-05-01,4,8,244,2,3,2,7,Potential,Other,Retained
2662,2014-12-05,3,6,391,1,2,2,5,Churned,Beverages,Churned
2663,2015-10-21,9,27,71,4,5,5,14,Champion,Fresh Produce,Retained High-Value
2664,2015-09-20,3,8,102,4,2,2,8,Potential,Fresh Produce,Retained
2665,2015-04-13,2,4,262,2,1,1,4,Churned,Other,Churned
2666,2015-12-14,7,16,17,5,5,5,15,Champion,Other,Retained High-Value
2667,2015-06-16,2,5,198,2,1,1,4,Churned,Dairy,Churned
2668,2014-12-01,1,2,395,1,1,1,3,Churned,Fresh Produce,Churned
2669,2015-09-24,4,11,98,4,3,4,11,Loyal,Other,Retained
2670,2015-04-29,2,6,246,2,1,2,5,Churned,Other,Churned
2671,2015-07-27,4,8,157,3,3,2,8,Potential,Dairy,Retained
2672,2015-11-26,5,12,35,5,4,4,13,Champion,Bakery & Grains,Retained High-Value
2673,2015-12-10,4,8,21,5,3,3,11,Loyal,Dairy,Retained
2674,2014-09-03,3,6,484,1,2,2,5,Churned,Dairy,Churned
2675,2015-09-15,3,7,107,3,2,2,7,Potential,Other,Retained
2676,2015-11-07,5,14,54,4,4,4,12,Loyal,Other,Retained
2677,2015-12-23,2,6,8,5,1,2,8,Potential,Other,Retained
2678,2015-11-28,4,11,33,5,3,4,12,Loyal,Dairy,Retained
2679,2014-12-16,3,6,380,1,2,2,5,Churned,Bakery & Grains,Churned
2680,2015-08-11,4,8,142,3,3,3,9,Potential,Other,Retained
2681,2015-05-02,3,6,243,2,2,2,6,Churned,Meat & Snacks,Churned
2682,2015-12-01,5,11,30,5,4,4,13,Champion,Fresh Produce,Retained High-Value
2683,2015-08-11,3,8,142,3,2,3,8,Potential,Other,Retained
2684,2015-01-11,1,3,354,1,1,1,3,Churned,Bakery & Grains,Churned
2685,2015-10-07,5,12,85,4,4,4,12,Loyal,Fresh Produce,Retained
2686,2014-12-20,2,4,376,1,1,1,3,Churned,Beverages,Churned
2687,2015-09-14,4,16,108,3,3,5,11,Loyal,Bakery & Grains,Retained
2688,2015-11-22,5,13,39,5,4,4,13,Champion,Other,Retained High-Value
2689,2015-04-30,4,15,245,2,3,5,10,Loyal,Other,Retained
2690,2015-11-04,7,17,57,4,5,5,14,Champion,Other,Retained High-Value
2691,2015-11-04,5,10,57,4,4,3,11,Loyal,Fresh Produce,Retained
2692,2015-10-09,3,10,83,4,2,3,9,Potential,Other,Retained
2693,2015-11-02,4,11,59,4,3,4,11,Loyal,Other,Retained
2694,2015-11-24,6,19,37,5,5,5,15,Champion,Other,Retained High-Value
2695,2015-07-04,3,8,180,3,2,3,8,Potential,Other,Retained
2696,2015-09-02,5,11,120,3,4,4,11,Loyal,Bakery & Grains,Retained
2697,2014-07-07,2,4,542,1,1,1,3,Churned,Other,Churned
2698,2015-01-24,3,8,341,1,2,3,6,Churned,Dairy,Churned
2699,2015-11-28,5,10,33,5,4,3,12,Loyal,Beverages,Retained
2700,2015-11-15,4,9,46,5,3,3,11,Loyal,Beverages,Retained
2701,2014-08-16,5,11,502,1,4,4,9,Potential,Other,Retained
2702,2015-05-27,4,9,218,2,3,3,8,Potential,Bakery & Grains,Retained
2703,2015-09-21,4,9,101,4,3,3,10,Loyal,Fresh Produce,Retained
2704,2015-11-18,2,6,43,5,1,2,8,Potential,Other,Retained
2705,2015-11-16,3,6,45,5,2,2,9,Potential,Dairy,Retained
2706,2015-10-03,8,23,89,4,5,5,14,Champion,Fresh Produce,Retained High-Value
2707,2015-10-18,7,17,74,4,5,5,14,Champion,Dairy,Retained High-Value
2708,2015-02-17,2,6,317,2,1,2,5,Churned,Beverages,Churned
2709,2015-08-20,4,11,133,3,3,4,10,Loyal,Dairy,Retained
2710,2015-10-14,2,4,78,4,1,1,6,At-Risk,Beverages,Churned
2711,2015-09-13,3,14,109,3,2,4,9,Potential,Other,Retained
2712,2015-09-26,5,13,96,4,4,4,12,Loyal,Other,Retained
2713,2015-08-18,5,10,135,3,4,3,10,Loyal,Other,Retained
2714,2015-03-15,1,2,291,2,1,1,4,Churned,Dairy,Churned
2715,2015-07-06,6,15,178,3,5,5,13,Champion,Other,Retained High-Value
2716,2015-09-23,7,16,99,4,5,5,14,Champion,Other,Retained High-Value
2717,2014-01-02,1,2,728,1,1,1,3,Churned,Fresh Produce,Churned
2718,2015-06-12,8,20,202,2,5,5,12,Loyal,Other,Retained
2719,2015-05-30,5,14,215,2,4,4,10,Loyal,Other,Retained
2720,2014-06-26,1,2,553,1,1,1,3,Churned,Bakery & Grains,Churned
2721,2015-08-10,2,6,143,3,1,2,6,At-Risk,Dairy,Churned
2722,2014-11-13,2,4,413,1,1,1,3,Churned,Fresh Produce,Churned
2723,2015-11-03,4,10,58,4,3,3,10,Loyal,Bakery & Grains,Retained
2724,2015-04-30,2,6,245,2,1,2,5,Churned,Bakery & Grains,Churned
2725,2014-01-27,2,4,703,1,1,1,3,Churned,Other,Churned
2726,2014-11-30,4,8,396,1,3,3,7,Potential,Other,Retained
2727,2015-12-15,5,10,16,5,4,3,12,Loyal,Other,Retained
2728,2015-11-28,2,5,33,5,1,1,7,Potential,Fresh Produce,Retained
2729,2015-09-24,7,18,98,4,5,5,14,Champion,Other,Retained High-Value
2730,2015-11-10,4,11,51,4,3,4,11,Loyal,Meat & Snacks,Retained
2731,2015-04-11,2,4,264,2,1,1,4,Churned,Dairy,Churned
2732,2015-04-02,4,10,273,2,3,3,8,Potential,Other,Retained
2733,2015-07-22,3,6,162,3,2,2,7,Potential,Beverages,Retained
2734,2015-03-30,1,3,276,2,1,1,4,Churned,Bakery & Grains,Churned
2735,2015-06-01,1,2,213,2,1,1,4,Churned,Fresh Produce,Churned
2736,2015-12-26,7,23,5,5,5,5,15,Champion,Bakery & Grains,Retained High-Value
2737,2014-12-26,2,6,370,1,1,2,4,Churned,Fresh Produce,Churned
2738,2015-11-09,7,21,52,4,5,5,14,Champion,Other,Retained High-Value
2739,2015-09-19,2,4,103,4,1,1,6,At-Risk,Other,Churned
2740,2015-07-02,2,4,182,3,1,1,5,At-Risk,Other,Churned
2741,2015-09-28,4,12,94,4,3,4,11,Loyal,Beverages,Retained
2742,2015-10-10,3,9,82,4,2,3,9,Potential,Beverages,Retained
2743,2015-08-10,7,17,143,3,5,5,13,Champion,Fresh Produce,Retained High-Value
2744,2015-05-19,3,8,226,2,2,3,7,Potential,Other,Retained
2745,2015-04-29,6,15,246,2,5,5,12,Loyal,Fresh Produce,Retained
2746,2015-05-29,7,15,216,2,5,5,12,Loyal,Other,Retained
2747,2015-08-30,6,12,123,3,5,4,12,Loyal,Other,Retained
2748,2014-04-02,1,2,638,1,1,1,3,Churned,Other,Churned
2749,2015-06-22,3,7,192,2,2,2,6,Churned,Bakery & Grains,Churned
2750,2015-09-14,3,8,108,3,2,3,8,Potential,Other,Retained
2751,2015-02-03,5,12,331,1,4,4,9,Potential,Other,Retained
2752,2015-10-10,1,2,82,4,1,1,6,At-Risk,Meat & Snacks,Churned
2753,2015-09-08,3,8,114,3,2,3,8,Potential,Other,Retained
2754,2015-05-02,3,10,243,2,2,3,7,Potential,Bakery & Grains,Retained
2755,2015-05-17,6,15,228,2,5,5,12,Loyal,Fresh Produce,Retained
2756,2015-11-23,4,10,38,5,3,3,11,Loyal,Other,Retained
2757,2015-12-16,3,10,15,5,2,3,10,Loyal,Meat & Snacks,Retained
2758,2015-11-19,9,20,42,5,5,5,15,Champion,Other,Retained High-Value
2759,2015-07-27,1,2,157,3,1,1,5,At-Risk,Dairy,Churned
2760,2015-08-08,9,23,145,3,5,5,13,Champion,Dairy,Retained High-Value
2761,2015-04-25,6,15,250,2,5,5,12,Loyal,Fresh Produce,Retained
2762,2015-12-18,4,9,13,5,3,3,11,Loyal,Bakery & Grains,Retained
2763,2015-02-13,4,10,321,2,3,3,8,Potential,Other,Retained
2764,2015-12-28,6,13,3,5,5,4,14,Champion,Dairy,Retained High-Value
2765,2015-11-30,5,12,31,5,4,4,13,Champion,Fresh Produce,Retained High-Value
2766,2015-08-19,3,7,134,3,2,2,7,Potential,Beverages,Retained
2767,2015-01-27,1,5,338,1,1,1,3,Churned,Meat & Snacks,Churned
2768,2015-01-01,2,7,364,1,1,2,4,Churned,Other,Churned
2769,2015-07-31,5,12,153,3,4,4,11,Loyal,Other,Retained
2770,2015-07-15,2,5,169,3,1,1,5,At-Risk,Fresh Produce,Churned
2771,2015-08-26,3,7,127,3,2,2,7,Potential,Other,Retained
2772,2015-12-04,7,16,27,5,5,5,15,Champion,Other,Retained High-Value
2773,2014-05-30,1,2,580,1,1,1,3,Churned,Other,Churned
2774,2015-10-28,3,7,64,4,2,2,8,Potential,Fresh Produce,Retained
2775,2015-11-06,4,10,55,4,3,3,10,Loyal,Other,Retained
2776,2014-05-14,2,4,596,1,1,1,3,Churned,Bakery & Grains,Churned
2777,2015-06-01,4,10,213,2,3,3,8,Potential,Beverages,Retained
2778,2014-06-29,4,9,550,1,3,3,7,Potential,Fresh Produce,Retained
2779,2015-12-27,6,22,4,5,5,5,15,Champion,Other,Retained High-Value
2780,2015-10-11,2,6,81,4,1,2,7,Potential,Other,Retained
2781,2015-06-01,6,13,213,2,5,4,11,Loyal,Dairy,Retained
2782,2015-06-09,3,9,205,2,2,3,7,Potential,Other,Retained
2783,2015-03-31,1,2,275,2,1,1,4,Churned,Fresh Produce,Churned
2784,2015-11-13,5,13,48,4,4,4,12,Loyal,Dairy,Retained
2785,2015-10-18,5,10,74,4,4,3,11,Loyal,Meat & Snacks,Retained
2786,2015-03-25,3,7,281,2,2,2,6,Churned,Other,Churned
2787,2015-06-24,6,16,190,2,5,5,12,Loyal,Other,Retained
2788,2015-09-03,4,9,119,3,3,3,9,Potential,Other,Retained
2789,2015-06-01,8,23,213,2,5,5,12,Loyal,Beverages,Retained
2790,2015-12-30,3,8,1,5,2,3,10,Loyal,Other,Retained
2791,2014-11-21,1,2,405,1,1,1,3,Churned,Other,Churned
2792,2015-10-24,4,15,68,4,3,5,12,Loyal,Other,Retained
2794,2015-09-29,7,18,93,4,5,5,14,Champion,Beverages,Retained High-Value
2795,2015-05-06,5,12,239,2,4,4,10,Loyal,Fresh Produce,Retained
2796,2015-10-17,5,12,75,4,4,4,12,Loyal,Other,Retained
2797,2015-09-12,2,5,110,3,1,1,5,At-Risk,Fresh Produce,Churned
2798,2015-08-22,4,8,131,3,3,3,9,Potential,Other,Retained
2799,2015-09-10,8,21,112,3,5,5,13,Champion,Other,Retained High-Value
2800,2015-10-02,5,13,90,4,4,4,12,Loyal,Other,Retained
2801,2014-10-10,4,8,447,1,3,3,7,Potential,Fresh Produce,Retained
2802,2014-12-15,4,8,381,1,3,3,7,Potential,Other,Retained
2803,2014-10-26,5,11,431,1,4,4,9,Potential,Other,Retained
2804,2015-01-18,4,9,347,1,3,3,7,Potential,Fresh Produce,Retained
2805,2015-08-30,4,11,123,3,3,4,10,Loyal,Other,Retained
2806,2014-04-06,4,10,634,1,3,3,7,Potential,Beverages,Retained
2807,2015-07-03,4,11,181,3,3,4,10,Loyal,Bakery & Grains,Retained
2808,2015-05-05,3,6,240,2,2,2,6,Churned,Other,Churned
2809,2015-04-10,2,6,265,2,1,2,5,Churned,Beverages,Churned
2810,2015-12-30,6,17,1,5,5,5,15,Champion,Fresh Produce,Retained High-Value
2811,2015-02-23,6,20,311,2,5,5,12,Loyal,Meat & Snacks,Retained
2812,2014-12-08,2,4,388,1,1,1,3,Churned,Other,Churned
2813,2015-11-16,5,16,45,5,4,5,14,Champion,Other,Retained High-Value
2814,2015-10-21,7,17,71,4,5,5,14,Champion,Other,Retained High-Value
2815,2015-09-10,4,8,112,3,3,3,9,Potential,Dairy,Retained
2816,2015-10-11,8,24,81,4,5,5,14,Champion,Fresh Produce,Retained High-Value
2817,2015-12-22,3,10,9,5,2,3,10,Loyal,Beverages,Retained
2818,2015-11-22,3,6,39,5,2,2,9,Potential,Fresh Produce,Retained
2820,2014-11-24,1,2,402,1,1,1,3,Churned,Beverages,Churned
2822,2015-12-18,2,4,13,5,1,1,7,Potential,Meat & Snacks,Retained
2823,2014-10-17,2,5,440,1,1,1,3,Churned,Bakery & Grains,Churned
2824,2015-12-07,3,9,24,5,2,3,10,Loyal,Fresh Produce,Retained
2825,2015-12-29,5,10,2,5,4,3,12,Loyal,Other,Retained
2826,2014-09-04,1,2,483,1,1,1,3,Churned,Meat & Snacks,Churned
2827,2015-10-31,2,8,61,4,1,3,8,Potential,Dairy,Retained
2828,2014-02-01,1,2,698,1,1,1,3,Churned,Other,Churned
2829,2015-12-19,3,10,12,5,2,3,10,Loyal,Beverages,Retained
2830,2015-06-22,4,11,192,2,3,4,9,Potential,Other,Retained
2831,2015-01-06,4,9,359,1,3,3,7,Potential,Fresh Produce,Retained
2832,2015-11-02,5,11,59,4,4,4,12,Loyal,Other,Retained
2833,2015-08-14,1,4,139,3,1,1,5,At-Risk,Meat & Snacks,Churned
2834,2015-12-26,4,10,5,5,3,3,11,Loyal,Fresh Produce,Retained
2835,2015-10-09,7,19,83,4,5,5,14,Champion,Dairy,Retained High-Value
2836,2015-12-29,5,12,2,5,4,4,13,Champion,Dairy,Retained High-Value
2837,2015-09-19,5,11,103,4,4,4,12,Loyal,Other,Retained
2838,2015-11-10,3,7,51,4,2,2,8,Potential,Bakery & Grains,Retained
2839,2015-10-31,3,8,61,4,2,3,9,Potential,Other,Retained
2840,2015-08-07,6,15,146,3,5,5,13,Champion,Dairy,Retained High-Value
2841,2015-12-20,1,2,11,5,1,1,7,Potential,Dairy,Retained
2842,2015-07-29,2,4,155,3,1,1,5,At-Risk,Beverages,Churned
2843,2015-12-14,4,9,17,5,3,3,11,Loyal,Bakery & Grains,Retained
2844,2015-05-21,1,2,224,2,1,1,4,Churned,Fresh Produce,Churned
2845,2015-10-01,2,4,91,4,1,1,6,At-Risk,Other,Churned
2846,2015-09-23,3,6,99,4,2,2,8,Potential,Other,Retained
2847,2015-11-23,6,13,38,5,5,4,14,Champion,Other,Retained High-Value
2848,2015-11-15,2,4,46,5,1,1,7,Potential,Beverages,Retained
2849,2015-11-24,5,11,37,5,4,4,13,Champion,Other,Retained High-Value
2850,2015-03-27,4,9,279,2,3,3,8,Potential,Fresh Produce,Retained
2851,2015-09-16,9,29,106,3,5,5,13,Champion,Bakery & Grains,Retained High-Value
2852,2015-06-08,1,2,206,2,1,1,4,Churned,Other,Churned
2853,2014-11-17,2,5,409,1,1,1,3,Churned,Other,Churned
2854,2015-02-08,4,11,326,1,3,4,8,Potential,Bakery & Grains,Retained
2855,2015-11-08,8,23,53,4,5,5,14,Champion,Beverages,Retained High-Value
2856,2015-08-21,2,4,132,3,1,1,5,At-Risk,Other,Churned
2857,2015-04-18,6,15,257,2,5,5,12,Loyal,Other,Retained
2858,2014-08-24,1,3,494,1,1,1,3,Churned,Other,Churned
2859,2015-02-11,2,4,323,2,1,1,4,Churned,Other,Churned
2860,2015-12-20,6,14,11,5,5,4,14,Champion,Fresh Produce,Retained High-Value
2861,2015-12-02,5,12,29,5,4,4,13,Champion,Bakery & Grains,Retained High-Value
2862,2015-08-08,3,6,145,3,2,2,7,Potential,Other,Retained
2863,2014-07-07,3,7,542,1,2,2,5,Churned,Other,Churned
2864,2015-08-03,4,10,150,3,3,3,9,Potential,Other,Retained
2865,2015-11-04,3,8,57,4,2,3,9,Potential,Other,Retained
2866,2014-04-16,1,2,624,1,1,1,3,Churned,Other,Churned
2867,2015-12-23,5,15,8,5,4,5,14,Champion,Fresh Produce,Retained High-Value
2868,2015-12-04,8,21,27,5,5,5,15,Champion,Other,Retained High-Value
2869,2015-12-10,4,14,21,5,3,4,12,Loyal,Beverages,Retained
2870,2015-10-25,5,13,67,4,4,4,12,Loyal,Meat & Snacks,Retained
2871,2015-12-20,4,8,11,5,3,3,11,Loyal,Other,Retained
2872,2015-09-19,3,8,103,4,2,3,9,Potential,Dairy,Retained
2873,2015-09-03,6,16,119,3,5,5,13,Champion,Bakery & Grains,Retained High-Value
2874,2015-09-09,4,16,113,3,3,5,11,Loyal,Meat & Snacks,Retained
2875,2015-11-01,3,7,60,4,2,2,8,Potential,Other,Retained
2876,2015-10-30,5,12,62,4,4,4,12,Loyal,Other,Retained
2877,2015-04-10,2,6,265,2,1,2,5,Churned,Other,Churned
2878,2014-11-04,2,4,422,1,1,1,3,Churned,Bakery & Grains,Churned
2879,2015-12-28,5,13,3,5,4,4,13,Champion,Other,Retained High-Value
2880,2015-11-03,3,8,58,4,2,3,9,Potential,Beverages,Retained
2881,2014-06-01,2,4,578,1,1,1,3,Churned,Dairy,Churned
2882,2015-06-25,4,11,189,3,3,4,10,Loyal,Other,Retained
2883,2015-10-12,4,10,80,4,3,3,10,Loyal,Bakery & Grains,Retained
2884,2015-12-28,4,8,3,5,3,3,11,Loyal,Fresh Produce,Retained
2885,2015-11-19,5,14,42,5,4,4,13,Champion,Other,Retained High-Value
2886,2014-12-12,2,4,384,1,1,1,3,Churned,Other,Churned
2887,2015-01-17,2,4,348,1,1,1,3,Churned,Other,Churned
2888,2015-12-20,4,9,11,5,3,3,11,Loyal,Fresh Produce,Retained
2889,2015-01-20,1,2,345,1,1,1,3,Churned,Dairy,Churned
2890,2015-04-26,2,6,249,2,1,2,5,Churned,Other,Churned
2891,2015-07-02,1,5,182,3,1,1,5,At-Risk,Other,Churned
2892,2014-11-20,2,5,406,1,1,1,3,Churned,Meat & Snacks,Churned
2893,2015-12-12,5,11,19,5,4,4,13,Champion,Bakery & Grains,Retained High-Value
2894,2015-03-14,1,2,292,2,1,1,4,Churned,Dairy,Churned
2895,2015-08-14,1,3,139,3,1,1,5,At-Risk,Other,Churned
2897,2015-01-27,3,6,338,1,2,2,5,Churned,Dairy,Churned
2898,2014-07-23,3,7,526,1,2,2,5,Churned,Beverages,Churned
2899,2015-11-24,4,11,37,5,3,4,12,Loyal,Meat & Snacks,Retained
2900,2015-04-11,4,12,264,2,3,4,9,Potential,Meat & Snacks,Retained
2901,2014-08-09,4,8,509,1,3,3,7,Potential,Fresh Produce,Retained
2902,2015-08-16,3,7,137,3,2,2,7,Potential,Bakery & Grains,Retained
2903,2015-08-08,3,12,145,3,2,4,9,Potential,Fresh Produce,Retained
2904,2015-09-17,4,10,105,4,3,3,10,Loyal,Other,Retained
2905,2015-10-22,2,6,70,4,1,2,7,Potential,Other,Retained
2906,2015-07-08,5,11,176,3,4,4,11,Loyal,Dairy,Retained
2907,2014-12-19,7,17,377,1,5,5,11,Loyal,Other,Retained
2908,2015-03-15,3,8,291,2,2,3,7,Potential,Dairy,Retained
2909,2015-05-08,5,11,237,2,4,4,10,Loyal,Dairy,Retained
2910,2015-12-04,5,15,27,5,4,5,14,Champion,Other,Retained High-Value
2911,2015-07-14,2,4,170,3,1,1,5,At-Risk,Dairy,Churned
2912,2015-01-28,5,11,337,1,4,4,9,Potential,Meat & Snacks,Retained
2913,2015-07-04,2,4,180,3,1,1,5,At-Risk,Meat & Snacks,Churned
2914,2015-11-30,4,9,31,5,3,3,11,Loyal,Dairy,Retained
2915,2014-11-04,2,4,422,1,1,1,3,Churned,Meat & Snacks,Churned
2916,2015-06-13,4,15,201,2,3,5,10,Loyal,Dairy,Retained
2917,2014-05-27,2,6,583,1,1,2,4,Churned,Other,Churned
2918,2015-12-11,8,21,20,5,5,5,15,Champion,Other,Retained High-Value
2919,2015-06-30,2,4,184,3,1,1,5,At-Risk,Other,Churned
2920,2015-10-11,5,11,81,4,4,4,12,Loyal,Other,Retained
2921,2014-11-27,3,9,399,1,2,3,6,Churned,Beverages,Churned
2922,2015-12-26,3,6,5,5,2,2,9,Potential,Other,Retained
2923,2014-11-02,2,5,424,1,1,1,3,Churned,Fresh Produce,Churned
2924,2015-11-19,4,11,42,5,3,4,12,Loyal,Bakery & Grains,Retained
2925,2015-12-11,7,16,20,5,5,5,15,Champion,Other,Retained High-Value
2926,2015-11-08,3,7,53,4,2,2,8,Potential,Other,Retained
2927,2015-02-03,5,10,331,1,4,3,8,Potential,Bakery & Grains,Retained
2928,2015-09-22,4,9,100,4,3,3,10,Loyal,Meat & Snacks,Retained
2929,2014-10-22,2,4,435,1,1,1,3,Churned,Dairy,Churned
2930,2015-03-23,4,14,283,2,3,4,9,Potential,Beverages,Retained
2931,2014-07-05,1,3,544,1,1,1,3,Churned,Other,Churned
2932,2015-03-20,4,17,286,2,3,5,10,Loyal,Other,Retained
2933,2015-04-06,2,8,269,2,1,3,6,Churned,Other,Churned
2934,2015-09-13,4,9,109,3,3,3,9,Potential,Fresh Produce,Retained
2935,2015-01-09,4,10,356,1,3,3,7,Potential,Other,Retained
2936,2015-06-08,2,5,206,2,1,1,4,Churned,Other,Churned
2937,2015-07-31,7,17,153,3,5,5,13,Champion,Bakery & Grains,Retained High-Value
2938,2015-06-25,3,7,189,3,2,2,7,Potential,Other,Retained
2939,2015-08-03,3,8,150,3,2,3,8,Potential,Beverages,Retained
2940,2015-11-07,4,11,54,4,3,4,11,Loyal,Other,Retained
2941,2015-10-03,6,12,89,4,5,4,13,Champion,Other,Retained High-Value
2942,2015-02-01,3,12,333,1,2,4,7,Potential,Other,Retained
2943,2015-06-20,4,8,194,2,3,3,8,Potential,Other,Retained
2944,2015-02-01,4,14,333,1,3,4,8,Potential,Other,Retained
2945,2015-07-19,2,5,165,3,1,1,5,At-Risk,Fresh Produce,Churned
2946,2015-11-04,8,18,57,4,5,5,14,Champion,Other,Retained High-Value
2947,2015-07-16,3,7,168,3,2,2,7,Potential,Other,Retained
2948,2015-06-19,4,10,195,2,3,3,8,Potential,Other,Retained
2949,2014-06-01,2,5,578,1,1,1,3,Churned,Beverages,Churned
2950,2015-10-10,6,15,82,4,5,5,14,Champion,Other,Retained High-Value
2951,2015-12-22,3,7,9,5,2,2,9,Potential,Beverages,Retained
2952,2015-11-25,5,15,36,5,4,5,14,Champion,Other,Retained High-Value
2953,2015-01-04,1,3,361,1,1,1,3,Churned,Other,Churned
2954,2015-06-05,3,7,209,2,2,2,6,Churned,Fresh Produce,Churned
2955,2015-06-06,6,15,208,2,5,5,12,Loyal,Meat & Snacks,Retained
2956,2015-12-02,5,11,29,5,4,4,13,Champion,Other,Retained High-Value
2957,2015-11-27,7,19,34,5,5,5,15,Champion,Other,Retained High-Value
2958,2015-06-14,5,10,200,2,4,3,9,Potential,Beverages,Retained
2960,2015-12-19,9,26,12,5,5,5,15,Champion,Other,Retained High-Value
2961,2015-11-16,6,20,45,5,5,5,15,Champion,Bakery & Grains,Retained High-Value
2962,2015-04-26,4,9,249,2,3,3,8,Potential,Other,Retained
2963,2014-05-27,2,4,583,1,1,1,3,Churned,Other,Churned
2964,2015-08-11,5,12,142,3,4,4,11,Loyal,Other,Retained
2965,2014-06-07,2,6,572,1,1,2,4,Churned,Other,Churned
2966,2014-11-26,2,6,400,1,1,2,4,Churned,Fresh Produce,Churned
2967,2015-02-06,3,6,328,1,2,2,5,Churned,Beverages,Churned
2968,2015-10-17,1,2,75,4,1,1,6,At-Risk,Beverages,Churned
2969,2015-12-08,4,8,23,5,3,3,11,Loyal,Other,Retained
2970,2015-12-30,2,7,1,5,1,2,8,Potential,Other,Retained
2971,2015-01-27,3,7,338,1,2,2,5,Churned,Other,Churned
2972,2015-05-21,2,10,224,2,1,3,6,Churned,Meat & Snacks,Churned
2973,2014-12-13,5,12,383,1,4,4,9,Potential,Dairy,Retained
2974,2015-12-26,4,9,5,5,3,3,11,Loyal,Other,Retained
2975,2015-10-24,5,13,68,4,4,4,12,Loyal,Fresh Produce,Retained
2976,2015-06-02,2,5,212,2,1,1,4,Churned,Other,Churned
2977,2015-11-16,4,12,45,5,3,4,12,Loyal,Other,Retained
2978,2015-11-25,5,19,36,5,4,5,14,Champion,Other,Retained High-Value
2979,2015-08-09,4,10,144,3,3,3,9,Potential,Fresh Produce,Retained
2980,2015-04-27,3,7,248,2,2,2,6,Churned,Fresh Produce,Churned
2981,2015-12-03,4,9,28,5,3,3,11,Loyal,Beverages,Retained
2982,2015-06-25,5,12,189,3,4,4,11,Loyal,Other,Retained
2983,2015-09-11,2,4,111,3,1,1,5,At-Risk,Other,Churned
2984,2015-02-24,4,11,310,2,3,4,9,Potential,Bakery & Grains,Retained
2985,2015-05-29,2,6,216,2,1,2,5,Churned,Beverages,Churned
2986,2015-05-19,5,17,226,2,4,5,11,Loyal,Fresh Produce,Retained
2987,2014-04-16,1,2,624,1,1,1,3,Churned,Beverages,Churned
2988,2015-10-14,1,2,78,4,1,1,6,At-Risk,Beverages,Churned
2989,2015-01-30,4,12,335,1,3,4,8,Potential,Beverages,Retained
2990,2015-08-12,9,24,141,3,5,5,13,Champion,Bakery & Grains,Retained High-Value
2991,2015-02-16,5,12,318,2,4,4,10,Loyal,Fresh Produce,Retained
2992,2015-11-09,1,3,52,4,1,1,6,At-Risk,Beverages,Churned
2993,2015-05-05,6,15,240,2,5,5,12,Loyal,Other,Retained
2994,2014-07-12,2,6,537,1,1,2,4,Churned,Bakery & Grains,Churned
2995,2015-02-18,2,5,316,2,1,1,4,Churned,Beverages,Churned
2996,2015-09-26,6,14,96,4,5,4,13,Champion,Beverages,Retained High-Value
2997,2015-12-30,5,16,1,5,4,5,14,Champion,Dairy,Retained High-Value
2998,2015-07-14,2,5,170,3,1,1,5,At-Risk,Other,Churned
2999,2015-08-03,3,8,150,3,2,3,8,Potential,Dairy,Retained
3000,2014-08-22,1,2,496,1,1,1,3,Churned,Fresh Produce,Churned
3001,2015-12-24,2,4,7,5,1,1,7,Potential,Meat & Snacks,Retained
3002,2015-08-13,5,17,140,3,4,5,12,Loyal,Other,Retained
3003,2014-05-08,3,6,602,1,2,2,5,Churned,Other,Churned
3004,2015-02-10,2,4,324,2,1,1,4,Churned,Dairy,Churned
3005,2015-07-12,5,11,172,3,4,4,11,Loyal,Beverages,Retained
3006,2015-12-27,3,7,4,5,2,2,9,Potential,Other,Retained
3007,2014-12-02,2,4,394,1,1,1,3,Churned,Dairy,Churned
3008,2014-07-09,2,5,540,1,1,1,3,Churned,Beverages,Churned
3009,2015-08-14,6,14,139,3,5,4,12,Loyal,Dairy,Retained
3010,2015-08-14,5,11,139,3,4,4,11,Loyal,Bakery & Grains,Retained
3011,2015-06-22,5,11,192,2,4,4,10,Loyal,Other,Retained
3012,2015-09-20,3,6,102,4,2,2,8,Potential,Dairy,Retained
3013,2015-08-21,5,13,132,3,4,4,11,Loyal,Bakery & Grains,Retained
3014,2015-11-11,5,17,50,4,4,5,13,Champion,Fresh Produce,Retained High-Value
3015,2015-10-10,4,10,82,4,3,3,10,Loyal,Beverages,Retained
3016,2015-12-01,3,7,30,5,2,2,9,Potential,Other,Retained
3017,2015-09-28,3,6,94,4,2,2,8,Potential,Other,Retained
3018,2015-06-27,3,6,187,3,2,2,7,Potential,Fresh Produce,Retained
3019,2015-12-19,2,5,12,5,1,1,7,Potential,Other,Retained
3020,2015-08-27,3,8,126,3,2,3,8,Potential,Bakery & Grains,Retained
3021,2015-01-30,4,10,335,1,3,3,7,Potential,Fresh Produce,Retained
3022,2015-11-15,4,9,46,5,3,3,11,Loyal,Meat & Snacks,Retained
3023,2015-07-28,3,9,156,3,2,3,8,Potential,Other,Retained
3024,2014-12-23,2,5,373,1,1,1,3,Churned,Other,Churned
3025,2015-10-19,4,11,73,4,3,4,11,Loyal,Other,Retained
3026,2015-01-24,5,15,341,1,4,5,10,Loyal,Other,Retained
3027,2015-09-15,4,9,107,3,3,3,9,Potential,Other,Retained
3028,2015-06-09,6,15,205,2,5,5,12,Loyal,Other,Retained
3029,2015-05-31,3,6,214,2,2,2,6,Churned,Other,Churned
3030,2014-12-14,4,10,382,1,3,3,7,Potential,Fresh Produce,Retained
3031,2015-12-18,5,15,13,5,4,5,14,Champion,Dairy,Retained High-Value
3032,2015-06-05,2,4,209,2,1,1,4,Churned,Dairy,Churned
3033,2014-09-25,3,8,462,1,2,3,6,Churned,Other,Churned
3034,2015-05-22,5,10,223,2,4,3,9,Potential,Meat & Snacks,Retained
3035,2015-11-29,6,13,32,5,5,4,14,Champion,Other,Retained High-Value
3036,2015-09-18,3,17,104,4,2,5,11,Loyal,Other,Retained
3037,2015-02-23,2,5,311,2,1,1,4,Churned,Dairy,Churned
3038,2015-01-11,5,12,354,1,4,4,9,Potential,Other,Retained
3039,2015-11-28,4,10,33,5,3,3,11,Loyal,Fresh Produce,Retained
3040,2014-10-11,1,4,446,1,1,1,3,Churned,Other,Churned
3041,2015-09-15,5,14,107,3,4,4,11,Loyal,Bakery & Grains,Retained
3042,2015-12-27,7,22,4,5,5,5,15,Champion,Fresh Produce,Retained High-Value
3043,2015-01-05,1,2,360,1,1,1,3,Churned,Beverages,Churned
3044,2015-09-29,7,19,93,4,5,5,14,Champion,Other,Retained High-Value
3045,2015-03-26,4,11,280,2,3,4,9,Potential,Fresh Produce,Retained
3046,2015-11-18,6,23,43,5,5,5,15,Champion,Other,Retained High-Value
3047,2015-09-07,2,5,115,3,1,1,5,At-Risk,Fresh Produce,Churned
3048,2015-12-10,6,19,21,5,5,5,15,Champion,Other,Retained High-Value
3049,2015-02-05,2,4,329,1,1,1,3,Churned,Other,Churned
3050,2015-12-15,9,33,16,5,5,5,15,Champion,Other,Retained High-Value
3051,2015-11-29,4,15,32,5,3,5,13,Champion,Meat & Snacks,Retained High-Value
3052,2015-07-04,2,5,180,3,1,1,5,At-Risk,Other,Churned
3053,2015-12-25,3,9,6,5,2,3,10,Loyal,Bakery & Grains,Retained
3054,2015-06-28,7,18,186,3,5,5,13,Champion,Other,Retained High-Value
3055,2015-08-18,1,7,135,3,1,2,6,At-Risk,Beverages,Churned
3056,2015-08-15,2,4,138,3,1,1,5,At-Risk,Other,Churned
3057,2014-07-16,2,5,533,1,1,1,3,Churned,Meat & Snacks,Churned
3058,2015-07-27,3,8,157,3,2,3,8,Potential,Bakery & Grains,Retained
3059,2014-12-13,4,9,383,1,3,3,7,Potential,Meat & Snacks,Retained
3060,2015-07-05,3,7,179,3,2,2,7,Potential,Fresh Produce,Retained
3061,2015-12-05,4,8,26,5,3,3,11,Loyal,Other,Retained
3062,2015-08-01,4,11,152,3,3,4,10,Loyal,Other,Retained
3063,2015-12-28,5,10,3,5,4,3,12,Loyal,Other,Retained
3064,2015-01-02,2,4,363,1,1,1,3,Churned,Other,Churned
3065,2014-12-28,3,7,368,1,2,2,5,Churned,Dairy,Churned
3066,2015-12-06,6,12,25,5,5,4,14,Champion,Other,Retained High-Value
3067,2015-11-27,5,10,34,5,4,3,12,Loyal,Other,Retained
3068,2015-06-19,3,7,195,2,2,2,6,Churned,Other,Churned
3069,2015-04-09,2,6,266,2,1,2,5,Churned,Other,Churned
3071,2015-06-13,4,15,201,2,3,5,10,Loyal,Dairy,Retained
3072,2015-06-08,5,17,206,2,4,5,11,Loyal,Other,Retained
3073,2015-01-17,2,5,348,1,1,1,3,Churned,Bakery & Grains,Churned
3074,2015-04-13,2,5,262,2,1,1,4,Churned,Other,Churned
3075,2015-10-15,3,6,77,4,2,2,8,Potential,Other,Retained
3076,2015-12-08,2,4,23,5,1,1,7,Potential,Beverages,Retained
3077,2015-08-31,6,17,122,3,5,5,13,Champion,Fresh Produce,Retained High-Value
3078,2015-09-01,2,5,121,3,1,1,5,At-Risk,Other,Churned
3079,2015-03-10,4,9,296,2,3,3,8,Potential,Beverages,Retained
3080,2014-02-15,1,2,684,1,1,1,3,Churned,Dairy,Churned
3081,2014-09-23,5,15,464,1,4,5,10,Loyal,Other,Retained
3082,2015-09-25,10,26,97,4,5,5,14,Champion,Dairy,Retained High-Value
3083,2014-09-19,4,10,468,1,3,3,7,Potential,Dairy,Retained
3084,2015-10-26,7,14,66,4,5,4,13,Champion,Fresh Produce,Retained High-Value
3085,2015-07-11,2,4,173,3,1,1,5,At-Risk,Other,Churned
3086,2015-04-04,4,12,271,2,3,4,9,Potential,Bakery & Grains,Retained
3087,2014-12-27,3,6,369,1,2,2,5,Churned,Dairy,Churned
3088,2015-12-03,3,8,28,5,2,3,10,Loyal,Other,Retained
3089,2015-10-17,5,11,75,4,4,4,12,Loyal,Bakery & Grains,Retained
3090,2015-11-04,9,22,57,4,5,5,14,Champion,Fresh Produce,Retained High-Value
3092,2015-12-24,3,6,7,5,2,2,9,Potential,Dairy,Retained
3093,2015-03-13,1,2,293,2,1,1,4,Churned,Dairy,Churned
3094,2015-10-06,8,17,86,4,5,5,14,Champion,Other,Retained High-Value
3095,2015-10-13,6,16,79,4,5,5,14,Champion,Other,Retained High-Value
3096,2015-08-22,3,7,131,3,2,2,7,Potential,Dairy,Retained
3097,2015-08-10,1,2,143,3,1,1,5,At-Risk,Other,Churned
3098,2015-09-04,2,4,118,3,1,1,5,At-Risk,Other,Churned
3099,2015-07-18,5,12,166,3,4,4,11,Loyal,Other,Retained
3100,2015-05-23,5,12,222,2,4,4,10,Loyal,Other,Retained
3101,2015-12-17,6,14,14,5,5,4,14,Champion,Other,Retained High-Value
3102,2015-12-04,4,8,27,5,3,3,11,Loyal,Meat & Snacks,Retained
3103,2014-12-10,2,4,386,1,1,1,3,Churned,Fresh Produce,Churned
3104,2015-06-04,6,18,210,2,5,5,12,Loyal,Other,Retained
3105,2014-04-12,1,2,628,1,1,1,3,Churned,Dairy,Churned
3106,2014-05-11,3,8,599,1,2,3,6,Churned,Bakery & Grains,Churned
3107,2015-11-16,7,14,45,5,5,4,14,Champion,Bakery & Grains,Retained High-Value
3108,2014-03-25,1,4,646,1,1,1,3,Churned,Beverages,Churned
3109,2015-06-29,4,9,185,3,3,3,9,Potential,Other,Retained
3110,2014-07-23,2,6,526,1,1,2,4,Churned,Other,Churned
3111,2015-12-23,6,16,8,5,5,5,15,Champion,Beverages,Retained High-Value
3112,2015-05-19,4,8,226,2,3,3,8,Potential,Other,Retained
3113,2015-06-18,5,12,196,2,4,4,10,Loyal,Other,Retained
3115,2014-10-29,7,16,428,1,5,5,11,Loyal,Fresh Produce,Retained
3116,2014-12-10,5,14,386,1,4,4,9,Potential,Other,Retained
3117,2015-09-30,4,12,92,4,3,4,11,Loyal,Dairy,Retained
3118,2015-12-29,3,7,2,5,2,2,9,Potential,Meat & Snacks,Retained
3119,2015-06-28,6,17,186,3,5,5,13,Champion,Meat & Snacks,Retained High-Value
3120,2015-12-23,10,24,8,5,5,5,15,Champion,Other,Retained High-Value
3122,2015-10-31,9,24,61,4,5,5,14,Champion,Other,Retained High-Value
3123,2014-12-15,4,9,381,1,3,3,7,Potential,Beverages,Retained
3124,2015-04-09,1,3,266,2,1,1,4,Churned,Bakery & Grains,Churned
3125,2014-10-05,2,4,452,1,1,1,3,Churned,Other,Churned
3126,2014-12-02,1,2,394,1,1,1,3,Churned,Dairy,Churned
3127,2014-12-03,4,10,393,1,3,3,7,Potential,Other,Retained
3128,2015-08-30,4,17,123,3,3,5,11,Loyal,Other,Retained
3129,2014-07-26,3,6,523,1,2,2,5,Churned,Beverages,Churned
3130,2015-05-02,3,6,243,2,2,2,6,Churned,Other,Churned
3131,2014-12-03,2,4,393,1,1,1,3,Churned,Other,Churned
3132,2015-08-29,4,10,124,3,3,3,9,Potential,Bakery & Grains,Retained
3133,2015-12-25,4,8,6,5,3,3,11,Loyal,Other,Retained
3134,2015-06-07,1,2,207,2,1,1,4,Churned,Fresh Produce,Churned
3135,2015-07-26,3,6,158,3,2,2,7,Potential,Bakery & Grains,Retained
3136,2014-04-28,1,2,612,1,1,1,3,Churned,Bakery & Grains,Churned
3137,2015-08-24,8,19,129,3,5,5,13,Champion,Other,Retained High-Value
3138,2015-04-19,4,13,256,2,3,4,9,Potential,Fresh Produce,Retained
3139,2015-04-21,7,16,254,2,5,5,12,Loyal,Other,Retained
3140,2015-08-27,6,12,126,3,5,4,12,Loyal,Other,Retained
3141,2015-11-16,7,17,45,5,5,5,15,Champion,Other,Retained High-Value
3142,2014-09-01,5,11,486,1,4,4,9,Potential,Fresh Produce,Retained
3143,2015-05-24,2,6,221,2,1,2,5,Churned,Other,Churned
3144,2015-08-16,4,13,137,3,3,4,10,Loyal,Other,Retained
3145,2015-11-16,4,8,45,5,3,3,11,Loyal,Fresh Produce,Retained
3146,2014-06-27,2,4,552,1,1,1,3,Churned,Fresh Produce,Churned
3147,2015-12-24,2,5,7,5,1,1,7,Potential,Fresh Produce,Retained
3148,2015-03-28,4,11,278,2,3,4,9,Potential,Other,Retained
3149,2014-01-25,1,3,705,1,1,1,3,Churned,Bakery & Grains,Churned
3150,2014-08-11,3,6,507,1,2,2,5,Churned,Bakery & Grains,Churned
3151,2015-09-25,3,6,97,4,2,2,8,Potential,Other,Retained
3152,2015-11-24,1,4,37,5,1,1,7,Potential,Dairy,Retained
3153,2015-10-08,6,16,84,4,5,5,14,Champion,Meat & Snacks,Retained High-Value
3154,2015-06-22,5,11,192,2,4,4,10,Loyal,Fresh Produce,Retained
3155,2014-09-22,1,2,465,1,1,1,3,Churned,Fresh Produce,Churned
3156,2015-08-02,3,6,151,3,2,2,7,Potential,Other,Retained
3157,2014-10-08,3,7,449,1,2,2,5,Churned,Meat & Snacks,Churned
3158,2014-10-04,4,9,453,1,3,3,7,Potential,Other,Retained
3159,2015-01-31,3,7,334,1,2,2,5,Churned,Other,Churned
3160,2015-05-06,5,10,239,2,4,3,9,Potential,Other,Retained
3161,2015-11-08,4,9,53,4,3,3,10,Loyal,Other,Retained
3162,2015-06-06,1,2,208,2,1,1,4,Churned,Beverages,Churned
3163,2014-12-29,2,4,367,1,1,1,3,Churned,Dairy,Churned
3164,2015-09-30,6,21,92,4,5,5,14,Champion,Beverages,Retained High-Value
3165,2015-11-27,5,18,34,5,4,5,14,Champion,Dairy,Retained High-Value
3166,2015-04-28,6,14,247,2,5,4,11,Loyal,Dairy,Retained
3167,2015-11-04,3,7,57,4,2,2,8,Potential,Bakery & Grains,Retained
3168,2015-12-16,5,12,15,5,4,4,13,Champion,Other,Retained High-Value
3169,2015-07-02,2,6,182,3,1,2,6,At-Risk,Fresh Produce,Churned
3170,2015-12-03,3,12,28,5,2,4,11,Loyal,Other,Retained
3171,2014-10-17,1,3,440,1,1,1,3,Churned,Other,Churned
3172,2015-03-01,3,7,305,2,2,2,6,Churned,Beverages,Churned
3173,2015-07-25,1,2,159,3,1,1,5,At-Risk,Other,Churned
3174,2015-02-09,2,4,325,1,1,1,3,Churned,Other,Churned
3175,2015-11-23,6,14,38,5,5,4,14,Champion,Bakery & Grains,Retained High-Value
3176,2015-08-01,6,13,152,3,5,4,12,Loyal,Bakery & Grains,Retained
3177,2014-10-18,2,4,439,1,1,1,3,Churned,Beverages,Churned
3178,2015-12-08,5,12,23,5,4,4,13,Champion,Dairy,Retained High-Value
3179,2015-03-21,1,2,285,2,1,1,4,Churned,Meat & Snacks,Churned
3180,2015-10-19,10,36,73,4,5,5,14,Champion,Fresh Produce,Retained High-Value
3181,2015-12-13,6,14,18,5,5,4,14,Champion,Bakery & Grains,Retained High-Value
3182,2015-10-15,5,14,77,4,4,4,12,Loyal,Other,Retained
3183,2015-08-07,3,7,146,3,2,2,7,Potential,Other,Retained
3184,2015-11-20,7,14,41,5,5,4,14,Champion,Other,Retained High-Value
3185,2015-03-02,4,11,304,2,3,4,9,Potential,Other,Retained
3186,2015-11-25,5,10,36,5,4,3,12,Loyal,Other,Retained
3188,2015-12-06,3,6,25,5,2,2,9,Potential,Fresh Produce,Retained
3189,2015-11-23,7,17,38,5,5,5,15,Champion,Fresh Produce,Retained High-Value
3190,2015-11-21,4,12,40,5,3,4,12,Loyal,Bakery & Grains,Retained
3191,2015-12-30,2,5,1,5,1,1,7,Potential,Other,Retained
3193,2015-01-31,4,13,334,1,3,4,8,Potential,Other,Retained
3194,2015-05-03,6,14,242,2,5,4,11,Loyal,Fresh Produce,Retained
3195,2015-07-08,3,6,176,3,2,2,7,Potential,Beverages,Retained
3196,2015-11-04,2,5,57,4,1,1,6,At-Risk,Dairy,Churned
3197,2014-03-01,1,3,670,1,1,1,3,Churned,Other,Churned
3198,2015-06-23,2,5,191,2,1,1,4,Churned,Fresh Produce,Churned
3199,2015-12-24,1,2,7,5,1,1,7,Potential,Other,Retained
3200,2015-04-01,4,8,274,2,3,3,8,Potential,Other,Retained
3201,2015-11-27,6,17,34,5,5,5,15,Champion,Other,Retained High-Value
3202,2015-11-14,3,7,47,4,2,2,8,Potential,Other,Retained
3203,2015-08-07,5,12,146,3,4,4,11,Loyal,Beverages,Retained
3204,2015-05-08,5,11,237,2,4,4,10,Loyal,Fresh Produce,Retained
3205,2015-12-11,5,13,20,5,4,4,13,Champion,Fresh Produce,Retained High-Value
3206,2015-10-13,6,12,79,4,5,4,13,Champion,Fresh Produce,Retained High-Value
3207,2015-11-26,4,15,35,5,3,5,13,Champion,Dairy,Retained High-Value
3208,2015-11-20,5,14,41,5,4,4,13,Champion,Other,Retained High-Value
3209,2015-12-28,5,11,3,5,4,4,13,Champion,Bakery & Grains,Retained High-Value
3210,2015-12-23,3,8,8,5,2,3,10,Loyal,Other,Retained
3211,2015-09-30,2,4,92,4,1,1,6,At-Risk,Bakery & Grains,Churned
3212,2015-04-18,2,4,257,2,1,1,4,Churned,Beverages,Churned
3213,2014-12-19,3,7,377,1,2,2,5,Churned,Other,Churned
3214,2015-12-22,4,15,9,5,3,5,13,Champion,Fresh Produce,Retained High-Value
3215,2015-07-21,4,10,163,3,3,3,9,Potential,Beverages,Retained
3216,2015-02-12,2,4,322,2,1,1,4,Churned,Fresh Produce,Churned
3217,2015-03-20,3,6,286,2,2,2,6,Churned,Beverages,Churned
3218,2014-06-11,2,5,568,1,1,1,3,Churned,Other,Churned
3219,2015-08-04,3,7,149,3,2,2,7,Potential,Dairy,Retained
3220,2015-11-07,5,12,54,4,4,4,12,Loyal,Meat & Snacks,Retained
3221,2015-06-29,9,23,185,3,5,5,13,Champion,Beverages,Retained High-Value
3222,2015-08-05,4,10,148,3,3,3,9,Potential,Bakery & Grains,Retained
3223,2014-08-06,1,3,512,1,1,1,3,Churned,Meat & Snacks,Churned
3224,2015-03-14,4,10,292,2,3,3,8,Potential,Fresh Produce,Retained
3225,2015-12-12,7,18,19,5,5,5,15,Champion,Other,Retained High-Value
3226,2014-10-25,4,8,432,1,3,3,7,Potential,Other,Retained
3227,2015-11-30,5,15,31,5,4,5,14,Champion,Other,Retained High-Value
3228,2015-01-26,1,8,339,1,1,3,5,Churned,Other,Churned
3229,2015-08-07,3,12,146,3,2,4,9,Potential,Beverages,Retained
3230,2015-01-14,1,2,351,1,1,1,3,Churned,Fresh Produce,Churned
3231,2015-03-31,2,5,275,2,1,1,4,Churned,Other,Churned
3232,2015-12-18,7,16,13,5,5,5,15,Champion,Beverages,Retained High-Value
3233,2014-10-26,1,2,431,1,1,1,3,Churned,Other,Churned
3234,2015-08-16,1,2,137,3,1,1,5,At-Risk,Fresh Produce,Churned
3235,2015-12-28,3,7,3,5,2,2,9,Potential,Other,Retained
3236,2015-07-04,4,10,180,3,3,3,9,Potential,Other,Retained
3237,2015-06-28,4,13,186,3,3,4,10,Loyal,Dairy,Retained
3238,2014-07-03,2,8,546,1,1,3,5,Churned,Other,Churned
3239,2015-11-27,1,2,34,5,1,1,7,Potential,Dairy,Retained
3240,2015-01-01,2,4,364,1,1,1,3,Churned,Beverages,Churned
3241,2015-09-20,3,9,102,4,2,3,9,Potential,Other,Retained
3242,2015-05-23,3,8,222,2,2,3,7,Potential,Other,Retained
3243,2014-01-02,1,2,728,1,1,1,3,Churned,Dairy,Churned
3244,2015-11-20,3,6,41,5,2,2,9,Potential,Fresh Produce,Retained
3245,2015-12-08,5,18,23,5,4,5,14,Champion,Fresh Produce,Retained High-Value
3246,2015-08-27,8,22,126,3,5,5,13,Champion,Beverages,Retained High-Value
3247,2015-11-01,7,24,60,4,5,5,14,Champion,Beverages,Retained High-Value
3248,2015-06-19,10,21,195,2,5,5,12,Loyal,Dairy,Retained
3249,2014-12-22,2,4,374,1,1,1,3,Churned,Other,Churned
3250,2015-04-12,2,5,263,2,1,1,4,Churned,Fresh Produce,Churned
3251,2015-12-26,7,21,5,5,5,5,15,Champion,Beverages,Retained High-Value
3252,2015-08-22,5,12,131,3,4,4,11,Loyal,Dairy,Retained
3253,2015-06-20,2,4,194,2,1,1,4,Churned,Other,Churned
3254,2015-10-19,4,10,73,4,3,3,10,Loyal,Fresh Produce,Retained
3255,2015-11-05,6,17,56,4,5,5,14,Champion,Beverages,Retained High-Value
3256,2015-07-30,4,9,154,3,3,3,9,Potential,Other,Retained
3257,2015-02-13,2,11,321,2,1,4,7,Potential,Beverages,Retained
3258,2015-05-20,6,13,225,2,5,4,11,Loyal,Other,Retained
3259,2015-09-02,4,9,120,3,3,3,9,Potential,Other,Retained
3260,2015-12-02,3,8,29,5,2,3,10,Loyal,Other,Retained
3262,2015-12-08,4,16,23,5,3,5,13,Champion,Other,Retained High-Value
3263,2014-07-17,3,7,532,1,2,2,5,Churned,Other,Churned
3264,2015-04-05,5,10,270,2,4,3,9,Potential,Other,Retained
3265,2015-12-09,2,7,22,5,1,2,8,Potential,Bakery & Grains,Retained
3266,2015-10-25,7,22,67,4,5,5,14,Champion,Beverages,Retained High-Value
3267,2015-01-18,4,9,347,1,3,3,7,Potential,Other,Retained
3268,2015-11-06,7,16,55,4,5,5,14,Champion,Fresh Produce,Retained High-Value
3269,2015-10-07,2,5,85,4,1,1,6,At-Risk,Dairy,Churned
3270,2015-05-15,1,2,230,2,1,1,4,Churned,Dairy,Churned
3271,2015-12-27,3,7,4,5,2,2,9,Potential,Other,Retained
3272,2015-06-21,2,4,193,2,1,1,4,Churned,Other,Churned
3273,2015-09-26,3,9,96,4,2,3,9,Potential,Dairy,Retained
3275,2015-10-26,3,8,66,4,2,3,9,Potential,Other,Retained
3276,2015-06-30,4,15,184,3,3,5,11,Loyal,Other,Retained
3277,2014-10-31,3,7,426,1,2,2,5,Churned,Other,Churned
3278,2014-11-29,2,4,397,1,1,1,3,Churned,Beverages,Churned
3279,2014-11-26,3,7,400,1,2,2,5,Churned,Meat & Snacks,Churned
3280,2015-07-13,3,6,171,3,2,2,7,Potential,Meat & Snacks,Retained
3281,2015-10-25,3,6,67,4,2,2,8,Potential,Other,Retained
3282,2015-06-22,5,11,192,2,4,4,10,Loyal,Dairy,Retained
3283,2015-07-02,4,9,182,3,3,3,9,Potential,Other,Retained
3284,2015-11-19,7,16,42,5,5,5,15,Champion,Other,Retained High-Value
3285,2015-07-12,2,7,172,3,1,2,6,At-Risk,Fresh Produce,Churned
3286,2015-12-23,2,4,8,5,1,1,7,Potential,Other,Retained
3287,2015-02-02,4,13,332,1,3,4,8,Potential,Other,Retained
3288,2015-04-26,3,6,249,2,2,2,6,Churned,Other,Churned
3289,2015-12-26,10,29,5,5,5,5,15,Champion,Dairy,Retained High-Value
3290,2015-05-29,1,2,216,2,1,1,4,Churned,Meat & Snacks,Churned
3291,2015-08-02,2,4,151,3,1,1,5,At-Risk,Other,Churned
3292,2015-09-13,3,6,109,3,2,2,7,Potential,Other,Retained
3293,2015-05-09,3,7,236,2,2,2,6,Churned,Other,Churned
3294,2015-07-03,6,13,181,3,5,4,12,Loyal,Other,Retained
3295,2015-07-28,3,10,156,3,2,3,8,Potential,Dairy,Retained
3296,2015-08-17,5,14,136,3,4,4,11,Loyal,Other,Retained
3297,2015-05-21,5,12,224,2,4,4,10,Loyal,Dairy,Retained
3298,2015-05-26,4,10,219,2,3,3,8,Potential,Dairy,Retained
3299,2015-02-28,4,11,306,2,3,4,9,Potential,Other,Retained
3300,2015-10-06,4,11,86,4,3,4,11,Loyal,Dairy,Retained
3301,2015-04-25,1,2,250,2,1,1,4,Churned,Beverages,Churned
3302,2015-05-22,3,6,223,2,2,2,6,Churned,Dairy,Churned
3303,2015-01-25,3,8,340,1,2,3,6,Churned,Other,Churned
3304,2015-11-30,3,10,31,5,2,3,10,Loyal,Other,Retained
3305,2015-06-24,3,6,190,2,2,2,6,Churned,Other,Churned
3306,2015-12-29,7,16,2,5,5,5,15,Champion,Other,Retained High-Value
3307,2015-10-06,4,11,86,4,3,4,11,Loyal,Meat & Snacks,Retained
3308,2015-10-23,9,28,69,4,5,5,14,Champion,Dairy,Retained High-Value
3309,2015-10-28,7,16,64,4,5,5,14,Champion,Dairy,Retained High-Value
3310,2015-05-14,4,11,231,2,3,4,9,Potential,Beverages,Retained
3311,2015-07-01,3,8,183,3,2,3,8,Potential,Dairy,Retained
3312,2015-12-24,4,9,7,5,3,3,11,Loyal,Bakery & Grains,Retained
3313,2015-04-08,3,6,267,2,2,2,6,Churned,Beverages,Churned
3314,2014-08-13,1,2,505,1,1,1,3,Churned,Other,Churned
3315,2015-11-19,5,13,42,5,4,4,13,Champion,Dairy,Retained High-Value
3316,2015-01-07,3,7,358,1,2,2,5,Churned,Bakery & Grains,Churned
3317,2015-06-29,3,7,185,3,2,2,7,Potential,Other,Retained
3318,2015-07-21,2,4,163,3,1,1,5,At-Risk,Fresh Produce,Churned
3319,2015-11-17,2,5,44,5,1,1,7,Potential,Other,Retained
3320,2014-04-12,3,6,628,1,2,2,5,Churned,Bakery & Grains,Churned
3321,2015-12-25,5,14,6,5,4,4,13,Champion,Other,Retained High-Value
3322,2015-10-11,6,16,81,4,5,5,14,Champion,Beverages,Retained High-Value
3323,2015-12-09,4,11,22,5,3,4,12,Loyal,Other,Retained
3324,2015-08-24,5,11,129,3,4,4,11,Loyal,Fresh Produce,Retained
3325,2015-11-29,5,13,32,5,4,4,13,Champion,Other,Retained High-Value
3326,2015-04-30,2,4,245,2,1,1,4,Churned,Other,Churned
3327,2015-05-04,6,14,241,2,5,4,11,Loyal,Bakery & Grains,Retained
3328,2015-10-15,4,11,77,4,3,4,11,Loyal,Bakery & Grains,Retained
3329,2015-02-21,5,13,313,2,4,4,10,Loyal,Bakery & Grains,Retained
3330,2015-07-26,2,5,158,3,1,1,5,At-Risk,Other,Churned
3331,2015-07-25,2,8,159,3,1,3,7,Potential,Beverages,Retained
3332,2015-01-31,2,5,334,1,1,1,3,Churned,Meat & Snacks,Churned
3333,2015-02-22,2,4,312,2,1,1,4,Churned,Dairy,Churned
3334,2015-05-03,4,9,242,2,3,3,8,Potential,Other,Retained
3335,2014-09-05,1,4,482,1,1,1,3,Churned,Other,Churned
3336,2015-03-26,1,2,280,2,1,1,4,Churned,Meat & Snacks,Churned
3337,2015-06-10,5,16,204,2,4,5,11,Loyal,Dairy,Retained
3338,2015-08-17,4,9,136,3,3,3,9,Potential,Other,Retained
3339,2015-12-08,3,9,23,5,2,3,10,Loyal,Other,Retained
3341,2015-12-15,2,5,16,5,1,1,7,Potential,Other,Retained
3342,2015-06-22,4,8,192,2,3,3,8,Potential,Other,Retained
3343,2015-05-10,5,10,235,2,4,3,9,Potential,Other,Retained
3344,2015-04-01,5,12,274,2,4,4,10,Loyal,Dairy,Retained
3345,2015-09-30,1,2,92,4,1,1,6,At-Risk,Beverages,Churned
3346,2015-05-11,3,6,234,2,2,2,6,Churned,Other,Churned
3347,2015-06-05,5,14,209,2,4,4,10,Loyal,Bakery & Grains,Retained
3348,2015-12-05,6,14,26,5,5,4,14,Champion,Fresh Produce,Retained High-Value
3349,2014-07-12,3,8,537,1,2,3,6,Churned,Fresh Produce,Churned
3350,2014-05-23,2,4,587,1,1,1,3,Churned,Fresh Produce,Churned
3351,2015-10-14,2,6,78,4,1,2,7,Potential,Fresh Produce,Retained
3352,2015-11-08,3,7,53,4,2,2,8,Potential,Meat & Snacks,Retained
3353,2015-08-14,6,19,139,3,5,5,13,Champion,Other,Retained High-Value
3354,2015-11-29,6,15,32,5,5,5,15,Champion,Other,Retained High-Value
3355,2015-12-02,2,6,29,5,1,2,8,Potential,Other,Retained
3356,2015-05-23,6,16,222,2,5,5,12,Loyal,Beverages,Retained
3357,2015-06-08,3,9,206,2,2,3,7,Potential,Other,Retained
3358,2015-03-29,5,18,277,2,4,5,11,Loyal,Other,Retained
3359,2014-07-25,2,5,524,1,1,1,3,Churned,Other,Churned
3360,2015-11-14,3,11,47,4,2,4,10,Loyal,Bakery & Grains,Retained
3361,2015-07-22,9,22,162,3,5,5,13,Champion,Other,Retained High-Value
3362,2014-05-31,1,2,579,1,1,1,3,Churned,Fresh Produce,Churned
3363,2015-12-29,6,13,2,5,5,4,14,Champion,Fresh Produce,Retained High-Value
3364,2015-09-14,5,12,108,3,4,4,11,Loyal,Meat & Snacks,Retained
3365,2015-10-25,6,15,67,4,5,5,14,Champion,Other,Retained High-Value
3366,2014-12-19,2,4,377,1,1,1,3,Churned,Other,Churned
3367,2014-02-27,1,2,672,1,1,1,3,Churned,Other,Churned
3368,2015-03-09,3,6,297,2,2,2,6,Churned,Bakery & Grains,Churned
3369,2015-12-29,5,15,2,5,4,5,14,Champion,Bakery & Grains,Retained High-Value
3370,2015-11-12,4,11,49,4,3,4,11,Loyal,Beverages,Retained
3372,2014-02-25,1,2,674,1,1,1,3,Churned,Meat & Snacks,Churned
3373,2015-12-24,2,4,7,5,2,1,8,Potential,Beverages,Retained
3374,2015-08-27,2,5,126,3,2,1,6,At-Risk,Other,Churned
3375,2015-04-26,3,7,249,2,2,2,6,Churned,Beverages,Churned
3376,2014-01-07,1,3,723,1,1,1,3,Churned,Beverages,Churned
3377,2014-08-29,1,2,489,1,1,1,3,Churned,Other,Churned
3378,2015-01-13,4,9,352,1,3,3,7,Potential,Meat & Snacks,Retained
3379,2015-01-21,2,5,344,1,2,1,4,Churned,Other,Churned
3380,2015-11-11,6,18,50,4,5,5,14,Champion,Dairy,Retained High-Value
3381,2014-12-05,2,4,391,1,2,1,4,Churned,Dairy,Churned
3382,2014-11-13,3,10,413,1,2,3,6,Churned,Bakery & Grains,Churned
3383,2014-11-13,3,6,413,1,2,2,5,Churned,Beverages,Churned
3384,2015-11-29,5,10,32,5,4,3,12,Loyal,Other,Retained
3385,2015-06-28,4,11,186,3,3,4,10,Loyal,Other,Retained
3386,2015-02-03,4,8,331,1,3,3,7,Potential,Fresh Produce,Retained
3387,2015-05-10,3,7,235,2,2,2,6,Churned,Other,Churned
3389,2015-08-17,5,13,136,3,4,4,11,Loyal,Dairy,Retained
3390,2015-12-01,5,11,30,5,4,4,13,Champion,Other,Retained High-Value
3391,2015-12-21,1,2,10,5,1,1,7,Potential,Meat & Snacks,Retained
3393,2015-11-07,6,20,54,4,5,5,14,Champion,Dairy,Retained High-Value
3394,2015-12-13,3,7,18,5,2,2,9,Potential,Dairy,Retained
3395,2015-08-19,2,4,134,3,2,1,6,At-Risk,Bakery & Grains,Churned
3396,2015-05-14,5,13,231,2,4,4,10,Loyal,Other,Retained
3397,2015-02-20,3,6,314,2,2,2,6,Churned,Beverages,Churned
3398,2015-03-11,4,11,295,2,3,4,9,Potential,Other,Retained
3399,2015-07-19,4,15,165,3,3,5,11,Loyal,Other,Retained
3400,2015-03-04,3,12,302,2,2,4,8,Potential,Bakery & Grains,Retained
3401,2015-09-28,3,10,94,4,2,3,9,Potential,Fresh Produce,Retained
3402,2015-08-16,9,21,137,3,5,5,13,Champion,Bakery & Grains,Retained High-Value
3403,2014-04-16,3,7,624,1,2,2,5,Churned,Beverages,Churned
3404,2015-12-07,2,4,24,5,2,1,8,Potential,Other,Retained
3405,2015-04-13,4,18,262,2,3,5,10,Loyal,Dairy,Retained
3406,2015-10-23,3,6,69,4,2,2,8,Potential,Meat & Snacks,Retained
3407,2015-03-25,4,9,281,2,3,3,8,Potential,Beverages,Retained
3408,2015-11-05,2,6,56,4,2,2,8,Potential,Other,Retained
3409,2015-12-11,4,13,20,5,3,4,12,Loyal,Other,Retained
3410,2015-10-29,7,14,63,4,5,4,13,Champion,Other,Retained High-Value
3411,2015-06-19,4,8,195,2,3,3,8,Potential,Other,Retained
3412,2015-01-26,1,4,339,1,1,1,3,Churned,Beverages,Churned
3413,2015-09-23,5,10,99,4,4,3,11,Loyal,Meat & Snacks,Retained
3414,2015-10-23,4,13,69,4,3,4,11,Loyal,Beverages,Retained
3415,2015-05-27,2,6,218,2,2,2,6,Churned,Beverages,Churned
3416,2015-11-15,5,14,46,5,4,4,13,Champion,Beverages,Retained High-Value
3417,2015-12-15,2,8,16,5,2,3,10,Loyal,Bakery & Grains,Retained
3418,2015-03-13,2,4,293,2,2,1,5,Churned,Other,Churned
3419,2015-12-05,3,10,26,5,2,3,10,Loyal,Other,Retained
3420,2015-02-27,3,6,307,2,2,2,6,Churned,Fresh Produce,Churned
3421,2015-05-12,4,11,233,2,3,4,9,Potential,Meat & Snacks,Retained
3422,2014-07-27,1,2,522,1,1,1,3,Churned,Fresh Produce,Churned
3423,2015-06-02,4,8,212,2,3,3,8,Potential,Dairy,Retained
3424,2015-08-16,3,11,137,3,2,4,9,Potential,Dairy,Retained
3425,2014-12-15,3,6,381,1,2,2,5,Churned,Beverages,Churned
3426,2015-10-25,4,8,67,4,3,3,10,Loyal,Fresh Produce,Retained
3427,2015-04-28,4,9,247,2,3,3,8,Potential,Other,Retained
3428,2015-03-16,3,8,290,2,2,3,7,Potential,Fresh Produce,Retained
3429,2015-06-29,6,18,185,3,5,5,13,Champion,Fresh Produce,Retained High-Value
3430,2015-04-16,4,16,259,2,3,5,10,Loyal,Fresh Produce,Retained
3431,2014-07-31,1,2,518,1,1,1,3,Churned,Other,Churned
3432,2015-04-04,2,4,271,2,2,1,5,Churned,Other,Churned
3433,2015-10-01,3,7,91,4,2,2,8,Potential,Other,Retained
3434,2015-06-10,1,5,204,2,1,1,4,Churned,Beverages,Churned
3435,2014-11-08,5,10,418,1,4,3,8,Potential,Beverages,Retained
3436,2015-03-27,1,2,279,2,1,1,4,Churned,Meat & Snacks,Churned
3437,2015-02-02,6,14,332,1,5,4,10,Loyal,Other,Retained
3438,2015-12-27,6,16,4,5,5,5,15,Champion,Bakery & Grains,Retained High-Value
3439,2015-08-25,5,11,128,3,4,4,11,Loyal,Other,Retained
3440,2015-12-21,1,6,10,5,1,2,8,Potential,Fresh Produce,Retained
3441,2015-04-12,2,6,263,2,2,2,6,Churned,Fresh Produce,Churned
3442,2015-11-14,5,13,47,4,4,4,12,Loyal,Bakery & Grains,Retained
3443,2015-10-23,4,8,69,4,3,3,10,Loyal,Dairy,Retained
3444,2014-04-08,2,8,632,1,2,3,6,Churned,Bakery & Grains,Churned
3445,2015-10-01,3,6,91,4,2,2,8,Potential,Meat & Snacks,Retained
3447,2015-11-27,4,13,34,5,3,4,12,Loyal,Beverages,Retained
3448,2014-09-26,1,2,461,1,1,1,3,Churned,Meat & Snacks,Churned
3449,2015-11-29,3,8,32,5,2,3,10,Loyal,Meat & Snacks,Retained
3450,2015-12-24,7,17,7,5,5,5,15,Champion,Fresh Produce,Retained High-Value
3451,2015-08-31,4,8,122,3,3,3,9,Potential,Beverages,Retained
3452,2015-11-01,4,8,60,4,3,3,10,Loyal,Other,Retained
3453,2015-12-16,2,4,15,5,2,1,8,Potential,Other,Retained
3454,2015-12-17,1,2,14,5,1,1,7,Potential,Fresh Produce,Retained
3455,2015-11-18,3,8,43,5,2,3,10,Loyal,Beverages,Retained
3456,2015-09-10,5,13,112,3,4,4,11,Loyal,Dairy,Retained
3457,2014-11-09,2,6,417,1,2,2,5,Churned,Other,Churned
3458,2015-08-13,5,10,140,3,4,3,10,Loyal,Bakery & Grains,Retained
3459,2015-08-05,4,9,148,3,3,3,9,Potential,Bakery & Grains,Retained
3460,2015-11-24,4,16,37,5,3,5,13,Champion,Fresh Produce,Retained High-Value
3461,2015-06-26,2,6,188,3,2,2,7,Potential,Other,Retained
3462,2015-11-15,9,25,46,5,5,5,15,Champion,Other,Retained High-Value
3463,2015-09-24,4,8,98,4,3,3,10,Loyal,Other,Retained
3464,2014-06-30,2,4,549,1,2,1,4,Churned,Other,Churned
3465,2015-11-01,9,22,60,4,5,5,14,Champion,Other,Retained High-Value
3466,2014-12-09,2,7,387,1,2,2,5,Churned,Dairy,Churned
3467,2015-12-24,6,13,7,5,5,4,14,Champion,Fresh Produce,Retained High-Value
3468,2015-11-14,4,11,47,4,3,4,11,Loyal,Other,Retained
3469,2015-05-20,5,16,225,2,4,5,11,Loyal,Fresh Produce,Retained
3470,2015-10-04,3,9,88,4,2,3,9,Potential,Other,Retained
3471,2015-10-12,4,10,80,4,3,3,10,Loyal,Meat & Snacks,Retained
3472,2015-04-30,3,12,245,2,2,4,8,Potential,Other,Retained
3473,2015-04-07,3,6,268,2,2,2,6,Churned,Fresh Produce,Churned
3474,2015-08-25,7,16,128,3,5,5,13,Champion,Other,Retained High-Value
3475,2015-12-14,4,10,17,5,3,3,11,Loyal,Dairy,Retained
3476,2015-06-28,6,15,186,3,5,5,13,Champion,Other,Retained High-Value
3477,2014-07-17,1,3,532,1,1,1,3,Churned,Beverages,Churned
3478,2015-04-02,1,2,273,2,1,1,4,Churned,Beverages,Churned
3479,2015-03-24,4,8,282,2,3,3,8,Potential,Bakery & Grains,Retained
3480,2015-05-07,5,12,238,2,4,4,10,Loyal,Fresh Produce,Retained
3481,2015-10-04,4,16,88,4,3,5,12,Loyal,Dairy,Retained
3482,2014-07-30,3,7,519,1,2,2,5,Churned,Fresh Produce,Churned
3483,2015-11-22,6,15,39,5,5,5,15,Champion,Other,Retained High-Value
3484,2015-11-21,10,23,40,5,5,5,15,Champion,Other,Retained High-Value
3485,2015-07-22,3,6,162,3,2,2,7,Potential,Meat & Snacks,Retained
3486,2015-12-23,5,12,8,5,4,4,13,Champion,Other,Retained High-Value
3487,2014-10-25,6,12,432,1,5,4,10,Loyal,Other,Retained
3488,2015-12-21,3,7,10,5,2,2,9,Potential,Other,Retained
3489,2015-11-18,5,15,43,5,4,5,14,Champion,Other,Retained High-Value
3490,2015-07-09,1,2,175,3,1,1,5,At-Risk,Other,Churned
3491,2015-10-26,7,14,66,4,5,4,13,Champion,Fresh Produce,Retained High-Value
3493,2015-02-02,4,8,332,1,3,3,7,Potential,Beverages,Retained
3494,2015-07-04,3,7,180,3,2,2,7,Potential,Fresh Produce,Retained
3495,2015-11-18,8,22,43,5,5,5,15,Champion,Other,Retained High-Value
3496,2015-09-22,4,10,100,4,3,3,10,Loyal,Fresh Produce,Retained
3497,2015-11-24,5,23,37,5,4,5,14,Champion,Dairy,Retained High-Value
3498,2015-03-31,4,8,275,2,3,3,8,Potential,Other,Retained
3499,2015-05-04,8,18,241,2,5,5,12,Loyal,Fresh Produce,Retained
3500,2015-07-21,5,17,163,3,4,5,12,Loyal,Other,Retained
3501,2015-07-27,2,4,157,3,2,1,6,At-Risk,Other,Churned
3502,2014-09-09,5,11,478,1,4,4,9,Potential,Beverages,Retained
3503,2015-11-29,1,2,32,5,1,1,7,Potential,Beverages,Retained
3504,2015-11-05,4,19,56,4,3,5,12,Loyal,Other,Retained
3505,2015-10-11,6,15,81,4,5,5,14,Champion,Other,Retained High-Value
3507,2015-11-10,7,18,51,4,5,5,14,Champion,Other,Retained High-Value
3508,2015-08-15,7,17,138,3,5,5,13,Champion,Bakery & Grains,Retained High-Value
3509,2015-07-08,4,14,176,3,3,4,10,Loyal,Meat & Snacks,Retained
3510,2015-01-02,1,2,363,1,1,1,3,Churned,Dairy,Churned
3511,2015-11-15,7,14,46,5,5,4,14,Champion,Other,Retained High-Value
3512,2015-11-17,2,4,44,5,2,1,8,Potential,Fresh Produce,Retained
3513,2015-08-29,2,7,124,3,2,2,7,Potential,Beverages,Retained
3514,2014-12-13,2,4,383,1,2,1,4,Churned,Other,Churned
3515,2015-07-03,5,12,181,3,4,4,11,Loyal,Other,Retained
3516,2015-12-13,3,7,18,5,2,2,9,Potential,Bakery & Grains,Retained
3517,2015-12-11,8,22,20,5,5,5,15,Champion,Other,Retained High-Value
3518,2015-10-26,6,16,66,4,5,5,14,Champion,Other,Retained High-Value
3519,2015-12-13,3,13,18,5,2,4,11,Loyal,Other,Retained
3520,2015-11-09,4,11,52,4,3,4,11,Loyal,Other,Retained
3521,2015-07-17,4,8,167,3,3,3,9,Potential,Other,Retained
3522,2015-09-23,2,10,99,4,2,3,9,Potential,Fresh Produce,Retained
3523,2015-11-09,7,16,52,4,5,5,14,Champion,Other,Retained High-Value
3524,2014-11-30,5,12,396,1,4,4,9,Potential,Other,Retained
3525,2015-02-14,2,9,320,2,2,3,7,Potential,Beverages,Retained
3526,2015-08-26,5,10,127,3,4,3,10,Loyal,Other,Retained
3527,2015-09-29,3,12,93,4,2,4,10,Loyal,Other,Retained
3528,2015-08-18,3,12,135,3,2,4,9,Potential,Beverages,Retained
3529,2015-09-13,7,15,109,3,5,5,13,Champion,Fresh Produce,Retained High-Value
3530,2014-06-18,3,6,561,1,2,2,5,Churned,Bakery & Grains,Churned
3531,2015-08-29,5,17,124,3,4,5,12,Loyal,Other,Retained
3532,2015-05-26,3,6,219,2,2,2,6,Churned,Dairy,Churned
3533,2014-08-22,1,2,496,1,1,1,3,Churned,Fresh Produce,Churned
3534,2015-11-11,3,6,50,4,2,2,8,Potential,Fresh Produce,Retained
3535,2015-09-01,5,15,121,3,4,5,12,Loyal,Bakery & Grains,Retained
3536,2014-04-04,1,3,636,1,1,1,3,Churned,Other,Churned
3537,2015-09-24,6,13,98,4,5,4,13,Champion,Beverages,Retained High-Value
3538,2015-03-01,3,6,305,2,2,2,6,Churned,Dairy,Churned
3539,2015-01-24,6,14,341,1,5,4,10,Loyal,Other,Retained
3540,2015-03-05,3,7,301,2,2,2,6,Churned,Other,Churned
3541,2014-03-18,2,4,653,1,2,1,4,Churned,Other,Churned
3542,2015-07-11,2,4,173,3,2,1,6,At-Risk,Dairy,Churned
3543,2015-10-11,6,22,81,4,5,5,14,Champion,Bakery & Grains,Retained High-Value
3544,2015-04-04,5,10,271,2,4,3,9,Potential,Other,Retained
3545,2015-11-30,4,11,31,5,3,4,12,Loyal,Other,Retained
3546,2015-11-22,3,8,39,5,2,3,10,Loyal,Beverages,Retained
3547,2015-11-28,3,19,33,5,2,5,12,Loyal,Fresh Produce,Retained
3548,2015-06-11,7,15,203,2,5,5,12,Loyal,Fresh Produce,Retained
3549,2015-08-01,8,20,152,3,5,5,13,Champion,Beverages,Retained High-Value
3550,2014-12-18,3,8,378,1,2,3,6,Churned,Fresh Produce,Churned
3551,2015-07-24,3,9,160,3,2,3,8,Potential,Beverages,Retained
3552,2015-09-02,5,13,120,3,4,4,11,Loyal,Other,Retained
3553,2015-06-01,3,6,213,2,2,2,6,Churned,Other,Churned
3554,2015-07-23,4,8,161,3,3,3,9,Potential,Other,Retained
3555,2014-10-14,1,3,443,1,1,1,3,Churned,Other,Churned
3556,2015-09-30,4,10,92,4,3,3,10,Loyal,Meat & Snacks,Retained
3557,2015-07-20,4,11,164,3,3,4,10,Loyal,Other,Retained
3558,2015-09-19,4,17,103,4,3,5,12,Loyal,Dairy,Retained
3559,2015-07-02,5,12,182,3,4,4,11,Loyal,Bakery & Grains,Retained
3560,2015-09-29,7,17,93,4,5,5,14,Champion,Fresh Produce,Retained High-Value
3561,2014-12-28,4,8,368,1,3,3,7,Potential,Other,Retained
3562,2015-12-30,5,18,1,5,4,5,14,Champion,Other,Retained High-Value
3563,2015-11-25,4,8,36,5,3,3,11,Loyal,Other,Retained
3564,2015-07-04,3,8,180,3,3,3,9,Potential,Other,Retained
3565,2014-04-15,1,3,625,1,1,1,3,Churned,Other,Churned
3566,2015-12-14,2,4,17,5,2,1,8,Potential,Other,Retained
3567,2015-10-04,2,5,88,4,2,1,7,Potential,Other,Retained
3568,2015-10-17,4,8,75,4,3,3,10,Loyal,Beverages,Retained
3569,2014-11-06,3,6,420,1,3,2,6,Churned,Beverages,Churned
3570,2015-09-02,4,11,120,3,3,4,10,Loyal,Meat & Snacks,Retained
3571,2015-12-11,6,14,20,5,5,4,14,Champion,Other,Retained High-Value
3572,2015-07-09,2,4,175,3,2,1,6,At-Risk,Bakery & Grains,Churned
3573,2015-04-03,4,9,272,2,3,3,8,Potential,Dairy,Retained
3574,2015-11-05,6,14,56,4,5,4,13,Champion,Dairy,Retained High-Value
3575,2015-05-08,5,11,237,2,4,4,10,Loyal,Other,Retained
3576,2014-05-15,1,2,595,1,1,1,3,Churned,Other,Churned
3577,2015-05-12,3,7,233,2,3,2,7,Potential,Other,Retained
3578,2015-05-16,2,6,229,2,2,2,6,Churned,Other,Churned
3579,2015-12-30,5,13,1,5,4,4,13,Champion,Meat & Snacks,Retained High-Value
3580,2015-11-24,2,4,37,5,2,1,8,Potential,Dairy,Retained
3581,2015-12-25,7,20,6,5,5,5,15,Champion,Beverages,Retained High-Value
3582,2015-06-17,6,19,197,2,5,5,12,Loyal,Dairy,Retained
3583,2015-12-03,7,15,28,5,5,5,15,Champion,Fresh Produce,Retained High-Value
3584,2015-12-17,7,14,14,5,5,4,14,Champion,Other,Retained High-Value
3585,2015-07-21,2,4,163,3,2,1,6,At-Risk,Other,Churned
3586,2015-05-24,3,8,221,2,3,3,8,Potential,Other,Retained
3587,2015-08-05,5,11,148,3,4,4,11,Loyal,Beverages,Retained
3588,2015-12-15,4,13,16,5,4,4,13,Champion,Other,Retained High-Value
3589,2015-11-04,6,13,57,4,5,4,13,Champion,Fresh Produce,Retained High-Value
3590,2015-05-30,6,14,215,2,5,4,11,Loyal,Dairy,Retained
3591,2015-09-02,3,8,120,3,3,3,9,Potential,Other,Retained
3592,2015-12-14,5,14,17,5,4,4,13,Champion,Other,Retained High-Value
3593,2015-11-03,10,23,58,4,5,5,14,Champion,Other,Retained High-Value
3594,2015-09-11,2,4,111,3,2,1,6,At-Risk,Beverages,Churned
3595,2015-12-17,7,17,14,5,5,5,15,Champion,Other,Retained High-Value
3596,2015-04-20,5,12,255,2,4,4,10,Loyal,Other,Retained
3597,2015-12-13,3,6,18,5,3,2,10,Loyal,Dairy,Retained
3598,2015-04-15,2,4,260,2,2,1,5,Churned,Other,Churned
3599,2015-11-21,5,11,40,5,4,4,13,Champion,Other,Retained High-Value
3600,2015-11-26,6,15,35,5,5,5,15,Champion,Other,Retained High-Value
3601,2015-12-20,4,8,11,5,4,3,12,Loyal,Meat & Snacks,Retained
3602,2014-10-27,2,5,430,1,2,1,4,Churned,Other,Churned
3603,2015-01-30,4,12,335,1,4,4,9,Potential,Fresh Produce,Retained
3604,2015-05-18,6,15,227,2,5,5,12,Loyal,Beverages,Retained
3605,2015-04-05,1,3,270,2,1,1,4,Churned,Meat & Snacks,Churned
3606,2014-11-11,1,2,415,1,1,1,3,Churned,Fresh Produce,Churned
3607,2014-02-22,1,2,677,1,1,1,3,Churned,Other,Churned
3608,2015-11-27,4,14,34,5,4,4,13,Champion,Other,Retained High-Value
3609,2015-12-12,5,10,19,5,4,3,12,Loyal,Other,Retained
3610,2014-09-16,2,4,471,1,2,1,4,Churned,Fresh Produce,Churned
3611,2015-02-13,2,7,321,2,2,2,6,Churned,Other,Churned
3612,2015-09-27,6,14,95,4,5,4,13,Champion,Bakery & Grains,Retained High-Value
3613,2015-10-05,4,12,87,4,4,4,12,Loyal,Fresh Produce,Retained
3614,2015-04-28,5,10,247,2,4,3,9,Potential,Fresh Produce,Retained
3615,2015-09-02,4,10,120,3,4,3,10,Loyal,Meat & Snacks,Retained
3616,2014-11-05,3,7,421,1,3,2,6,Churned,Other,Churned
3617,2015-04-17,5,11,258,2,4,4,10,Loyal,Bakery & Grains,Retained
3618,2014-10-07,2,4,450,1,2,1,4,Churned,Bakery & Grains,Churned
3619,2015-04-07,5,10,268,2,4,3,9,Potential,Other,Retained
3620,2015-06-18,4,15,196,2,4,5,11,Loyal,Beverages,Retained
3621,2015-11-02,7,18,59,4,5,5,14,Champion,Other,Retained High-Value
3622,2015-12-28,5,10,3,5,4,3,12,Loyal,Fresh Produce,Retained
3623,2015-05-07,2,4,238,2,2,1,5,Churned,Other,Churned
3624,2014-05-12,1,2,598,1,1,1,3,Churned,Other,Churned
3625,2014-10-17,1,2,440,1,1,1,3,Churned,Fresh Produce,Churned
3626,2014-06-11,2,4,568,1,2,1,4,Churned,Other,Churned
3627,2014-07-06,1,4,543,1,1,1,3,Churned,Other,Churned
3628,2014-08-01,1,6,517,1,1,2,4,Churned,Other,Churned
3629,2015-04-13,6,13,262,2,5,4,11,Loyal,Fresh Produce,Retained
3630,2015-07-24,2,4,160,3,2,1,6,At-Risk,Other,Churned
3631,2014-09-12,1,2,475,1,1,1,3,Churned,Fresh Produce,Churned
3632,2014-10-05,2,4,452,1,2,1,4,Churned,Other,Churned
3633,2015-12-29,5,16,2,5,4,5,14,Champion,Other,Retained High-Value
3634,2015-12-10,2,5,21,5,2,1,8,Potential,Other,Retained
3635,2015-12-13,7,21,18,5,5,5,15,Champion,Meat & Snacks,Retained High-Value
3636,2015-05-14,3,8,231,2,3,3,8,Potential,Other,Retained
3637,2015-12-22,3,13,9,5,3,4,12,Loyal,Meat & Snacks,Retained
3638,2015-06-06,2,4,208,2,2,1,5,Churned,Meat & Snacks,Churned
3639,2014-11-29,4,9,397,1,4,3,8,Potential,Other,Retained
3640,2015-10-08,3,8,84,4,3,3,10,Loyal,Dairy,Retained
3641,2015-12-27,3,6,4,5,3,2,10,Loyal,Fresh Produce,Retained
3642,2015-02-24,3,12,310,2,3,4,9,Potential,Fresh Produce,Retained
3643,2015-09-20,5,15,102,4,4,5,13,Champion,Beverages,Retained High-Value
3644,2015-10-02,3,7,90,4,3,2,9,Potential,Other,Retained
3645,2015-12-12,4,11,19,5,4,4,13,Champion,Dairy,Retained High-Value
3646,2015-08-08,4,9,145,3,4,3,10,Loyal,Bakery & Grains,Retained
3647,2015-03-03,2,5,303,2,2,1,5,Churned,Dairy,Churned
3648,2015-06-02,1,3,212,2,1,1,4,Churned,Beverages,Churned
3649,2015-06-21,7,17,193,2,5,5,12,Loyal,Fresh Produce,Retained
3650,2015-07-17,2,6,167,3,2,2,7,Potential,Other,Retained
3651,2015-10-16,6,21,76,4,5,5,14,Champion,Meat & Snacks,Retained High-Value
3652,2015-09-18,2,4,104,4,2,1,7,Potential,Other,Retained
3653,2015-11-09,4,11,52,4,4,4,12,Loyal,Fresh Produce,Retained
3654,2015-12-16,2,5,15,5,2,1,8,Potential,Fresh Produce,Retained
3655,2015-02-16,2,5,318,2,2,1,5,Churned,Other,Churned
3656,2015-03-11,3,9,295,2,3,3,8,Potential,Beverages,Retained
3657,2015-09-29,8,20,93,4,5,5,14,Champion,Dairy,Retained High-Value
3658,2015-09-26,2,9,96,4,2,3,9,Potential,Meat & Snacks,Retained
3659,2015-06-21,4,8,193,2,4,3,9,Potential,Fresh Produce,Retained
3660,2014-10-14,4,10,443,1,4,3,8,Potential,Fresh Produce,Retained
3661,2015-11-27,4,12,34,5,4,4,13,Champion,Other,Retained High-Value
3662,2015-12-03,4,8,28,5,4,3,12,Loyal,Beverages,Retained
3663,2015-11-20,8,19,41,5,5,5,15,Champion,Other,Retained High-Value
3664,2015-05-30,3,8,215,2,3,3,8,Potential,Bakery & Grains,Retained
3665,2015-09-23,2,8,99,4,2,3,9,Potential,Beverages,Retained
3666,2015-04-12,5,12,263,2,4,4,10,Loyal,Other,Retained
3667,2014-12-13,4,9,383,1,4,3,8,Potential,Fresh Produce,Retained
3668,2015-12-18,6,13,13,5,5,4,14,Champion,Beverages,Retained High-Value
3669,2015-02-10,4,12,324,2,4,4,10,Loyal,Other,Retained
3670,2014-12-17,4,9,379,1,4,3,8,Potential,Dairy,Retained
3671,2015-10-11,3,10,81,4,3,3,10,Loyal,Dairy,Retained
3672,2015-05-28,3,13,217,2,3,4,9,Potential,Other,Retained
3673,2015-08-27,4,8,126,3,4,3,10,Loyal,Dairy,Retained
3674,2015-08-13,4,11,140,3,4,4,11,Loyal,Other,Retained
3675,2015-08-03,5,11,150,3,4,4,11,Loyal,Bakery & Grains,Retained
3676,2015-10-24,2,6,68,4,2,2,8,Potential,Other,Retained
3677,2015-11-30,5,13,31,5,4,4,13,Champion,Other,Retained High-Value
3678,2014-07-07,3,6,542,1,3,2,6,Churned,Other,Churned
3679,2015-12-23,6,21,8,5,5,5,15,Champion,Bakery & Grains,Retained High-Value
3680,2015-11-24,4,9,37,5,4,3,12,Loyal,Other,Retained
3681,2015-10-14,4,10,78,4,4,3,11,Loyal,Other,Retained
3682,2015-10-12,6,19,80,4,5,5,14,Champion,Fresh Produce,Retained High-Value
3683,2015-12-05,5,14,26,5,4,4,13,Champion,Other,Retained High-Value
3684,2015-08-13,6,13,140,3,5,4,12,Loyal,Other,Retained
3685,2015-08-26,3,10,127,3,3,3,9,Potential,Beverages,Retained
3686,2015-08-29,4,9,124,3,4,3,10,Loyal,Dairy,Retained
3687,2015-12-22,5,19,9,5,4,5,14,Champion,Bakery & Grains,Retained High-Value
3688,2015-10-23,3,15,69,4,3,5,12,Loyal,Bakery & Grains,Retained
3689,2015-07-29,4,10,155,3,4,3,10,Loyal,Other,Retained
3690,2015-05-21,2,12,224,2,2,4,8,Potential,Other,Retained
3691,2015-08-24,5,23,129,3,4,5,12,Loyal,Other,Retained
3692,2015-10-18,5,12,74,4,4,4,12,Loyal,Meat & Snacks,Retained
3693,2015-11-16,3,8,45,5,3,3,11,Loyal,Other,Retained
3694,2015-12-17,5,11,14,5,4,4,13,Champion,Other,Retained High-Value
3695,2015-07-09,4,8,175,3,4,3,10,Loyal,Bakery & Grains,Retained
3696,2014-11-02,2,5,424,1,2,1,4,Churned,Other,Churned
3697,2015-10-03,4,11,89,4,4,4,12,Loyal,Meat & Snacks,Retained
3698,2015-08-30,5,11,123,3,4,4,11,Loyal,Other,Retained
3699,2015-12-12,3,9,19,5,3,3,11,Loyal,Fresh Produce,Retained
3700,2015-04-19,1,3,256,2,1,1,4,Churned,Fresh Produce,Churned
3701,2015-04-27,4,12,248,2,4,4,10,Loyal,Other,Retained
3703,2015-06-16,4,12,198,2,4,4,10,Loyal,Other,Retained
3704,2015-09-28,5,12,94,4,4,4,12,Loyal,Other,Retained
3705,2015-09-07,4,11,115,3,4,4,11,Loyal,Fresh Produce,Retained
3706,2014-11-17,1,2,409,1,1,1,3,Churned,Other,Churned
3707,2015-06-26,2,4,188,3,2,1,6,At-Risk,Meat & Snacks,Churned
3708,2015-09-03,3,7,119,3,3,2,8,Potential,Dairy,Retained
3709,2015-10-26,5,21,66,4,4,5,13,Champion,Other,Retained High-Value
3710,2015-08-22,3,8,131,3,3,3,9,Potential,Dairy,Retained
3711,2015-07-08,2,4,176,3,2,1,6,At-Risk,Other,Churned
3712,2015-12-20,3,8,11,5,3,3,11,Loyal,Bakery & Grains,Retained
3713,2015-01-31,4,8,334,1,4,3,8,Potential,Fresh Produce,Retained
3714,2014-06-07,2,4,572,1,2,1,4,Churned,Dairy,Churned
3715,2015-05-11,3,7,234,2,3,2,7,Potential,Dairy,Retained
3716,2015-11-10,4,9,51,4,4,3,11,Loyal,Other,Retained
3717,2015-05-30,4,10,215,2,4,3,9,Potential,Other,Retained
3718,2015-10-18,6,18,74,4,5,5,14,Champion,Beverages,Retained High-Value
3719,2015-12-17,6,19,14,5,5,5,15,Champion,Bakery & Grains,Retained High-Value
3720,2015-05-28,3,8,217,2,3,3,8,Potential,Fresh Produce,Retained
3721,2015-07-04,5,10,180,3,4,3,10,Loyal,Other,Retained
3722,2014-08-01,3,6,517,1,3,2,6,Churned,Other,Churned
3723,2015-03-14,1,2,292,2,1,1,4,Churned,Fresh Produce,Churned
3724,2015-12-11,3,6,20,5,3,2,10,Loyal,Other,Retained
3725,2014-09-20,2,4,467,1,2,1,4,Churned,Beverages,Churned
3726,2015-05-26,2,6,219,2,2,2,6,Churned,Fresh Produce,Churned
3727,2015-05-19,5,13,226,2,4,4,10,Loyal,Other,Retained
3728,2015-11-12,6,13,49,4,5,4,13,Champion,Other,Retained High-Value
3729,2015-11-29,2,8,32,5,2,3,10,Loyal,Other,Retained
3730,2015-07-27,4,8,157,3,4,3,10,Loyal,Meat & Snacks,Retained
3731,2014-11-02,4,9,424,1,4,3,8,Potential,Other,Retained
3732,2015-12-06,7,21,25,5,5,5,15,Champion,Fresh Produce,Retained High-Value
3733,2014-08-05,2,4,513,1,2,1,4,Churned,Other,Churned
3734,2015-09-05,2,5,117,3,2,1,6,At-Risk,Bakery & Grains,Churned
3735,2015-11-28,4,9,33,5,4,3,12,Loyal,Beverages,Retained
3736,2015-11-27,4,12,34,5,4,4,13,Champion,Other,Retained High-Value
3737,2015-12-12,11,33,19,5,5,5,15,Champion,Other,Retained High-Value
3738,2015-12-30,4,10,1,5,4,3,12,Loyal,Dairy,Retained
3739,2015-08-06,3,7,147,3,3,2,8,Potential,Meat & Snacks,Retained
3740,2014-05-19,1,2,591,1,1,1,3,Churned,Other,Churned
3741,2015-11-21,4,16,40,5,4,5,14,Champion,Other,Retained High-Value
3742,2015-08-22,2,4,131,3,2,1,6,At-Risk,Beverages,Churned
3743,2015-05-06,6,17,239,2,5,5,12,Loyal,Dairy,Retained
3744,2015-12-08,3,12,23,5,3,4,12,Loyal,Beverages,Retained
3745,2015-08-26,6,13,127,3,5,4,12,Loyal,Fresh Produce,Retained
3746,2015-11-09,5,13,52,4,4,4,12,Loyal,Dairy,Retained
3747,2015-02-24,2,5,310,2,2,1,5,Churned,Other,Churned
3748,2015-10-13,4,11,79,4,4,4,12,Loyal,Other,Retained
3749,2015-03-09,4,9,297,2,4,3,9,Potential,Other,Retained
3750,2015-05-17,3,6,228,2,3,2,7,Potential,Dairy,Retained
3751,2015-01-01,3,9,364,1,3,3,7,Potential,Other,Retained
3752,2015-08-21,6,27,132,3,5,5,13,Champion,Other,Retained High-Value
3753,2014-12-28,2,6,368,1,2,2,5,Churned,Beverages,Churned
3754,2015-01-22,2,6,343,1,2,2,5,Churned,Fresh Produce,Churned
3755,2015-09-28,3,6,94,4,3,2,9,Potential,Other,Retained
3756,2015-12-02,5,10,29,5,4,3,12,Loyal,Dairy,Retained
3757,2015-06-24,7,18,190,2,5,5,12,Loyal,Other,Retained
3758,2015-09-04,6,14,118,3,5,4,12,Loyal,Dairy,Retained
3759,2015-09-08,4,9,114,3,4,3,10,Loyal,Meat & Snacks,Retained
3760,2015-11-22,5,15,39,5,4,5,14,Champion,Fresh Produce,Retained High-Value
3761,2015-09-26,8,21,96,4,5,5,14,Champion,Other,Retained High-Value
3762,2015-08-20,5,11,133,3,4,4,11,Loyal,Other,Retained
3763,2015-06-27,5,13,187,3,4,4,11,Loyal,Beverages,Retained
3764,2015-11-10,6,12,51,4,5,4,13,Champion,Fresh Produce,Retained High-Value
3765,2015-06-12,3,9,202,2,3,3,8,Potential,Beverages,Retained
3766,2015-11-08,3,9,53,4,3,3,10,Loyal,Bakery & Grains,Retained
3767,2015-06-06,4,9,208,2,4,3,9,Potential,Other,Retained
3768,2015-10-07,7,16,85,4,5,5,14,Champion,Dairy,Retained High-Value
3769,2015-02-27,4,11,307,2,4,4,10,Loyal,Fresh Produce,Retained
3770,2015-01-13,1,3,352,1,1,1,3,Churned,Other,Churned
3771,2014-12-21,1,2,375,1,1,1,3,Churned,Other,Churned
3772,2015-09-27,4,8,95,4,4,3,11,Loyal,Other,Retained
3773,2015-11-27,3,8,34,5,3,3,11,Loyal,Bakery & Grains,Retained
3774,2015-12-17,4,12,14,5,4,4,13,Champion,Bakery & Grains,Retained High-Value
3775,2015-10-27,5,15,65,4,4,5,13,Champion,Dairy,Retained High-Value
3776,2015-07-18,6,17,166,3,5,5,13,Champion,Other,Retained High-Value
3777,2014-02-26,1,2,673,1,1,1,3,Churned,Dairy,Churned
3778,2015-12-03,5,12,28,5,4,4,13,Champion,Other,Retained High-Value
3779,2015-11-10,6,15,51,4,5,5,14,Champion,Dairy,Retained High-Value
3780,2014-02-24,1,2,675,1,1,1,3,Churned,Dairy,Churned
3781,2015-09-23,3,7,99,4,3,2,9,Potential,Fresh Produce,Retained
3782,2015-02-03,7,18,331,1,5,5,11,Loyal,Fresh Produce,Retained
3783,2015-06-22,7,23,192,2,5,5,12,Loyal,Other,Retained
3784,2015-06-14,3,9,200,2,3,3,8,Potential,Beverages,Retained
3785,2014-08-16,4,9,502,1,4,3,8,Potential,Other,Retained
3786,2015-05-11,5,13,234,2,4,4,10,Loyal,Bakery & Grains,Retained
3787,2015-09-24,3,9,98,4,3,3,10,Loyal,Other,Retained
3788,2015-02-16,1,2,318,2,1,1,4,Churned,Beverages,Churned
3789,2015-10-12,4,11,80,4,4,4,12,Loyal,Beverages,Retained
3790,2015-10-28,6,13,64,4,5,4,13,Champion,Other,Retained High-Value
3791,2015-03-25,2,4,281,2,2,1,5,Churned,Other,Churned
3792,2014-07-30,1,4,519,1,1,1,3,Churned,Meat & Snacks,Churned
3793,2015-08-07,8,18,146,3,5,5,13,Champion,Beverages,Retained High-Value
3794,2015-11-26,4,11,35,5,4,4,13,Champion,Fresh Produce,Retained High-Value
3795,2015-01-17,3,8,348,1,3,3,7,Potential,Other,Retained
3796,2015-06-06,1,2,208,2,1,1,4,Churned,Other,Churned
3797,2015-09-16,6,15,106,3,5,5,13,Champion,Dairy,Retained High-Value
3798,2015-09-04,2,6,118,3,2,2,7,Potential,Beverages,Retained
3799,2014-11-10,3,6,416,1,3,2,6,Churned,Fresh Produce,Churned
3800,2015-02-08,3,6,326,1,3,2,6,Churned,Other,Churned
3801,2015-10-23,3,9,69,4,3,3,10,Loyal,Bakery & Grains,Retained
3802,2015-10-15,2,4,77,4,2,1,7,Potential,Other,Retained
3803,2015-12-23,6,19,8,5,5,5,15,Champion,Dairy,Retained High-Value
3804,2015-06-21,4,9,193,2,4,3,9,Potential,Meat & Snacks,Retained
3805,2014-09-18,3,6,469,1,3,2,6,Churned,Other,Churned
3806,2015-08-28,2,7,125,3,2,2,7,Potential,Dairy,Retained
3807,2015-10-26,2,6,66,4,2,2,8,Potential,Other,Retained
3808,2015-08-18,5,10,135,3,4,3,10,Loyal,Fresh Produce,Retained
3809,2015-03-24,4,9,282,2,4,3,9,Potential,Other,Retained
3810,2015-05-07,2,6,238,2,2,2,6,Churned,Other,Churned
3811,2015-06-24,7,21,190,2,5,5,12,Loyal,Fresh Produce,Retained
3812,2015-11-13,8,20,48,4,5,5,14,Champion,Other,Retained High-Value
3813,2015-01-18,2,5,347,1,2,1,4,Churned,Bakery & Grains,Churned
3814,2015-07-21,3,13,163,3,3,4,10,Loyal,Other,Retained
3815,2015-09-15,4,9,107,3,4,3,10,Loyal,Other,Retained
3816,2015-12-18,4,9,13,5,4,3,12,Loyal,Other,Retained
3817,2014-12-29,5,14,367,1,4,4,9,Potential,Dairy,Retained
3818,2015-12-17,5,15,14,5,4,5,14,Champion,Fresh Produce,Retained High-Value
3819,2015-06-28,2,10,186,3,2,3,8,Potential,Meat & Snacks,Retained
3820,2014-07-26,2,6,523,1,2,2,5,Churned,Beverages,Churned
3821,2015-01-03,4,17,362,1,4,5,10,Loyal,Dairy,Retained
3822,2015-09-25,5,19,97,4,4,5,13,Champion,Beverages,Retained High-Value
3823,2014-12-10,1,2,386,1,1,1,3,Churned,Dairy,Churned
3824,2015-02-12,1,2,322,2,1,1,4,Churned,Dairy,Churned
3825,2014-01-27,1,2,703,1,1,1,3,Churned,Other,Churned
3826,2014-04-27,1,2,613,1,1,1,3,Churned,Beverages,Churned
3827,2015-11-03,6,17,58,4,5,5,14,Champion,Fresh Produce,Retained High-Value
3828,2015-06-15,4,9,199,2,4,3,9,Potential,Fresh Produce,Retained
3829,2015-08-02,3,9,151,3,3,3,9,Potential,Fresh Produce,Retained
3830,2015-10-18,9,23,74,4,5,5,14,Champion,Other,Retained High-Value
3831,2015-10-14,4,12,78,4,4,4,12,Loyal,Other,Retained
3832,2015-07-17,5,15,167,3,4,5,12,Loyal,Other,Retained
3834,2014-05-18,2,5,592,1,2,1,4,Churned,Bakery & Grains,Churned
3835,2015-09-16,7,21,106,3,5,5,13,Champion,Other,Retained High-Value
3836,2015-12-06,2,6,25,5,2,2,9,Potential,Other,Retained
3837,2015-05-12,2,5,233,2,2,1,5,Churned,Other,Churned
3838,2015-12-14,3,6,17,5,3,2,10,Loyal,Dairy,Retained
3839,2014-09-13,3,9,474,1,3,3,7,Potential,Other,Retained
3840,2015-07-28,5,10,156,3,4,3,10,Loyal,Dairy,Retained
3841,2015-07-19,6,17,165,3,5,5,13,Champion,Other,Retained High-Value
3842,2015-10-14,4,9,78,4,4,3,11,Loyal,Other,Retained
3843,2015-10-17,4,9,75,4,4,3,11,Loyal,Fresh Produce,Retained
3844,2015-09-17,7,16,105,4,5,5,14,Champion,Dairy,Retained High-Value
3845,2015-09-19,1,2,103,4,1,1,6,At-Risk,Fresh Produce,Churned
3846,2015-01-28,5,12,337,1,4,4,9,Potential,Dairy,Retained
3847,2015-12-03,5,11,28,5,4,4,13,Champion,Dairy,Retained High-Value
3848,2015-11-18,5,14,43,5,4,4,13,Champion,Other,Retained High-Value
3849,2014-12-15,5,12,381,1,4,4,9,Potential,Dairy,Retained
3850,2015-09-03,4,8,119,3,4,3,10,Loyal,Bakery & Grains,Retained
3851,2015-05-10,4,8,235,2,4,3,9,Potential,Bakery & Grains,Retained
3852,2015-04-01,3,7,274,2,3,2,7,Potential,Other,Retained
3853,2015-07-04,1,6,180,3,1,2,6,At-Risk,Fresh Produce,Churned
3854,2015-03-19,3,8,287,2,3,3,8,Potential,Beverages,Retained
3855,2015-12-02,8,18,29,5,5,5,15,Champion,Beverages,Retained High-Value
3856,2015-04-02,6,13,273,2,5,4,11,Loyal,Other,Retained
3857,2015-11-04,5,14,57,4,4,4,12,Loyal,Other,Retained
3858,2015-03-27,1,2,279,2,1,1,4,Churned,Bakery & Grains,Churned
3859,2015-09-30,2,4,92,4,2,1,7,Potential,Other,Retained
3860,2015-05-05,2,7,240,2,2,2,6,Churned,Dairy,Churned
3861,2015-07-07,3,9,177,3,3,3,9,Potential,Other,Retained
3862,2015-11-18,6,21,43,5,5,5,15,Champion,Other,Retained High-Value
3863,2015-06-13,6,14,201,2,5,4,11,Loyal,Beverages,Retained
3864,2015-12-12,7,15,19,5,5,5,15,Champion,Beverages,Retained High-Value
3866,2015-07-07,5,10,177,3,4,3,10,Loyal,Other,Retained
3867,2015-09-07,3,8,115,3,3,3,9,Potential,Bakery & Grains,Retained
3868,2015-08-19,2,5,134,3,2,1,6,At-Risk,Fresh Produce,Churned
3869,2015-08-01,3,8,152,3,3,3,9,Potential,Other,Retained
3870,2015-03-21,2,6,285,2,2,2,6,Churned,Dairy,Churned
3871,2015-07-31,3,7,153,3,3,2,8,Potential,Other,Retained
3872,2015-11-23,10,30,38,5,5,5,15,Champion,Dairy,Retained High-Value
3874,2014-07-19,1,2,530,1,1,1,3,Churned,Beverages,Churned
3876,2015-10-03,3,6,89,4,3,2,9,Potential,Other,Retained
3877,2015-09-17,6,16,105,4,5,5,14,Champion,Beverages,Retained High-Value
3878,2015-07-28,5,16,156,3,4,5,12,Loyal,Beverages,Retained
3879,2015-12-03,7,18,28,5,5,5,15,Champion,Other,Retained High-Value
3881,2015-04-07,5,14,268,2,4,4,10,Loyal,Bakery & Grains,Retained
3882,2015-10-19,5,12,73,4,4,4,12,Loyal,Bakery & Grains,Retained
3883,2015-10-05,2,4,87,4,2,1,7,Potential,Other,Retained
3884,2015-04-07,2,5,268,2,2,1,5,Churned,Meat & Snacks,Churned
3885,2015-10-15,2,5,77,4,2,1,7,Potential,Other,Retained
3886,2015-11-18,3,10,43,5,3,3,11,Loyal,Other,Retained
3887,2014-09-24,1,3,463,1,1,1,3,Churned,Other,Churned
3888,2015-12-13,2,4,18,5,2,1,8,Potential,Dairy,Retained
3889,2014-12-23,2,5,373,1,2,1,4,Churned,Fresh Produce,Churned
3890,2015-10-26,4,9,66,4,4,3,11,Loyal,Other,Retained
3891,2015-11-22,5,13,39,5,4,4,13,Champion,Meat & Snacks,Retained High-Value
3892,2015-07-20,2,5,164,3,2,1,6,At-Risk,Other,Churned
3893,2015-04-15,5,11,260,2,4,4,10,Loyal,Meat & Snacks,Retained
3894,2015-12-13,4,12,18,5,4,4,13,Champion,Other,Retained High-Value
3895,2014-06-14,3,10,565,1,3,3,7,Potential,Fresh Produce,Retained
3896,2015-09-10,4,11,112,3,4,4,11,Loyal,Fresh Produce,Retained
3897,2015-08-23,5,13,130,3,4,4,11,Loyal,Beverages,Retained
3898,2015-08-21,4,9,132,3,4,3,10,Loyal,Meat & Snacks,Retained
3899,2015-12-24,5,16,7,5,4,5,14,Champion,Beverages,Retained High-Value
3900,2015-12-20,5,14,11,5,4,4,13,Champion,Other,Retained High-Value
3901,2014-11-30,2,4,396,1,2,1,4,Churned,Dairy,Churned
3902,2015-11-29,3,7,32,5,3,2,10,Loyal,Beverages,Retained
3903,2015-10-06,6,19,86,4,5,5,14,Champion,Other,Retained High-Value
3904,2015-05-11,3,8,234,2,3,3,8,Potential,Meat & Snacks,Retained
3905,2015-06-19,7,16,195,2,5,5,12,Loyal,Fresh Produce,Retained
3906,2015-06-16,2,4,198,2,2,1,5,Churned,Fresh Produce,Churned
3907,2015-10-25,3,9,67,4,3,3,10,Loyal,Fresh Produce,Retained
3908,2015-07-10,2,4,174,3,2,1,6,At-Risk,Bakery & Grains,Churned
3909,2015-02-09,6,16,325,1,5,5,11,Loyal,Fresh Produce,Retained
3910,2015-12-18,4,14,13,5,4,4,13,Champion,Beverages,Retained High-Value
3911,2015-08-23,6,16,130,3,5,5,13,Champion,Other,Retained High-Value
3912,2015-01-06,3,7,359,1,3,2,6,Churned,Beverages,Churned
3913,2015-03-21,4,12,285,2,4,4,10,Loyal,Fresh Produce,Retained
3914,2015-01-08,3,6,357,1,3,2,6,Churned,Bakery & Grains,Churned
3915,2015-09-30,10,31,92,4,5,5,14,Champion,Bakery & Grains,Retained High-Value
3916,2015-10-04,3,6,88,4,3,2,9,Potential,Other,Retained
3917,2015-09-13,5,13,109,3,4,4,11,Loyal,Beverages,Retained
3918,2015-06-22,6,13,192,2,5,4,11,Loyal,Other,Retained
3919,2015-10-07,4,10,85,4,4,3,11,Loyal,Beverages,Retained
3920,2015-05-10,4,11,235,2,4,4,10,Loyal,Beverages,Retained
3921,2014-11-06,4,8,420,1,4,3,8,Potential,Beverages,Retained
3922,2015-08-28,5,18,125,3,4,5,12,Loyal,Dairy,Retained
3923,2015-01-27,3,8,338,1,3,3,7,Potential,Other,Retained
3924,2015-10-29,3,14,63,4,3,4,11,Loyal,Bakery & Grains,Retained
3925,2015-03-25,2,8,281,2,2,3,7,Potential,Other,Retained
3926,2015-08-20,6,18,133,3,5,5,13,Champion,Other,Retained High-Value
3927,2015-12-09,3,9,22,5,3,3,11,Loyal,Other,Retained
3928,2015-09-26,3,10,96,4,3,3,10,Loyal,Fresh Produce,Retained
3929,2015-11-06,4,9,55,4,4,3,11,Loyal,Other,Retained
3930,2015-07-12,2,8,172,3,2,3,8,Potential,Other,Retained
3931,2015-03-08,5,13,298,2,4,4,10,Loyal,Other,Retained
3932,2014-05-07,1,2,603,1,1,1,3,Churned,Beverages,Churned
3933,2014-12-02,2,4,394,1,2,1,4,Churned,Other,Churned
3934,2015-05-01,4,11,244,2,4,4,10,Loyal,Other,Retained
3935,2015-07-02,3,8,182,3,3,3,9,Potential,Fresh Produce,Retained
3936,2014-08-06,2,4,512,1,2,1,4,Churned,Fresh Produce,Churned
3937,2015-11-19,5,10,42,5,4,3,12,Loyal,Beverages,Retained
3938,2015-07-31,7,16,153,3,5,5,13,Champion,Meat & Snacks,Retained High-Value
3939,2015-02-10,2,5,324,2,2,1,5,Churned,Other,Churned
3940,2015-03-09,2,4,297,2,2,1,5,Churned,Other,Churned
3941,2014-11-10,1,3,416,1,1,1,3,Churned,Other,Churned
3942,2015-11-10,8,23,51,4,5,5,14,Champion,Fresh Produce,Retained High-Value
3943,2014-04-03,1,2,637,1,1,1,3,Churned,Other,Churned
3944,2015-01-03,1,3,362,1,1,1,3,Churned,Other,Churned
3945,2015-10-04,3,6,88,4,3,2,9,Potential,Bakery & Grains,Retained
3946,2015-11-19,5,13,42,5,4,4,13,Champion,Bakery & Grains,Retained High-Value
3947,2015-06-13,5,10,201,2,4,3,9,Potential,Other,Retained
3948,2015-06-15,5,15,199,2,4,5,11,Loyal,Other,Retained
3949,2015-04-01,1,2,274,2,1,1,4,Churned,Beverages,Churned
3950,2015-12-05,5,15,26,5,4,5,14,Champion,Other,Retained High-Value
3952,2015-10-30,4,9,62,4,4,3,11,Loyal,Dairy,Retained
3953,2015-05-13,4,9,232,2,4,3,9,Potential,Beverages,Retained
3954,2015-02-10,2,7,324,2,2,2,6,Churned,Meat & Snacks,Churned
3955,2015-11-23,2,6,38,5,2,2,9,Potential,Dairy,Retained
3956,2014-12-19,6,16,377,1,5,5,11,Loyal,Other,Retained
3957,2015-05-15,7,24,230,2,5,5,12,Loyal,Other,Retained
3958,2015-11-04,3,6,57,4,3,2,9,Potential,Fresh Produce,Retained
3959,2015-10-05,6,14,87,4,5,4,13,Champion,Bakery & Grains,Retained High-Value
3960,2015-10-21,7,23,71,4,5,5,14,Champion,Other,Retained High-Value
3961,2015-12-24,4,10,7,5,4,3,12,Loyal,Dairy,Retained
3962,2015-09-20,5,14,102,4,4,5,13,Champion,Dairy,Retained High-Value
3963,2015-09-17,5,14,105,4,4,5,13,Champion,Other,Retained High-Value
3964,2014-03-11,2,5,660,1,2,1,4,Churned,Fresh Produce,Churned
3965,2014-12-30,4,8,366,1,4,3,8,Potential,Bakery & Grains,Retained
3966,2015-06-01,5,11,213,2,4,4,10,Loyal,Dairy,Retained
3967,2015-11-23,7,16,38,5,5,5,15,Champion,Bakery & Grains,Retained High-Value
3968,2015-11-12,2,5,49,4,2,1,7,Potential,Other,Retained
3969,2015-03-05,2,5,301,2,2,1,5,Churned,Other,Churned
3970,2014-11-02,1,2,424,1,1,1,3,Churned,Other,Churned
3971,2015-12-30,5,15,1,5,4,5,14,Champion,Other,Retained High-Value
3972,2015-06-08,6,14,206,2,5,5,12,Loyal,Meat & Snacks,Retained
3973,2015-09-02,6,16,120,3,5,5,13,Champion,Other,Retained High-Value
3974,2015-06-19,3,6,195,2,3,2,7,Potential,Beverages,Retained
3975,2015-02-27,2,4,307,2,2,1,5,Churned,Other,Churned
3976,2015-09-20,6,13,102,4,5,4,13,Champion,Fresh Produce,Retained High-Value
3977,2015-04-16,2,6,259,2,2,2,6,Churned,Other,Churned
3978,2015-07-23,2,5,161,3,2,1,6,At-Risk,Other,Churned
3979,2015-09-16,2,4,106,3,2,1,6,At-Risk,Other,Churned
3980,2015-09-16,3,11,106,3,3,4,10,Loyal,Beverages,Retained
3981,2015-12-25,2,4,6,5,2,1,8,Potential,Other,Retained
3982,2015-09-29,7,15,93,4,5,5,14,Champion,Beverages,Retained High-Value
3983,2015-09-09,2,11,113,3,2,4,9,Potential,Meat & Snacks,Retained
3984,2015-02-03,2,6,331,1,2,2,5,Churned,Other,Churned
3985,2015-10-23,5,15,69,4,4,5,13,Champion,Other,Retained High-Value
3986,2015-11-18,5,12,43,5,4,4,13,Champion,Other,Retained High-Value
3987,2015-08-19,4,11,134,3,4,4,11,Loyal,Other,Retained
3989,2014-10-18,3,6,439,1,3,2,6,Churned,Other,Churned
3990,2014-05-16,1,2,594,1,1,1,3,Churned,Dairy,Churned
3991,2014-07-03,1,2,546,1,1,1,3,Churned,Other,Churned
3992,2014-11-15,2,4,411,1,2,1,4,Churned,Other,Churned
3993,2015-02-18,1,3,316,2,1,1,4,Churned,Bakery & Grains,Churned
3994,2014-12-02,1,2,394,1,1,1,3,Churned,Other,Churned
3995,2015-06-26,1,4,188,3,1,1,5,At-Risk,Fresh Produce,Churned
3996,2015-08-31,3,6,122,3,3,2,8,Potential,Beverages,Retained
3997,2015-10-12,4,10,80,4,4,3,11,Loyal,Beverages,Retained
3998,2015-12-14,6,17,17,5,5,5,15,Champion,Other,Retained High-Value
3999,2015-11-16,5,13,45,5,4,4,13,Champion,Other,Retained High-Value
4001,2015-06-21,3,8,193,2,3,3,8,Potential,Beverages,Retained
4002,2015-09-03,6,14,119,3,5,5,13,Champion,Other,Retained High-Value
4003,2015-12-23,4,9,8,5,4,3,12,Loyal,Beverages,Retained
4004,2015-05-10,2,10,235,2,2,3,7,Potential,Beverages,Retained
4005,2014-05-13,1,4,597,1,1,1,3,Churned,Other,Churned
4006,2015-12-18,4,12,13,5,4,4,13,Champion,Other,Retained High-Value
4007,2015-12-23,4,12,8,5,4,4,13,Champion,Other,Retained High-Value
4008,2015-05-19,4,9,226,2,4,3,9,Potential,Fresh Produce,Retained
4009,2015-07-14,4,11,170,3,4,4,11,Loyal,Other,Retained
4010,2015-12-29,2,6,2,5,2,2,9,Potential,Fresh Produce,Retained
4011,2014-08-28,1,2,490,1,1,1,3,Churned,Other,Churned
4012,2015-05-16,3,14,229,2,3,5,10,Loyal,Other,Retained
4013,2015-03-18,4,9,288,2,4,3,9,Potential,Other,Retained
4014,2015-11-15,4,8,46,5,4,3,12,Loyal,Beverages,Retained
4015,2015-03-27,7,17,279,2,5,5,12,Loyal,Beverages,Retained
4016,2015-04-21,2,6,254,2,2,2,6,Churned,Beverages,Churned
4017,2015-11-04,4,8,57,4,4,3,11,Loyal,Beverages,Retained
4018,2015-11-17,7,17,44,5,5,5,15,Champion,Other,Retained High-Value
4019,2015-08-28,8,17,125,3,5,5,13,Champion,Other,Retained High-Value
4020,2015-04-11,2,5,264,2,2,1,5,Churned,Other,Churned
4021,2014-10-31,3,6,426,1,3,2,6,Churned,Other,Churned
4022,2015-07-31,3,8,153,3,3,3,9,Potential,Other,Retained
4023,2015-01-21,1,2,344,1,1,1,3,Churned,Beverages,Churned
4024,2015-10-16,6,14,76,4,5,5,14,Champion,Other,Retained High-Value
4025,2015-11-04,4,12,57,4,4,4,12,Loyal,Meat & Snacks,Retained
4027,2015-06-29,2,4,185,3,2,1,6,At-Risk,Other,Churned
4028,2015-07-08,4,10,176,3,4,3,10,Loyal,Fresh Produce,Retained
4029,2014-10-27,1,2,430,1,1,1,3,Churned,Beverages,Churned
4030,2015-12-22,5,20,9,5,4,5,14,Champion,Other,Retained High-Value
4031,2015-10-18,3,7,74,4,3,2,9,Potential,Meat & Snacks,Retained
4032,2015-08-10,2,4,143,3,2,1,6,At-Risk,Other,Churned
4033,2015-06-06,3,6,208,2,3,2,7,Potential,Other,Retained
4034,2015-11-13,3,6,48,4,3,2,9,Potential,Fresh Produce,Retained
4035,2015-08-03,4,13,150,3,4,4,11,Loyal,Other,Retained
4036,2015-05-26,5,12,219,2,4,4,10,Loyal,Other,Retained
4037,2015-12-29,4,10,2,5,4,3,12,Loyal,Meat & Snacks,Retained
4038,2015-11-06,3,14,55,4,3,5,12,Loyal,Dairy,Retained
4039,2015-12-27,4,12,4,5,4,4,13,Champion,Other,Retained High-Value
4040,2015-04-03,4,11,272,2,4,4,10,Loyal,Other,Retained
4041,2015-10-16,3,11,76,4,3,4,11,Loyal,Other,Retained
4042,2015-12-17,6,16,14,5,5,5,15,Champion,Fresh Produce,Retained High-Value
4043,2015-01-21,1,2,344,1,1,1,3,Churned,Fresh Produce,Churned
4044,2015-12-01,4,10,30,5,4,3,12,Loyal,Fresh Produce,Retained
4045,2015-12-22,4,11,9,5,4,4,13,Champion,Bakery & Grains,Retained High-Value
4046,2014-12-29,4,9,367,1,4,3,8,Potential,Other,Retained
4047,2015-03-06,2,4,300,2,2,1,5,Churned,Other,Churned
4048,2015-05-08,3,9,237,2,3,3,8,Potential,Other,Retained
4049,2015-08-01,3,12,152,3,3,4,10,Loyal,Other,Retained
4050,2015-07-06,3,9,178,3,3,3,9,Potential,Other,Retained
4051,2015-01-28,2,6,337,1,2,2,5,Churned,Other,Churned
4052,2015-04-21,2,5,254,2,2,1,5,Churned,Other,Churned
4053,2015-03-22,1,6,284,2,1,2,5,Churned,Meat & Snacks,Churned
4054,2015-05-06,2,5,239,2,2,1,5,Churned,Other,Churned
4055,2014-03-25,1,3,646,1,1,1,3,Churned,Beverages,Churned
4056,2015-10-20,6,16,72,4,5,5,14,Champion,Fresh Produce,Retained High-Value
4058,2015-12-30,3,7,1,5,3,2,10,Loyal,Bakery & Grains,Retained
4059,2015-05-07,3,9,238,2,3,3,8,Potential,Other,Retained
4060,2015-12-11,3,7,20,5,3,2,10,Loyal,Fresh Produce,Retained
4061,2015-05-09,3,6,236,2,3,2,7,Potential,Dairy,Retained
4062,2014-11-27,1,2,399,1,1,1,3,Churned,Other,Churned
4063,2015-11-12,2,9,49,4,2,3,9,Potential,Meat & Snacks,Retained
4064,2015-09-17,3,6,105,4,3,2,9,Potential,Fresh Produce,Retained
4065,2015-07-07,6,13,177,3,5,4,12,Loyal,Bakery & Grains,Retained
4066,2014-12-02,4,8,394,1,4,3,8,Potential,Other,Retained
4067,2015-10-16,3,6,76,4,3,2,9,Potential,Dairy,Retained
4068,2015-12-11,4,12,20,5,4,4,13,Champion,Beverages,Retained High-Value
4069,2015-05-03,3,11,242,2,3,4,9,Potential,Other,Retained
4070,2015-07-27,3,6,157,3,3,2,8,Potential,Other,Retained
4071,2015-10-15,4,9,77,4,4,3,11,Loyal,Other,Retained
4072,2015-08-14,1,2,139,3,1,1,5,At-Risk,Beverages,Churned
4073,2015-11-02,5,14,59,4,4,5,13,Champion,Other,Retained High-Value
4074,2015-09-10,4,9,112,3,4,3,10,Loyal,Dairy,Retained
4075,2015-01-05,4,8,360,1,4,3,8,Potential,Dairy,Retained
4076,2015-05-22,5,12,223,2,4,4,10,Loyal,Fresh Produce,Retained
4077,2015-08-04,6,14,149,3,5,5,13,Champion,Beverages,Retained High-Value
4078,2015-11-14,6,16,47,4,5,5,14,Champion,Other,Retained High-Value
4079,2015-09-20,3,6,102,4,3,2,9,Potential,Other,Retained
4080,2015-07-03,4,8,181,3,4,3,10,Loyal,Other,Retained
4081,2015-10-20,3,6,72,4,3,2,9,Potential,Dairy,Retained
4082,2015-05-01,5,11,244,2,4,4,10,Loyal,Other,Retained
4083,2014-08-15,1,2,503,1,1,1,3,Churned,Other,Churned
4084,2015-11-03,5,11,58,4,4,4,12,Loyal,Other,Retained
4085,2015-09-29,4,10,93,4,4,3,11,Loyal,Beverages,Retained
4086,2014-11-15,5,13,411,1,4,4,9,Potential,Other,Retained
4087,2015-08-26,2,5,127,3,2,1,6,At-Risk,Fresh Produce,Churned
4088,2015-09-23,4,10,99,4,4,3,11,Loyal,Other,Retained
4089,2015-10-04,3,6,88,4,3,2,9,Potential,Other,Retained
4090,2015-02-26,3,6,308,2,3,2,7,Potential,Other,Retained
4091,2015-12-28,6,14,3,5,5,5,15,Champion,Other,Retained High-Value
4092,2015-09-30,4,10,92,4,4,3,11,Loyal,Fresh Produce,Retained
4093,2014-09-08,2,4,479,1,2,1,4,Churned,Fresh Produce,Churned
4094,2015-03-30,4,10,276,2,4,3,9,Potential,Other,Retained
4095,2015-12-29,3,6,2,5,3,2,10,Loyal,Meat & Snacks,Retained
4096,2015-06-29,4,10,185,3,4,3,10,Loyal,Other,Retained
4097,2015-11-28,6,14,33,5,5,5,15,Champion,Other,Retained High-Value
4098,2015-02-06,4,11,328,1,4,4,9,Potential,Fresh Produce,Retained
4099,2015-01-27,2,5,338,1,2,1,4,Churned,Other,Churned
4100,2015-04-22,3,8,253,2,3,3,8,Potential,Other,Retained
4101,2015-04-30,4,8,245,2,4,3,9,Potential,Other,Retained
4102,2015-11-03,6,19,58,4,5,5,14,Champion,Fresh Produce,Retained High-Value
4103,2015-07-26,4,9,158,3,4,3,10,Loyal,Beverages,Retained
4104,2015-11-30,7,16,31,5,5,5,15,Champion,Beverages,Retained High-Value
4105,2015-12-03,4,10,28,5,4,3,12,Loyal,Other,Retained
4106,2015-08-25,5,13,128,3,4,4,11,Loyal,Beverages,Retained
4107,2015-11-15,4,12,46,5,4,4,13,Champion,Other,Retained High-Value
4108,2015-09-27,5,14,95,4,4,5,13,Champion,Dairy,Retained High-Value
4109,2015-10-04,6,13,88,4,5,4,13,Champion,Other,Retained High-Value
4110,2015-11-28,6,16,33,5,5,5,15,Champion,Meat & Snacks,Retained High-Value
4112,2015-04-27,5,18,248,2,4,5,11,Loyal,Other,Retained
4113,2015-08-13,6,12,140,3,5,4,12,Loyal,Other,Retained
4114,2015-08-07,4,10,146,3,4,3,10,Loyal,Fresh Produce,Retained
4115,2015-05-22,4,11,223,2,4,4,10,Loyal,Fresh Produce,Retained
4116,2015-05-01,3,8,244,2,3,3,8,Potential,Bakery & Grains,Retained
4117,2015-12-10,6,15,21,5,5,5,15,Champion,Other,Retained High-Value
4118,2015-12-24,1,2,7,5,1,1,7,Potential,Fresh Produce,Retained
4119,2015-05-09,4,9,236,2,4,3,9,Potential,Other,Retained
4120,2015-12-11,5,11,20,5,4,4,13,Champion,Beverages,Retained High-Value
4121,2015-11-01,6,15,60,4,5,5,14,Champion,Dairy,Retained High-Value
4122,2015-10-23,4,9,69,4,4,3,11,Loyal,Other,Retained
4123,2015-12-14,2,4,17,5,2,1,8,Potential,Beverages,Retained
4124,2015-09-09,7,17,113,3,5,5,13,Champion,Fresh Produce,Retained High-Value
4125,2015-06-14,5,11,200,2,4,4,10,Loyal,Other,Retained
4126,2014-11-06,3,7,420,1,3,2,6,Churned,Fresh Produce,Churned
4127,2015-11-12,4,11,49,4,4,4,12,Loyal,Dairy,Retained
4129,2015-11-07,7,17,54,4,5,5,14,Champion,Dairy,Retained High-Value
4130,2015-11-06,6,16,55,4,5,5,14,Champion,Beverages,Retained High-Value
4131,2015-03-29,4,11,277,2,4,4,10,Loyal,Other,Retained
4132,2014-12-02,4,9,394,1,4,3,8,Potential,Beverages,Retained
4133,2015-07-27,6,13,157,3,5,4,12,Loyal,Beverages,Retained
4134,2015-11-28,6,14,33,5,5,5,15,Champion,Beverages,Retained High-Value
4135,2014-05-11,2,4,599,1,2,1,4,Churned,Other,Churned
4136,2015-08-11,3,6,142,3,3,2,8,Potential,Other,Retained
4137,2015-12-26,9,26,5,5,5,5,15,Champion,Dairy,Retained High-Value
4138,2015-10-10,5,12,82,4,4,4,12,Loyal,Meat & Snacks,Retained
4139,2015-11-26,2,6,35,5,2,2,9,Potential,Beverages,Retained
4140,2014-02-20,3,6,679,1,3,2,6,Churned,Other,Churned
4141,2015-11-12,1,3,49,4,1,1,6,At-Risk,Other,Churned
4142,2015-11-17,1,2,44,5,1,1,7,Potential,Other,Retained
4143,2014-03-07,2,4,664,1,2,1,4,Churned,Fresh Produce,Churned
4144,2015-11-06,4,8,55,4,4,3,11,Loyal,Dairy,Retained
4145,2015-04-11,3,6,264,2,3,2,7,Potential,Other,Retained
4146,2015-02-09,6,15,325,1,5,5,11,Loyal,Fresh Produce,Retained
4147,2015-09-16,4,12,106,3,4,4,11,Loyal,Dairy,Retained
4148,2015-04-09,5,12,266,2,4,4,10,Loyal,Other,Retained
4149,2015-03-20,4,9,286,2,4,3,9,Potential,Fresh Produce,Retained
4150,2015-08-26,4,12,127,3,4,4,11,Loyal,Other,Retained
4151,2015-11-02,1,2,59,4,1,1,6,At-Risk,Dairy,Churned
4152,2015-06-18,5,16,196,2,4,5,11,Loyal,Other,Retained
4153,2015-07-27,7,22,157,3,5,5,13,Champion,Meat & Snacks,Retained High-Value
4154,2015-07-02,4,8,182,3,4,3,10,Loyal,Other,Retained
4155,2015-09-24,6,17,98,4,5,5,14,Champion,Fresh Produce,Retained High-Value
4156,2015-08-03,4,13,150,3,4,4,11,Loyal,Other,Retained
4157,2015-01-04,2,6,361,1,2,2,5,Churned,Meat & Snacks,Churned
4158,2015-12-26,2,4,5,5,2,1,8,Potential,Fresh Produce,Retained
4159,2015-12-28,3,6,3,5,3,2,10,Loyal,Other,Retained
4160,2015-08-12,6,13,141,3,5,4,12,Loyal,Other,Retained
4161,2015-09-24,2,5,98,4,2,2,8,Potential,Other,Retained
4162,2015-12-22,4,14,9,5,4,5,14,Champion,Other,Retained High-Value
4163,2015-05-30,6,15,215,2,5,5,12,Loyal,Other,Retained
4164,2014-09-25,4,10,462,1,4,3,8,Potential,Other,Retained
4165,2015-08-18,8,20,135,3,5,5,13,Champion,Fresh Produce,Retained High-Value
4166,2015-11-06,4,14,55,4,4,5,13,Champion,Other,Retained High-Value
4167,2015-09-06,3,6,116,3,3,2,8,Potential,Other,Retained
4168,2014-12-03,2,4,393,1,2,1,4,Churned,Meat & Snacks,Churned
4169,2015-11-24,6,15,37,5,5,5,15,Champion,Other,Retained High-Value
4170,2015-07-11,5,15,173,3,4,5,12,Loyal,Beverages,Retained
4171,2015-06-03,3,8,211,2,3,3,8,Potential,Dairy,Retained
4172,2015-10-08,3,9,84,4,3,3,10,Loyal,Other,Retained
4173,2015-05-11,2,4,234,2,2,1,5,Churned,Other,Churned
4174,2014-10-18,2,4,439,1,2,1,4,Churned,Fresh Produce,Churned
4175,2015-01-29,1,7,336,1,1,2,4,Churned,Bakery & Grains,Churned
4176,2015-05-05,3,7,240,2,3,2,7,Potential,Bakery & Grains,Retained
4177,2015-06-15,3,10,199,2,3,3,8,Potential,Fresh Produce,Retained
4178,2015-11-13,7,20,48,4,5,5,14,Champion,Other,Retained High-Value
4179,2015-03-21,3,9,285,2,3,3,8,Potential,Other,Retained
4180,2015-11-11,6,13,50,4,5,4,13,Champion,Other,Retained High-Value
4181,2014-09-07,1,3,480,1,1,1,3,Churned,Other,Churned
4182,2015-08-21,6,14,132,3,5,5,13,Champion,Other,Retained High-Value
4183,2015-01-15,6,17,350,1,5,5,11,Loyal,Fresh Produce,Retained
4184,2015-12-15,3,8,16,5,3,3,11,Loyal,Bakery & Grains,Retained
4185,2015-01-16,2,6,349,1,2,2,5,Churned,Bakery & Grains,Churned
4186,2015-10-25,1,3,67,4,1,1,6,At-Risk,Other,Churned
4187,2015-10-28,8,21,64,4,5,5,14,Champion,Bakery & Grains,Retained High-Value
4188,2014-08-20,1,2,498,1,1,1,3,Churned,Beverages,Churned
4189,2015-09-11,2,6,111,3,2,2,7,Potential,Bakery & Grains,Retained
4190,2015-12-27,9,21,4,5,5,5,15,Champion,Other,Retained High-Value
4191,2015-11-03,6,13,58,4,5,4,13,Champion,Other,Retained High-Value
4192,2015-12-16,5,15,15,5,4,5,14,Champion,Fresh Produce,Retained High-Value
4193,2015-08-30,4,8,123,3,4,3,10,Loyal,Other,Retained
4194,2015-05-11,6,14,234,2,5,5,12,Loyal,Beverages,Retained
4195,2015-10-01,3,10,91,4,3,3,10,Loyal,Other,Retained
4196,2015-11-07,5,10,54,4,4,3,11,Loyal,Other,Retained
4197,2015-11-03,6,17,58,4,5,5,14,Champion,Beverages,Retained High-Value
4198,2015-03-18,2,5,288,2,2,2,6,Churned,Dairy,Churned
4199,2015-12-29,4,11,2,5,4,4,13,Champion,Other,Retained High-Value
4200,2014-06-23,1,3,556,1,1,1,3,Churned,Other,Churned
4201,2015-10-14,6,12,78,4,5,4,13,Champion,Other,Retained High-Value
4202,2015-12-02,6,13,29,5,5,4,14,Champion,Other,Retained High-Value
4204,2015-10-16,4,10,76,4,4,3,11,Loyal,Other,Retained
4205,2015-02-22,2,4,312,2,2,1,5,Churned,Other,Churned
4206,2014-12-11,7,15,385,1,5,5,11,Loyal,Bakery & Grains,Retained
4207,2015-08-28,4,15,125,3,4,5,12,Loyal,Other,Retained
4208,2014-02-03,1,2,696,1,1,1,3,Churned,Meat & Snacks,Churned
4209,2014-07-29,2,4,520,1,2,1,4,Churned,Other,Churned
4210,2015-08-07,2,4,146,3,2,1,6,At-Risk,Fresh Produce,Churned
4211,2014-09-16,5,12,471,1,4,4,9,Potential,Bakery & Grains,Retained
4212,2015-05-01,5,11,244,2,4,4,10,Loyal,Dairy,Retained
4213,2015-08-23,3,8,130,3,3,3,9,Potential,Fresh Produce,Retained
4214,2015-10-07,6,13,85,4,5,4,13,Champion,Dairy,Retained High-Value
4215,2015-06-30,4,18,184,3,4,5,12,Loyal,Other,Retained
4216,2015-04-28,5,11,247,2,4,4,10,Loyal,Fresh Produce,Retained
4217,2015-12-18,10,25,13,5,5,5,15,Champion,Other,Retained High-Value
4218,2015-10-03,4,12,89,4,4,4,12,Loyal,Beverages,Retained
4219,2015-10-16,4,8,76,4,4,3,11,Loyal,Other,Retained
4220,2015-11-21,5,16,40,5,4,5,14,Champion,Bakery & Grains,Retained High-Value
4221,2015-02-27,4,8,307,2,4,3,9,Potential,Other,Retained
4222,2015-12-27,4,13,4,5,4,4,13,Champion,Fresh Produce,Retained High-Value
4223,2015-10-07,7,17,85,4,5,5,14,Champion,Fresh Produce,Retained High-Value
4224,2015-12-06,6,12,25,5,5,4,14,Champion,Bakery & Grains,Retained High-Value
4225,2015-05-08,2,6,237,2,2,2,6,Churned,Beverages,Churned
4226,2015-12-06,4,9,25,5,4,3,12,Loyal,Fresh Produce,Retained
4227,2015-08-20,3,7,133,3,3,2,8,Potential,Fresh Produce,Retained
4228,2015-04-18,5,13,257,2,4,4,10,Loyal,Beverages,Retained
4229,2015-08-20,3,8,133,3,3,3,9,Potential,Other,Retained
4230,2015-11-05,4,9,56,4,4,3,11,Loyal,Bakery & Grains,Retained
4231,2015-01-11,2,5,354,1,2,2,5,Churned,Other,Churned
4232,2015-12-19,4,12,12,5,4,4,13,Champion,Other,Retained High-Value
4233,2015-06-16,4,11,198,2,4,4,10,Loyal,Other,Retained
4234,2015-08-02,6,20,151,3,5,5,13,Champion,Other,Retained High-Value
4235,2015-12-19,7,19,12,5,5,5,15,Champion,Other,Retained High-Value
4236,2015-11-25,4,14,36,5,4,5,14,Champion,Meat & Snacks,Retained High-Value
4237,2014-05-20,1,2,590,1,1,1,3,Churned,Bakery & Grains,Churned
4238,2015-12-12,3,8,19,5,3,3,11,Loyal,Other,Retained
4239,2015-02-11,2,4,323,2,2,1,5,Churned,Other,Churned
4240,2015-12-04,5,15,27,5,4,5,14,Champion,Dairy,Retained High-Value
4241,2014-10-02,2,6,455,1,2,2,5,Churned,Other,Churned
4242,2015-12-09,3,7,22,5,3,2,10,Loyal,Dairy,Retained
4243,2015-08-22,6,16,131,3,5,5,13,Champion,Other,Retained High-Value
4244,2015-10-31,5,10,61,4,4,3,11,Loyal,Fresh Produce,Retained
4245,2015-06-04,4,9,210,2,4,3,9,Potential,Beverages,Retained
4246,2015-12-01,3,8,30,5,3,3,11,Loyal,Other,Retained
4247,2014-01-02,1,2,728,1,1,1,3,Churned,Dairy,Churned
4248,2014-10-09,1,2,448,1,1,1,3,Churned,Other,Churned
4249,2015-12-04,5,11,27,5,4,4,13,Champion,Other,Retained High-Value
4250,2014-10-25,2,4,432,1,2,1,4,Churned,Dairy,Churned
4251,2015-12-21,6,22,10,5,5,5,15,Champion,Fresh Produce,Retained High-Value
4252,2015-04-10,3,9,265,2,3,3,8,Potential,Other,Retained
4254,2015-08-14,3,6,139,3,3,2,8,Potential,Dairy,Retained
4255,2015-09-02,5,11,120,3,4,4,11,Loyal,Other,Retained
4256,2014-05-19,3,6,591,1,3,2,6,Churned,Other,Churned
4257,2015-08-21,6,13,132,3,5,4,12,Loyal,Dairy,Retained
4258,2015-12-11,5,13,20,5,4,4,13,Champion,Dairy,Retained High-Value
4259,2015-06-24,5,12,190,2,4,4,10,Loyal,Dairy,Retained
4260,2015-11-16,4,12,45,5,4,4,13,Champion,Other,Retained High-Value
4261,2015-02-16,5,12,318,2,4,4,10,Loyal,Beverages,Retained
4262,2015-10-16,7,17,76,4,5,5,14,Champion,Dairy,Retained High-Value
4264,2015-05-11,4,9,234,2,4,3,9,Potential,Beverages,Retained
4265,2015-12-12,5,10,19,5,4,3,12,Loyal,Beverages,Retained
4266,2015-07-31,5,19,153,3,4,5,12,Loyal,Other,Retained
4267,2015-10-10,6,14,82,4,5,5,14,Champion,Other,Retained High-Value
4268,2015-04-25,5,12,250,2,4,4,10,Loyal,Other,Retained
4269,2015-04-01,3,10,274,2,3,3,8,Potential,Other,Retained
4270,2015-02-08,3,6,326,1,3,2,6,Churned,Other,Churned
4271,2014-12-19,2,5,377,1,2,2,5,Churned,Other,Churned
4272,2015-06-06,9,27,208,2,5,5,12,Loyal,Dairy,Retained
4273,2015-06-14,4,8,200,2,4,3,9,Potential,Other,Retained
4274,2015-09-30,6,12,92,4,5,4,13,Champion,Bakery & Grains,Retained High-Value
4275,2015-09-11,5,15,111,3,4,5,12,Loyal,Fresh Produce,Retained
4277,2015-12-06,7,23,25,5,5,5,15,Champion,Dairy,Retained High-Value
4278,2014-07-03,2,4,546,1,2,1,4,Churned,Other,Churned
4279,2014-01-27,1,2,703,1,1,1,3,Churned,Other,Churned
4280,2015-12-06,5,15,25,5,4,5,14,Champion,Beverages,Retained High-Value
4281,2015-10-18,5,13,74,4,4,4,12,Loyal,Dairy,Retained
4282,2015-06-23,2,4,191,2,2,1,5,Churned,Other,Churned
4283,2014-06-20,3,7,559,1,3,2,6,Churned,Other,Churned
4284,2015-10-14,3,10,78,4,3,3,10,Loyal,Dairy,Retained
4285,2015-12-29,4,8,2,5,4,3,12,Loyal,Dairy,Retained
4286,2015-09-12,4,13,110,3,4,4,11,Loyal,Dairy,Retained
4287,2015-08-06,2,6,147,3,2,2,7,Potential,Other,Retained
4288,2015-11-13,5,12,48,4,4,4,12,Loyal,Fresh Produce,Retained
4289,2015-10-08,3,9,84,4,3,3,10,Loyal,Other,Retained
4290,2014-09-04,3,7,483,1,3,2,6,Churned,Other,Churned
4291,2015-12-09,6,16,22,5,5,5,15,Champion,Dairy,Retained High-Value
4292,2015-12-05,7,20,26,5,5,5,15,Champion,Other,Retained High-Value
4293,2015-09-30,7,22,92,4,5,5,14,Champion,Other,Retained High-Value
4294,2015-12-03,6,14,28,5,5,5,15,Champion,Dairy,Retained High-Value
4295,2015-10-26,3,11,66,4,3,4,11,Loyal,Meat & Snacks,Retained
4296,2015-08-26,4,10,127,3,4,3,10,Loyal,Other,Retained
4297,2015-10-27,8,23,65,4,5,5,14,Champion,Other,Retained High-Value
4298,2015-07-25,3,9,159,3,3,3,9,Potential,Other,Retained
4299,2015-08-14,6,15,139,3,5,5,13,Champion,Other,Retained High-Value
4300,2015-04-04,3,8,271,2,3,3,8,Potential,Other,Retained
4301,2015-12-20,4,15,11,5,4,5,14,Champion,Fresh Produce,Retained High-Value
4302,2015-11-05,7,20,56,4,5,5,14,Champion,Fresh Produce,Retained High-Value
4303,2015-12-25,9,25,6,5,5,5,15,Champion,Other,Retained High-Value
4304,2015-02-14,3,8,320,2,3,3,8,Potential,Other,Retained
4305,2015-07-24,6,15,160,3,5,5,13,Champion,Fresh Produce,Retained High-Value
4306,2015-12-28,4,12,3,5,4,4,13,Champion,Other,Retained High-Value
4307,2014-07-05,1,2,544,1,1,1,3,Churned,Other,Churned
4308,2015-12-05,6,19,26,5,5,5,15,Champion,Beverages,Retained High-Value
4309,2015-09-15,2,4,107,3,2,1,6,At-Risk,Other,Churned
4310,2015-02-27,3,7,307,2,3,2,7,Potential,Other,Retained
4311,2014-12-06,2,5,390,1,2,2,5,Churned,Other,Churned
4312,2015-12-14,5,17,17,5,4,5,14,Champion,Other,Retained High-Value
4313,2015-07-28,4,10,156,3,4,3,10,Loyal,Other,Retained
4314,2015-05-02,7,17,243,2,5,5,12,Loyal,Other,Retained
4315,2015-04-26,2,7,249,2,2,2,6,Churned,Beverages,Churned
4316,2015-01-11,8,20,354,1,5,5,11,Loyal,Fresh Produce,Retained
4317,2014-03-27,2,4,644,1,2,1,4,Churned,Other,Churned
4318,2014-08-28,3,6,490,1,3,2,6,Churned,Dairy,Churned
4319,2015-11-08,6,14,53,4,5,5,14,Champion,Other,Retained High-Value
4320,2015-12-11,5,15,20,5,4,5,14,Champion,Bakery & Grains,Retained High-Value
4321,2015-10-27,6,18,65,4,5,5,14,Champion,Beverages,Retained High-Value
4322,2015-12-03,5,11,28,5,4,4,13,Champion,Beverages,Retained High-Value
4323,2015-12-17,5,12,14,5,4,4,13,Champion,Other,Retained High-Value
4324,2015-01-05,4,14,360,1,4,5,10,Loyal,Beverages,Retained
4325,2015-10-14,4,9,78,4,4,3,11,Loyal,Other,Retained
4326,2015-11-06,5,12,55,4,4,4,12,Loyal,Meat & Snacks,Retained
4327,2015-04-26,2,5,249,2,2,2,6,Churned,Beverages,Churned
4328,2015-08-29,3,12,124,3,3,4,10,Loyal,Other,Retained
4329,2014-10-23,3,7,434,1,3,2,6,Churned,Bakery & Grains,Churned
4330,2015-06-22,6,18,192,2,5,5,12,Loyal,Dairy,Retained
4331,2015-09-10,3,6,112,3,3,2,8,Potential,Other,Retained
4332,2015-11-24,2,4,37,5,2,1,8,Potential,Beverages,Retained
4333,2015-07-01,1,2,183,3,1,1,5,At-Risk,Beverages,Churned
4334,2015-11-10,5,15,51,4,4,5,13,Champion,Dairy,Retained High-Value
4335,2015-12-05,7,17,26,5,5,5,15,Champion,Dairy,Retained High-Value
4336,2015-10-10,6,15,82,4,5,5,14,Champion,Other,Retained High-Value
4337,2015-10-26,3,9,66,4,3,3,10,Loyal,Other,Retained
4338,2015-10-11,11,28,81,4,5,5,14,Champion,Fresh Produce,Retained High-Value
4339,2014-11-20,3,6,406,1,3,2,6,Churned,Other,Churned
4340,2015-12-25,6,13,6,5,5,4,14,Champion,Beverages,Retained High-Value
4341,2014-10-26,3,7,431,1,3,2,6,Churned,Other,Churned
4342,2015-03-18,5,10,288,2,4,3,9,Potential,Dairy,Retained
4343,2015-12-21,2,7,10,5,2,2,9,Potential,Bakery & Grains,Retained
4344,2015-05-06,3,9,239,2,3,3,8,Potential,Other,Retained
4345,2015-01-28,3,6,337,1,3,2,6,Churned,Other,Churned
4347,2015-03-07,2,4,299,2,2,1,5,Churned,Other,Churned
4348,2015-04-11,5,12,264,2,4,4,10,Loyal,Meat & Snacks,Retained
4349,2015-03-14,4,8,292,2,4,3,9,Potential,Bakery & Grains,Retained
4351,2015-08-21,4,13,132,3,4,4,11,Loyal,Other,Retained
4352,2015-12-29,4,13,2,5,4,4,13,Champion,Meat & Snacks,Retained High-Value
4353,2015-08-24,6,17,129,3,5,5,13,Champion,Fresh Produce,Retained High-Value
4354,2015-01-16,2,4,349,1,2,1,4,Churned,Beverages,Churned
4355,2015-11-21,4,9,40,5,4,3,12,Loyal,Dairy,Retained
4356,2015-12-01,3,9,30,5,3,3,11,Loyal,Fresh Produce,Retained
4357,2015-10-10,3,9,82,4,3,3,10,Loyal,Dairy,Retained
4358,2015-11-06,3,6,55,4,3,2,9,Potential,Fresh Produce,Retained
4359,2015-09-24,3,9,98,4,3,3,10,Loyal,Bakery & Grains,Retained
4360,2015-02-23,3,6,311,2,3,2,7,Potential,Other,Retained
4361,2015-09-05,4,8,117,3,4,3,10,Loyal,Fresh Produce,Retained
4362,2015-07-11,6,15,173,3,5,5,13,Champion,Fresh Produce,Retained High-Value
4363,2015-07-01,3,6,183,3,3,2,8,Potential,Beverages,Retained
4364,2015-12-24,9,22,7,5,5,5,15,Champion,Dairy,Retained High-Value
4365,2015-02-20,2,4,314,2,2,1,5,Churned,Other,Churned
4366,2015-08-13,1,2,140,3,1,1,5,At-Risk,Other,Churned
4367,2015-11-15,5,12,46,5,4,4,13,Champion,Dairy,Retained High-Value
4368,2015-10-12,4,8,80,4,4,3,11,Loyal,Dairy,Retained
4369,2015-08-25,4,10,128,3,4,3,10,Loyal,Other,Retained
4370,2014-06-06,3,8,573,1,3,3,7,Potential,Fresh Produce,Retained
4371,2015-06-21,4,9,193,2,4,3,9,Potential,Other,Retained
4372,2015-07-30,4,16,154,3,4,5,12,Loyal,Bakery & Grains,Retained
4373,2015-08-12,3,7,141,3,3,2,8,Potential,Other,Retained
4374,2014-09-19,2,4,468,1,2,1,4,Churned,Other,Churned
4375,2015-10-05,5,12,87,4,4,4,12,Loyal,Dairy,Retained
4376,2015-11-22,10,26,39,5,5,5,15,Champion,Bakery & Grains,Retained High-Value
4377,2015-02-23,2,11,311,2,2,4,8,Potential,Other,Retained
4378,2015-05-04,2,4,241,2,2,1,5,Churned,Other,Churned
4379,2015-10-01,2,4,91,4,2,1,7,Potential,Bakery & Grains,Retained
4380,2015-11-03,4,11,58,4,4,4,12,Loyal,Other,Retained
4381,2015-09-30,3,6,92,4,3,2,9,Potential,Other,Retained
4382,2015-11-13,2,4,48,4,2,1,7,Potential,Fresh Produce,Retained
4383,2014-12-02,2,4,394,1,2,1,4,Churned,Dairy,Churned
4384,2015-09-22,4,14,100,4,4,5,13,Champion,Other,Retained High-Value
4385,2015-11-17,2,5,44,5,2,2,9,Potential,Other,Retained
4386,2015-09-08,1,2,114,3,1,1,5,At-Risk,Fresh Produce,Churned
4387,2015-09-16,8,17,106,3,5,5,13,Champion,Beverages,Retained High-Value
4388,2015-03-20,4,14,286,2,4,5,11,Loyal,Other,Retained
4389,2015-12-17,7,17,14,5,5,5,15,Champion,Meat & Snacks,Retained High-Value
4390,2015-01-20,2,5,345,1,2,2,5,Churned,Other,Churned
4391,2015-03-26,6,14,280,2,5,5,12,Loyal,Meat & Snacks,Retained
4392,2015-11-28,5,13,33,5,4,4,13,Champion,Fresh Produce,Retained High-Value
4393,2015-11-24,2,5,37,5,2,2,9,Potential,Dairy,Retained
4394,2014-11-13,4,9,413,1,4,3,8,Potential,Other,Retained
4395,2015-06-25,3,8,189,3,3,3,9,Potential,Other,Retained
4396,2015-06-12,2,4,202,2,2,1,5,Churned,Other,Churned
4397,2015-06-27,4,11,187,3,4,4,11,Loyal,Fresh Produce,Retained
4398,2015-11-09,5,10,52,4,4,3,11,Loyal,Other,Retained
4400,2015-12-11,3,6,20,5,3,2,10,Loyal,Bakery & Grains,Retained
4401,2014-10-09,4,9,448,1,4,3,8,Potential,Beverages,Retained
4402,2014-10-09,2,5,448,1,2,2,5,Churned,Beverages,Churned
4403,2015-09-20,5,12,102,4,4,4,12,Loyal,Fresh Produce,Retained
4404,2014-10-10,3,7,447,1,3,2,6,Churned,Fresh Produce,Churned
4405,2015-07-22,2,10,162,3,2,3,8,Potential,Other,Retained
4406,2015-05-27,8,17,218,2,5,5,12,Loyal,Meat & Snacks,Retained
4407,2015-02-19,3,6,315,2,3,2,7,Potential,Beverages,Retained
4408,2015-04-20,4,9,255,2,4,3,9,Potential,Other,Retained
4409,2015-01-15,2,7,350,1,2,2,5,Churned,Dairy,Churned
4410,2015-10-12,4,11,80,4,4,4,12,Loyal,Bakery & Grains,Retained
4411,2015-07-22,2,6,162,3,2,2,7,Potential,Other,Retained
4412,2015-12-20,6,13,11,5,5,4,14,Champion,Fresh Produce,Retained High-Value
4413,2015-10-11,3,7,81,4,3,2,9,Potential,Other,Retained
4414,2015-01-23,3,7,342,1,3,2,6,Churned,Meat & Snacks,Churned
4415,2015-01-27,4,8,338,1,4,3,8,Potential,Beverages,Retained
4416,2015-12-23,7,16,8,5,5,5,15,Champion,Fresh Produce,Retained High-Value
4417,2015-05-18,4,15,227,2,4,5,11,Loyal,Other,Retained
4418,2015-10-04,4,8,88,4,4,3,11,Loyal,Other,Retained
4419,2015-12-23,1,2,8,5,1,1,7,Potential,Fresh Produce,Retained
4420,2015-02-25,3,6,309,2,3,2,7,Potential,Dairy,Retained
4422,2014-10-19,2,6,438,1,2,2,5,Churned,Other,Churned
4423,2014-02-25,1,2,674,1,1,1,3,Churned,Fresh Produce,Churned
4424,2015-10-16,3,8,76,4,3,3,10,Loyal,Other,Retained
4425,2015-10-17,1,2,75,4,1,1,6,At-Risk,Dairy,Churned
4426,2015-06-06,7,15,208,2,5,5,12,Loyal,Fresh Produce,Retained
4427,2015-01-31,5,12,334,1,4,4,9,Potential,Other,Retained
4428,2015-08-23,3,6,130,3,3,2,8,Potential,Fresh Produce,Retained
4429,2015-07-21,1,3,163,3,1,1,5,At-Risk,Other,Churned
4430,2015-12-02,5,14,29,5,4,5,14,Champion,Other,Retained High-Value
4431,2015-11-16,5,14,45,5,4,5,14,Champion,Meat & Snacks,Retained High-Value
4432,2015-09-25,5,10,97,4,4,3,11,Loyal,Dairy,Retained
4433,2015-05-25,5,17,220,2,4,5,11,Loyal,Dairy,Retained
4434,2015-09-21,6,15,101,4,5,5,14,Champion,Beverages,Retained High-Value
4435,2014-12-06,4,8,390,1,4,3,8,Potential,Bakery & Grains,Retained
4436,2015-12-23,1,2,8,5,1,1,7,Potential,Fresh Produce,Retained
4437,2015-11-29,9,23,32,5,5,5,15,Champion,Meat & Snacks,Retained High-Value
4439,2015-08-21,3,8,132,3,3,3,9,Potential,Fresh Produce,Retained
4440,2015-12-01,6,12,30,5,5,4,14,Champion,Other,Retained High-Value
4441,2015-11-09,6,16,52,4,5,5,14,Champion,Beverages,Retained High-Value
4442,2015-11-28,5,14,33,5,4,5,14,Champion,Fresh Produce,Retained High-Value
4443,2014-11-10,3,7,416,1,3,2,6,Churned,Dairy,Churned
4444,2015-10-06,5,15,86,4,4,5,13,Champion,Fresh Produce,Retained High-Value
4445,2015-12-01,6,15,30,5,5,5,15,Champion,Other,Retained High-Value
4447,2015-05-01,1,2,244,2,1,1,4,Churned,Dairy,Churned
4448,2015-01-06,5,12,359,1,4,4,9,Potential,Fresh Produce,Retained
4449,2015-03-30,3,10,276,2,3,3,8,Potential,Fresh Produce,Retained
4450,2015-07-30,3,7,154,3,3,2,8,Potential,Meat & Snacks,Retained
4451,2014-11-23,1,2,403,1,1,1,3,Churned,Fresh Produce,Churned
4452,2015-11-23,2,4,38,5,2,1,8,Potential,Bakery & Grains,Retained
4453,2015-08-23,8,18,130,3,5,5,13,Champion,Bakery & Grains,Retained High-Value
4454,2015-12-23,1,3,8,5,1,1,7,Potential,Other,Retained
4455,2015-12-26,8,16,5,5,5,5,15,Champion,Fresh Produce,Retained High-Value
4456,2015-08-08,5,17,145,3,4,5,12,Loyal,Beverages,Retained
4457,2015-09-03,2,10,119,3,2,3,8,Potential,Other,Retained
4458,2014-03-21,2,6,650,1,2,2,5,Churned,Other,Churned
4459,2015-12-18,5,12,13,5,4,4,13,Champion,Fresh Produce,Retained High-Value
4460,2015-07-12,3,8,172,3,3,3,9,Potential,Other,Retained
4461,2015-02-13,4,9,321,2,4,3,9,Potential,Fresh Produce,Retained
4462,2015-06-07,4,12,207,2,4,4,10,Loyal,Other,Retained
4463,2015-11-03,4,10,58,4,4,3,11,Loyal,Bakery & Grains,Retained
4464,2015-10-21,8,17,71,4,5,5,14,Champion,Bakery & Grains,Retained High-Value
4465,2014-12-29,2,4,367,1,2,1,4,Churned,Other,Churned
4466,2015-09-03,3,10,119,3,3,3,9,Potential,Dairy,Retained
4467,2015-11-22,4,11,39,5,4,4,13,Champion,Other,Retained High-Value
4468,2015-06-15,4,17,199,2,4,5,11,Loyal,Other,Retained
4469,2015-10-18,3,7,74,4,3,2,9,Potential,Meat & Snacks,Retained
4470,2015-12-23,5,14,8,5,4,5,14,Champion,Other,Retained High-Value
4471,2015-02-28,4,9,306,2,4,3,9,Potential,Other,Retained
4472,2014-10-11,1,2,446,1,1,1,3,Churned,Other,Churned
4473,2015-09-07,4,14,115,3,4,5,12,Loyal,Beverages,Retained
4474,2015-12-10,4,11,21,5,4,4,13,Champion,Fresh Produce,Retained High-Value
4475,2015-04-03,2,5,272,2,2,2,6,Churned,Dairy,Churned
4477,2015-02-15,2,7,319,2,2,2,6,Churned,Fresh Produce,Churned
4478,2015-12-04,3,9,27,5,3,3,11,Loyal,Other,Retained
4479,2015-02-10,4,9,324,2,4,3,9,Potential,Beverages,Retained
4480,2014-06-12,2,5,567,1,2,2,5,Churned,Other,Churned
4481,2014-09-19,2,4,468,1,2,1,4,Churned,Other,Churned
4482,2015-11-30,3,11,31,5,3,4,12,Loyal,Other,Retained
4483,2015-08-15,2,4,138,3,2,1,6,At-Risk,Dairy,Churned
4484,2015-11-27,3,6,34,5,3,2,10,Loyal,Other,Retained
4485,2015-07-25,4,12,159,3,4,4,11,Loyal,Bakery & Grains,Retained
4486,2015-12-02,6,26,29,5,5,5,15,Champion,Other,Retained High-Value
4487,2015-07-20,7,19,164,3,5,5,13,Champion,Other,Retained High-Value
4488,2014-12-16,3,6,380,1,3,2,6,Churned,Other,Churned
4489,2015-11-19,3,8,42,5,3,3,11,Loyal,Fresh Produce,Retained
4490,2014-01-21,1,4,709,1,1,1,3,Churned,Other,Churned
4491,2014-09-18,1,2,469,1,1,1,3,Churned,Beverages,Churned
4492,2015-06-14,4,9,200,2,4,3,9,Potential,Other,Retained
4493,2015-10-29,4,10,63,4,4,3,11,Loyal,Other,Retained
4494,2015-11-02,9,21,59,4,5,5,14,Champion,Other,Retained High-Value
4495,2015-12-16,7,23,15,5,5,5,15,Champion,Other,Retained High-Value
4496,2015-01-23,1,2,342,1,1,1,3,Churned,Other,Churned
4497,2015-06-07,2,4,207,2,2,1,5,Churned,Fresh Produce,Churned
4498,2015-04-19,5,11,256,2,4,4,10,Loyal,Bakery & Grains,Retained
4499,2015-10-29,6,15,63,4,5,5,14,Champion,Other,Retained High-Value
4500,2015-06-08,4,10,206,2,4,3,9,Potential,Other,Retained
4501,2015-06-15,5,13,199,2,4,4,10,Loyal,Other,Retained
4502,2015-11-22,4,9,39,5,4,3,12,Loyal,Fresh Produce,Retained
4503,2015-12-19,5,11,12,5,4,4,13,Champion,Dairy,Retained High-Value
4504,2015-09-04,5,14,118,3,4,5,12,Loyal,Other,Retained
4505,2015-04-17,5,13,258,2,4,4,10,Loyal,Fresh Produce,Retained
4506,2015-08-11,1,2,142,3,1,1,5,At-Risk,Beverages,Churned
4507,2015-08-15,2,6,138,3,2,2,7,Potential,Other,Retained
4508,2015-10-07,6,13,85,4,5,4,13,Champion,Other,Retained High-Value
4509,2015-11-29,6,20,32,5,5,5,15,Champion,Other,Retained High-Value
4510,2015-09-03,7,17,119,3,5,5,13,Champion,Fresh Produce,Retained High-Value
4511,2015-06-29,3,7,185,3,3,2,8,Potential,Other,Retained
4512,2015-12-21,6,15,10,5,5,5,15,Champion,Other,Retained High-Value
4513,2015-11-04,2,5,57,4,2,2,8,Potential,Other,Retained
4514,2014-07-17,1,2,532,1,1,1,3,Churned,Other,Churned
4515,2015-06-15,7,19,199,2,5,5,12,Loyal,Other,Retained
4516,2015-12-07,2,7,24,5,2,2,9,Potential,Dairy,Retained
4517,2014-10-26,1,2,431,1,1,1,3,Churned,Beverages,Churned
4518,2015-07-20,2,5,164,3,2,2,7,Potential,Fresh Produce,Retained
4519,2015-11-03,2,5,58,4,2,2,8,Potential,Other,Retained
4520,2014-03-23,3,6,648,1,3,2,6,Churned,Dairy,Churned
4521,2015-09-15,1,2,107,3,1,1,5,At-Risk,Other,Churned
4522,2015-05-18,3,8,227,2,3,3,8,Potential,Fresh Produce,Retained
4523,2015-10-28,6,12,64,4,5,4,13,Champion,Other,Retained High-Value
4524,2015-12-26,8,22,5,5,5,5,15,Champion,Other,Retained High-Value
4525,2015-10-07,6,15,85,4,5,5,14,Champion,Meat & Snacks,Retained High-Value
4526,2015-08-24,9,20,129,3,5,5,13,Champion,Other,Retained High-Value
4527,2015-10-18,5,11,74,4,4,4,12,Loyal,Other,Retained
4528,2015-10-13,2,4,79,4,2,1,7,Potential,Other,Retained
4529,2015-05-24,4,10,221,2,4,3,9,Potential,Meat & Snacks,Retained
4530,2015-09-12,2,4,110,3,2,1,6,At-Risk,Fresh Produce,Churned
4531,2015-10-16,7,17,76,4,5,5,14,Champion,Other,Retained High-Value
4532,2015-11-29,3,6,32,5,3,2,10,Loyal,Fresh Produce,Retained
4533,2015-05-21,3,6,224,2,3,2,7,Potential,Other,Retained
4534,2014-10-15,2,4,442,1,2,1,4,Churned,Fresh Produce,Churned
4535,2015-12-05,3,7,26,5,3,2,10,Loyal,Beverages,Retained
4536,2015-09-13,4,11,109,3,4,4,11,Loyal,Fresh Produce,Retained
4537,2015-12-20,6,13,11,5,5,4,14,Champion,Other,Retained High-Value
4538,2015-11-28,4,8,33,5,4,3,12,Loyal,Beverages,Retained
4539,2015-03-09,3,9,297,2,3,3,8,Potential,Other,Retained
4540,2015-10-20,5,12,72,4,4,4,12,Loyal,Other,Retained
4541,2015-04-18,4,10,257,2,4,3,9,Potential,Dairy,Retained
4542,2015-01-18,3,6,347,1,3,2,6,Churned,Other,Churned
4543,2015-10-23,3,6,69,4,3,2,9,Potential,Other,Retained
4544,2015-01-21,5,12,344,1,4,4,9,Potential,Other,Retained
4546,2015-09-03,4,11,119,3,4,4,11,Loyal,Other,Retained
4547,2015-01-18,2,7,347,1,2,2,5,Churned,Other,Churned
4548,2015-07-30,7,15,154,3,5,5,13,Champion,Fresh Produce,Retained High-Value
4550,2015-11-09,6,16,52,4,5,5,14,Champion,Meat & Snacks,Retained High-Value
4551,2015-07-28,2,4,156,3,2,1,6,At-Risk,Bakery & Grains,Churned
4552,2015-10-17,3,8,75,4,3,3,10,Loyal,Dairy,Retained
4553,2015-06-13,2,7,201,2,2,2,6,Churned,Meat & Snacks,Churned
4554,2015-08-27,4,9,126,3,4,3,10,Loyal,Other,Retained
4555,2015-11-07,5,14,54,4,4,5,13,Champion,Other,Retained High-Value
4556,2015-08-17,4,9,136,3,4,3,10,Loyal,Dairy,Retained
4557,2015-10-19,4,8,73,4,4,3,11,Loyal,Beverages,Retained
4558,2015-04-05,3,6,270,2,3,2,7,Potential,Fresh Produce,Retained
4559,2015-05-12,4,10,233,2,4,3,9,Potential,Bakery & Grains,Retained
4560,2015-07-03,2,4,181,3,2,1,6,At-Risk,Beverages,Churned
4561,2014-09-04,4,9,483,1,4,3,8,Potential,Bakery & Grains,Retained
4562,2014-11-06,2,4,420,1,2,1,4,Churned,Other,Churned
4563,2015-06-27,5,12,187,3,4,4,11,Loyal,Other,Retained
4564,2015-11-04,6,17,57,4,5,5,14,Champion,Other,Retained High-Value
4565,2015-12-30,1,2,1,5,1,1,7,Potential,Beverages,Retained
4566,2015-08-30,6,13,123,3,5,4,12,Loyal,Other,Retained
4567,2015-10-02,6,12,90,4,5,4,13,Champion,Fresh Produce,Retained High-Value
4569,2015-07-27,3,12,157,3,3,4,10,Loyal,Other,Retained
4570,2015-08-22,2,6,131,3,2,2,7,Potential,Fresh Produce,Retained
4571,2015-04-05,3,6,270,2,3,2,7,Potential,Other,Retained
4572,2015-10-29,5,18,63,4,4,5,13,Champion,Other,Retained High-Value
4573,2015-12-23,7,16,8,5,5,5,15,Champion,Other,Retained High-Value
4574,2015-11-30,6,21,31,5,5,5,15,Champion,Bakery & Grains,Retained High-Value
4575,2015-12-10,4,8,21,5,4,3,12,Loyal,Other,Retained
4576,2015-09-17,4,14,105,4,4,5,13,Champion,Other,Retained High-Value
4577,2015-11-04,3,6,57,4,3,2,9,Potential,Other,Retained
4578,2014-09-08,4,9,479,1,4,3,8,Potential,Fresh Produce,Retained
4579,2015-10-29,5,16,63,4,4,5,13,Champion,Dairy,Retained High-Value
4580,2015-11-29,2,8,32,5,2,3,10,Loyal,Other,Retained
4581,2015-04-03,2,6,272,2,2,2,6,Churned,Beverages,Churned
4582,2015-11-13,4,9,48,4,4,3,11,Loyal,Other,Retained
4583,2015-02-23,2,10,311,2,2,3,7,Potential,Fresh Produce,Retained
4584,2015-12-02,5,10,29,5,4,3,12,Loyal,Fresh Produce,Retained
4585,2015-09-28,5,21,94,4,4,5,13,Champion,Bakery & Grains,Retained High-Value
4586,2014-09-26,3,7,461,1,3,2,6,Churned,Other,Churned
4587,2014-05-23,1,2,587,1,1,1,3,Churned,Other,Churned
4588,2015-11-08,5,21,53,4,4,5,13,Champion,Other,Retained High-Value
4589,2015-12-08,5,16,23,5,4,5,14,Champion,Other,Retained High-Value
4590,2014-08-19,1,2,499,1,1,1,3,Churned,Beverages,Churned
4591,2015-06-13,3,9,201,2,3,3,8,Potential,Other,Retained
4592,2015-12-08,6,16,23,5,5,5,15,Champion,Fresh Produce,Retained High-Value
4593,2015-08-18,4,10,135,3,4,3,10,Loyal,Meat & Snacks,Retained
4594,2015-06-23,7,18,191,2,5,5,12,Loyal,Other,Retained
4595,2015-08-07,2,4,146,3,2,1,6,At-Risk,Meat & Snacks,Churned
4596,2015-06-05,5,10,209,2,4,3,9,Potential,Other,Retained
4597,2015-07-13,3,6,171,3,3,2,8,Potential,Other,Retained
4598,2015-11-18,5,18,43,5,4,5,14,Champion,Fresh Produce,Retained High-Value
4599,2014-04-23,2,4,617,1,2,1,4,Churned,Fresh Produce,Churned
4600,2015-07-14,3,11,170,3,3,4,10,Loyal,Other,Retained
4601,2015-12-15,7,15,16,5,5,5,15,Champion,Other,Retained High-Value
4602,2015-08-26,1,3,127,3,1,1,5,At-Risk,Meat & Snacks,Churned
4603,2015-01-21,4,10,344,1,4,3,8,Potential,Other,Retained
4604,2015-12-09,2,4,22,5,2,1,8,Potential,Other,Retained
4605,2015-10-23,3,6,69,4,3,2,9,Potential,Meat & Snacks,Retained
4606,2015-05-15,5,13,230,2,4,4,10,Loyal,Other,Retained
4607,2015-12-15,3,8,16,5,3,3,11,Loyal,Bakery & Grains,Retained
4608,2015-11-25,4,12,36,5,4,4,13,Champion,Other,Retained High-Value
4609,2015-11-07,2,4,54,4,2,1,7,Potential,Other,Retained
4610,2015-07-19,4,12,165,3,4,4,11,Loyal,Other,Retained
4611,2015-08-27,2,5,126,3,2,2,7,Potential,Other,Retained
4612,2015-04-30,2,4,245,2,2,1,5,Churned,Dairy,Churned
4613,2015-05-17,4,12,228,2,4,4,10,Loyal,Fresh Produce,Retained
4614,2015-10-24,5,10,68,4,4,3,11,Loyal,Other,Retained
4615,2014-10-29,2,5,428,1,2,2,5,Churned,Other,Churned
4616,2015-08-16,6,13,137,3,5,4,12,Loyal,Bakery & Grains,Retained
4617,2014-11-24,3,9,402,1,3,3,7,Potential,Other,Retained
4618,2015-12-16,5,12,15,5,4,4,13,Champion,Other,Retained High-Value
4619,2015-06-16,2,5,198,2,2,2,6,Churned,Fresh Produce,Churned
4620,2015-03-11,3,9,295,2,3,3,8,Potential,Other,Retained
4621,2014-03-28,1,2,643,1,1,1,3,Churned,Other,Churned
4622,2014-09-11,4,8,476,1,4,3,8,Potential,Other,Retained
4623,2015-07-08,7,14,176,3,5,5,13,Champion,Other,Retained High-Value
4624,2015-11-27,7,22,34,5,5,5,15,Champion,Dairy,Retained High-Value
4625,2015-04-07,2,5,268,2,2,2,6,Churned,Other,Churned
4626,2015-12-24,3,7,7,5,3,2,10,Loyal,Other,Retained
4627,2015-12-18,2,4,13,5,2,1,8,Potential,Other,Retained
4628,2015-12-10,7,20,21,5,5,5,15,Champion,Other,Retained High-Value
4629,2015-11-16,4,10,45,5,4,3,12,Loyal,Other,Retained
4630,2014-06-29,1,2,550,1,1,1,3,Churned,Other,Churned
4631,2014-02-25,1,2,674,1,1,1,3,Churned,Fresh Produce,Churned
4632,2015-10-04,5,10,88,4,4,3,11,Loyal,Other,Retained
4633,2015-08-17,4,14,136,3,4,5,12,Loyal,Other,Retained
4634,2015-05-15,3,9,230,2,3,3,8,Potential,Other,Retained
4635,2015-10-16,4,8,76,4,4,3,11,Loyal,Fresh Produce,Retained
4636,2015-04-10,4,17,265,2,4,5,11,Loyal,Fresh Produce,Retained
4637,2015-05-14,5,11,231,2,4,4,10,Loyal,Bakery & Grains,Retained
4638,2014-11-03,4,8,423,1,4,3,8,Potential,Fresh Produce,Retained
4639,2014-11-22,1,2,404,1,1,1,3,Churned,Other,Churned
4640,2015-09-25,3,9,97,4,3,3,10,Loyal,Beverages,Retained
4641,2015-11-29,5,10,32,5,4,3,12,Loyal,Other,Retained
4642,2015-12-03,2,4,28,5,2,1,8,Potential,Other,Retained
4643,2015-12-02,6,16,29,5,5,5,15,Champion,Beverages,Retained High-Value
4644,2015-08-25,2,6,128,3,2,2,7,Potential,Fresh Produce,Retained
4645,2015-12-29,8,20,2,5,5,5,15,Champion,Other,Retained High-Value
4646,2015-07-31,6,12,153,3,5,4,12,Loyal,Other,Retained
4647,2015-02-17,2,4,317,2,2,1,5,Churned,Fresh Produce,Churned
4648,2015-10-08,4,9,84,4,4,3,11,Loyal,Other,Retained
4649,2014-10-05,5,11,452,1,4,4,9,Potential,Fresh Produce,Retained
4650,2014-12-14,5,11,382,1,4,4,9,Potential,Bakery & Grains,Retained
4651,2015-06-21,3,8,193,2,3,3,8,Potential,Bakery & Grains,Retained
4652,2015-04-08,4,13,267,2,4,4,10,Loyal,Other,Retained
4653,2014-11-09,2,4,417,1,2,1,4,Churned,Fresh Produce,Churned
4654,2014-09-14,3,7,473,1,3,2,6,Churned,Other,Churned
4655,2015-08-02,4,10,151,3,4,3,10,Loyal,Other,Retained
4656,2015-12-25,9,21,6,5,5,5,15,Champion,Other,Retained High-Value
4657,2015-08-15,5,20,138,3,4,5,12,Loyal,Beverages,Retained
4658,2015-07-14,3,8,170,3,3,3,9,Potential,Beverages,Retained
4659,2014-12-26,4,8,370,1,4,3,8,Potential,Other,Retained
4660,2015-07-10,3,8,174,3,3,3,9,Potential,Meat & Snacks,Retained
4661,2015-05-10,7,17,235,2,5,5,12,Loyal,Other,Retained
4662,2015-11-17,5,16,44,5,4,5,14,Champion,Other,Retained High-Value
4663,2014-04-18,3,6,622,1,3,2,6,Churned,Other,Churned
4664,2015-05-26,3,8,219,2,3,3,8,Potential,Meat & Snacks,Retained
4665,2015-02-26,4,8,308,2,4,3,9,Potential,Bakery & Grains,Retained
4666,2015-12-02,6,20,29,5,5,5,15,Champion,Other,Retained High-Value
4667,2015-08-25,8,17,128,3,5,5,13,Champion,Other,Retained High-Value
4668,2015-02-01,3,6,333,1,3,2,6,Churned,Other,Churned
4669,2015-06-25,5,10,189,3,4,3,10,Loyal,Dairy,Retained
4670,2015-10-11,3,7,81,4,3,2,9,Potential,Other,Retained
4671,2015-08-01,8,22,152,3,5,5,13,Champion,Other,Retained High-Value
4672,2015-11-05,3,7,56,4,3,2,9,Potential,Other,Retained
4673,2014-12-10,3,7,386,1,3,2,6,Churned,Bakery & Grains,Churned
4674,2014-05-31,3,6,579,1,3,2,6,Churned,Fresh Produce,Churned
4675,2015-10-31,4,10,61,4,4,3,11,Loyal,Other,Retained
4676,2015-01-15,3,13,350,1,3,4,8,Potential,Other,Retained
4677,2015-10-15,3,7,77,4,3,2,9,Potential,Dairy,Retained
4678,2015-12-17,3,12,14,5,3,4,12,Loyal,Other,Retained
4679,2015-11-10,7,22,51,4,5,5,14,Champion,Other,Retained High-Value
4680,2015-08-27,4,9,126,3,4,3,10,Loyal,Other,Retained
4681,2015-09-11,4,14,111,3,4,5,12,Loyal,Beverages,Retained
4682,2015-05-17,3,6,228,2,3,2,7,Potential,Fresh Produce,Retained
4683,2015-09-23,9,21,99,4,5,5,14,Champion,Other,Retained High-Value
4684,2014-11-21,4,10,405,1,4,3,8,Potential,Other,Retained
4685,2015-11-04,6,15,57,4,5,5,14,Champion,Other,Retained High-Value
4686,2015-11-12,6,13,49,4,5,4,13,Champion,Dairy,Retained High-Value
4687,2015-09-23,4,10,99,4,4,3,11,Loyal,Dairy,Retained
4688,2015-10-02,5,16,90,4,4,5,13,Champion,Other,Retained High-Value
4689,2015-09-07,3,7,115,3,3,2,8,Potential,Beverages,Retained
4690,2014-12-20,4,9,376,1,4,3,8,Potential,Dairy,Retained
4691,2015-10-12,3,8,80,4,3,3,10,Loyal,Other,Retained
4692,2015-10-27,4,15,65,4,4,5,13,Champion,Other,Retained High-Value
4693,2015-08-18,7,18,135,3,5,5,13,Champion,Other,Retained High-Value
4694,2015-11-18,8,20,43,5,5,5,15,Champion,Other,Retained High-Value
4695,2015-10-13,9,26,79,4,5,5,14,Champion,Fresh Produce,Retained High-Value
4696,2015-08-18,3,7,135,3,3,2,8,Potential,Bakery & Grains,Retained
4697,2015-09-11,5,12,111,3,4,4,11,Loyal,Other,Retained
4698,2015-10-25,3,8,67,4,3,3,10,Loyal,Other,Retained
4699,2015-08-01,6,18,152,3,5,5,13,Champion,Beverages,Retained High-Value
4700,2015-06-27,6,16,187,3,5,5,13,Champion,Dairy,Retained High-Value
4701,2015-04-30,1,8,245,2,1,3,6,Churned,Dairy,Churned
4702,2015-11-08,2,7,53,4,2,2,8,Potential,Other,Retained
4703,2014-10-20,1,2,437,1,1,1,3,Churned,Beverages,Churned
4704,2015-08-21,4,11,132,3,4,4,11,Loyal,Other,Retained
4705,2015-05-22,5,10,223,2,5,3,10,Loyal,Other,Retained
4706,2015-11-23,3,6,38,5,3,2,10,Loyal,Other,Retained
4707,2015-02-11,2,4,323,2,2,1,5,Churned,Dairy,Churned
4708,2015-10-02,5,14,90,4,5,5,14,Champion,Bakery & Grains,Retained High-Value
4709,2014-08-08,3,6,510,1,3,2,6,Churned,Fresh Produce,Churned
4710,2015-05-09,4,9,236,2,4,3,9,Potential,Meat & Snacks,Retained
4711,2015-09-17,4,8,105,4,4,3,11,Loyal,Fresh Produce,Retained
4712,2014-12-14,5,10,382,1,5,3,9,Potential,Other,Retained
4713,2015-01-28,2,6,337,1,2,2,5,Churned,Beverages,Churned
4714,2015-08-30,2,4,123,3,2,1,6,At-Risk,Beverages,Churned
4715,2014-12-10,5,12,386,1,5,4,10,Loyal,Other,Retained
4716,2015-03-01,2,4,305,2,2,1,5,Churned,Other,Churned
4717,2015-05-16,5,15,229,2,5,5,12,Loyal,Beverages,Retained
4718,2015-09-04,3,13,118,3,3,4,10,Loyal,Fresh Produce,Retained
4719,2015-12-28,7,16,3,5,5,5,15,Champion,Other,Retained High-Value
4720,2015-02-22,6,13,312,2,5,4,11,Loyal,Other,Retained
4721,2015-07-06,8,19,178,3,5,5,13,Champion,Fresh Produce,Retained High-Value
4722,2015-12-16,5,10,15,5,5,3,13,Champion,Other,Retained High-Value
4723,2015-05-22,3,6,223,2,3,2,7,Potential,Fresh Produce,Retained
4724,2015-09-03,2,4,119,3,2,1,6,At-Risk,Dairy,Churned
4725,2015-12-02,4,10,29,5,4,3,12,Loyal,Fresh Produce,Retained
4726,2015-07-08,4,8,176,3,4,3,10,Loyal,Bakery & Grains,Retained
4727,2015-11-21,4,10,40,5,4,3,12,Loyal,Fresh Produce,Retained
4728,2015-09-06,4,10,116,3,4,3,10,Loyal,Other,Retained
4729,2015-04-08,3,6,267,2,3,2,7,Potential,Dairy,Retained
4730,2014-11-26,2,4,400,1,2,1,4,Churned,Fresh Produce,Churned
4731,2015-04-04,1,6,271,2,1,2,5,Churned,Bakery & Grains,Churned
4732,2014-12-03,1,2,393,1,1,1,3,Churned,Beverages,Churned
4733,2015-03-09,4,9,297,2,4,3,9,Potential,Other,Retained
4734,2015-11-22,3,11,39,5,3,4,12,Loyal,Meat & Snacks,Retained
4735,2015-04-01,5,12,274,2,5,4,11,Loyal,Other,Retained
4736,2015-07-21,4,11,163,3,4,4,11,Loyal,Other,Retained
4737,2015-09-19,1,2,103,4,1,1,6,At-Risk,Meat & Snacks,Churned
4738,2015-08-15,3,6,138,3,3,2,8,Potential,Meat & Snacks,Retained
4739,2014-12-04,2,4,392,1,2,1,4,Churned,Bakery & Grains,Churned
4740,2015-10-02,4,10,90,4,4,3,11,Loyal,Other,Retained
4741,2015-09-25,7,17,97,4,5,5,14,Champion,Other,Retained High-Value
4742,2015-11-15,4,15,46,5,4,5,14,Champion,Other,Retained High-Value
4743,2015-07-04,5,13,180,3,5,4,12,Loyal,Beverages,Retained
4744,2015-10-28,5,15,64,4,5,5,14,Champion,Fresh Produce,Retained High-Value
4745,2015-12-24,7,17,7,5,5,5,15,Champion,Other,Retained High-Value
4746,2015-12-09,6,14,22,5,5,5,15,Champion,Other,Retained High-Value
4747,2015-08-24,5,16,129,3,5,5,13,Champion,Other,Retained High-Value
4748,2015-12-15,5,12,16,5,5,4,14,Champion,Dairy,Retained High-Value
4749,2015-02-15,4,9,319,2,4,3,9,Potential,Other,Retained
4750,2015-09-21,4,11,101,4,4,4,12,Loyal,Meat & Snacks,Retained
4751,2015-11-19,3,6,42,5,3,2,10,Loyal,Dairy,Retained
4752,2015-05-18,3,8,227,2,3,3,8,Potential,Other,Retained
4753,2015-11-08,6,23,53,4,5,5,14,Champion,Fresh Produce,Retained High-Value
4755,2015-12-27,1,3,4,5,1,1,7,Potential,Other,Retained
4756,2015-09-18,6,14,104,4,5,5,14,Champion,Other,Retained High-Value
4757,2015-06-16,3,13,198,2,3,4,9,Potential,Other,Retained
4758,2014-12-06,4,9,390,1,4,3,8,Potential,Other,Retained
4759,2015-02-20,2,12,314,2,2,4,8,Potential,Other,Retained
4760,2015-04-02,4,18,273,2,4,5,11,Loyal,Beverages,Retained
4761,2015-09-08,4,12,114,3,4,4,11,Loyal,Other,Retained
4762,2015-10-30,6,13,62,4,5,4,13,Champion,Dairy,Retained High-Value
4763,2015-10-28,3,8,64,4,3,3,10,Loyal,Dairy,Retained
4764,2015-09-27,3,8,95,4,3,3,10,Loyal,Other,Retained
4765,2015-07-05,3,8,179,3,3,3,9,Potential,Other,Retained
4766,2015-09-29,4,17,93,4,4,5,13,Champion,Meat & Snacks,Retained High-Value
4768,2015-03-13,1,4,293,2,1,1,4,Churned,Other,Churned
4769,2015-09-20,5,12,102,4,5,4,13,Champion,Other,Retained High-Value
4770,2014-05-15,3,7,595,1,3,2,6,Churned,Meat & Snacks,Churned
4771,2014-12-26,3,7,370,1,3,2,6,Churned,Beverages,Churned
4772,2014-12-19,4,10,377,1,4,3,8,Potential,Other,Retained
4773,2015-11-09,7,18,52,4,5,5,14,Champion,Other,Retained High-Value
4774,2015-07-16,2,4,168,3,2,1,6,At-Risk,Meat & Snacks,Churned
4775,2014-03-29,1,3,642,1,1,1,3,Churned,Dairy,Churned
4776,2015-10-25,4,17,67,4,4,5,13,Champion,Other,Retained High-Value
4778,2015-08-24,5,15,129,3,5,5,13,Champion,Other,Retained High-Value
4779,2015-11-09,7,16,52,4,5,5,14,Champion,Fresh Produce,Retained High-Value
4780,2015-09-19,7,20,103,4,5,5,14,Champion,Other,Retained High-Value
4781,2015-11-22,3,6,39,5,3,2,10,Loyal,Other,Retained
4782,2015-08-16,5,10,137,3,5,3,11,Loyal,Other,Retained
4783,2015-10-22,7,21,70,4,5,5,14,Champion,Other,Retained High-Value
4784,2015-09-11,2,5,111,3,2,2,7,Potential,Other,Retained
4785,2015-09-13,5,12,109,3,5,4,12,Loyal,Other,Retained
4786,2014-11-30,3,7,396,1,3,2,6,Churned,Other,Churned
4787,2015-08-12,6,12,141,3,5,4,12,Loyal,Other,Retained
4788,2015-04-28,5,13,247,2,5,4,11,Loyal,Other,Retained
4789,2015-09-11,5,11,111,3,5,4,12,Loyal,Meat & Snacks,Retained
4790,2015-08-15,3,11,138,3,3,4,10,Loyal,Other,Retained
4791,2014-02-27,2,4,672,1,2,1,4,Churned,Fresh Produce,Churned
4792,2015-07-20,2,4,164,3,2,1,6,At-Risk,Beverages,Churned
4793,2015-11-24,5,10,37,5,5,3,13,Champion,Other,Retained High-Value
4794,2015-10-27,4,11,65,4,4,4,12,Loyal,Other,Retained
4795,2015-07-30,1,2,154,3,1,1,5,At-Risk,Other,Churned
4796,2015-08-25,5,14,128,3,5,5,13,Champion,Beverages,Retained High-Value
4797,2015-07-04,5,11,180,3,5,4,12,Loyal,Other,Retained
4798,2015-11-21,3,8,40,5,3,3,11,Loyal,Other,Retained
4799,2015-04-22,7,19,253,2,5,5,12,Loyal,Other,Retained
4800,2015-12-24,5,15,7,5,5,5,15,Champion,Other,Retained High-Value
4801,2015-08-04,2,5,149,3,2,2,7,Potential,Other,Retained
4802,2014-08-10,1,2,508,1,1,1,3,Churned,Fresh Produce,Churned
4803,2014-12-30,3,6,366,1,3,2,6,Churned,Fresh Produce,Churned
4804,2015-12-27,6,17,4,5,5,5,15,Champion,Fresh Produce,Retained High-Value
4805,2015-10-13,2,4,79,4,2,1,7,Potential,Bakery & Grains,Retained
4806,2015-11-24,4,11,37,5,4,4,13,Champion,Other,Retained High-Value
4807,2015-06-18,6,13,196,2,5,4,11,Loyal,Other,Retained
4808,2015-08-20,3,11,133,3,3,4,10,Loyal,Other,Retained
4809,2015-09-28,6,12,94,4,5,4,13,Champion,Other,Retained High-Value
4810,2015-08-15,2,4,138,3,2,1,6,At-Risk,Other,Churned
4811,2015-11-02,3,7,59,4,3,2,9,Potential,Other,Retained
4812,2015-05-27,4,15,218,2,4,5,11,Loyal,Fresh Produce,Retained
4813,2015-08-04,3,7,149,3,3,2,8,Potential,Bakery & Grains,Retained
4814,2015-09-13,6,15,109,3,5,5,13,Champion,Other,Retained High-Value
4815,2014-01-24,1,2,706,1,1,1,3,Churned,Other,Churned
4816,2015-07-31,1,2,153,3,1,1,5,At-Risk,Fresh Produce,Churned
4817,2015-12-20,5,12,11,5,5,4,14,Champion,Other,Retained High-Value
4818,2015-03-20,3,8,286,2,3,3,8,Potential,Fresh Produce,Retained
4819,2015-10-01,5,12,91,4,5,4,13,Champion,Other,Retained High-Value
4820,2015-12-07,7,18,24,5,5,5,15,Champion,Other,Retained High-Value
4821,2015-11-28,4,14,33,5,4,5,14,Champion,Other,Retained High-Value
4822,2015-07-04,6,12,180,3,5,4,12,Loyal,Dairy,Retained
4823,2014-09-16,4,8,471,1,4,3,8,Potential,Other,Retained
4824,2014-06-19,1,2,560,1,1,1,3,Churned,Other,Churned
4825,2015-11-15,6,14,46,5,5,5,15,Champion,Beverages,Retained High-Value
4826,2015-06-15,6,13,199,2,5,4,11,Loyal,Dairy,Retained
4827,2015-11-27,4,14,34,5,4,5,14,Champion,Other,Retained High-Value
4828,2015-10-11,7,24,81,4,5,5,14,Champion,Other,Retained High-Value
4829,2015-11-03,1,5,58,4,1,2,7,Potential,Fresh Produce,Retained
4830,2014-12-23,4,8,373,1,4,3,8,Potential,Beverages,Retained
4831,2015-11-13,7,28,48,4,5,5,14,Champion,Bakery & Grains,Retained High-Value
4832,2015-12-03,5,13,28,5,5,4,14,Champion,Beverages,Retained High-Value
4833,2015-03-10,3,7,296,2,3,2,7,Potential,Bakery & Grains,Retained
4834,2015-04-27,1,2,248,2,1,1,4,Churned,Meat & Snacks,Churned
4835,2015-12-09,6,14,22,5,5,5,15,Champion,Fresh Produce,Retained High-Value
4836,2015-11-13,5,19,48,4,5,5,14,Champion,Other,Retained High-Value
4837,2015-12-02,4,10,29,5,4,3,12,Loyal,Fresh Produce,Retained
4838,2015-01-31,3,8,334,1,3,3,7,Potential,Other,Retained
4839,2015-12-19,4,8,12,5,4,3,12,Loyal,Other,Retained
4840,2015-06-05,4,10,209,2,4,3,9,Potential,Beverages,Retained
4841,2015-12-17,4,11,14,5,4,4,13,Champion,Other,Retained High-Value
4842,2015-12-08,5,12,23,5,5,4,14,Champion,Other,Retained High-Value
4843,2015-05-13,3,11,232,2,3,4,9,Potential,Other,Retained
4844,2015-02-23,1,2,311,2,1,1,4,Churned,Dairy,Churned
4845,2015-10-12,3,8,80,4,3,3,10,Loyal,Dairy,Retained
4846,2014-12-04,2,5,392,1,2,2,5,Churned,Meat & Snacks,Churned
4847,2015-02-03,4,9,331,1,4,3,8,Potential,Fresh Produce,Retained
4848,2015-10-14,3,6,78,4,3,2,9,Potential,Other,Retained
4849,2015-05-17,3,7,228,2,3,2,7,Potential,Other,Retained
4850,2015-07-15,2,4,169,3,2,1,6,At-Risk,Bakery & Grains,Churned
4851,2015-12-20,5,14,11,5,5,5,15,Champion,Other,Retained High-Value
4852,2015-08-21,8,20,132,3,5,5,13,Champion,Other,Retained High-Value
4853,2015-10-04,5,12,88,4,5,4,13,Champion,Other,Retained High-Value
4854,2014-12-23,3,8,373,1,3,3,7,Potential,Other,Retained
4855,2015-05-01,4,10,244,2,4,3,9,Potential,Other,Retained
4856,2015-01-18,3,8,347,1,3,3,7,Potential,Other,Retained
4857,2015-07-28,2,4,156,3,2,1,6,At-Risk,Beverages,Churned
4858,2015-02-15,3,6,319,2,3,2,7,Potential,Other,Retained
4859,2015-09-09,4,8,113,3,4,3,10,Loyal,Fresh Produce,Retained
4860,2014-11-14,6,14,412,1,5,5,11,Loyal,Bakery & Grains,Retained
4861,2015-09-13,3,6,109,3,3,2,8,Potential,Other,Retained
4862,2015-05-15,5,12,230,2,5,4,11,Loyal,Other,Retained
4863,2015-12-30,2,4,1,5,2,1,8,Potential,Other,Retained
4864,2015-12-04,10,25,27,5,5,5,15,Champion,Meat & Snacks,Retained High-Value
4865,2014-11-17,2,5,409,1,2,2,5,Churned,Other,Churned
4866,2015-08-21,3,6,132,3,3,2,8,Potential,Beverages,Retained
4867,2015-10-29,5,11,63,4,5,4,13,Champion,Other,Retained High-Value
4868,2015-05-02,5,13,243,2,5,4,11,Loyal,Fresh Produce,Retained
4869,2015-04-03,3,10,272,2,3,3,8,Potential,Other,Retained
4870,2014-07-01,3,6,548,1,3,2,6,Churned,Other,Churned
4871,2015-11-15,3,7,46,5,3,2,10,Loyal,Beverages,Retained
4872,2014-10-24,4,12,433,1,4,4,9,Potential,Other,Retained
4873,2015-09-03,3,8,119,3,3,3,9,Potential,Other,Retained
4874,2015-12-23,2,5,8,5,2,2,9,Potential,Meat & Snacks,Retained
4875,2015-10-26,8,29,66,4,5,5,14,Champion,Other,Retained High-Value
4876,2015-02-21,3,8,313,2,3,3,8,Potential,Other,Retained
4877,2015-11-06,6,21,55,4,5,5,14,Champion,Other,Retained High-Value
4878,2015-09-21,3,7,101,4,3,2,9,Potential,Other,Retained
4879,2015-10-12,4,9,80,4,4,3,11,Loyal,Other,Retained
4880,2014-09-11,2,6,476,1,2,2,5,Churned,Other,Churned
4881,2015-07-28,3,8,156,3,3,3,9,Potential,Fresh Produce,Retained
4882,2015-10-31,2,4,61,4,2,1,7,Potential,Fresh Produce,Retained
4883,2015-08-28,5,10,125,3,5,3,11,Loyal,Other,Retained
4884,2014-01-30,1,2,700,1,1,1,3,Churned,Beverages,Churned
4885,2015-10-16,1,2,76,4,1,1,6,At-Risk,Other,Churned
4886,2015-01-26,4,10,339,1,4,3,8,Potential,Other,Retained
4887,2014-11-12,3,6,414,1,3,2,6,Churned,Other,Churned
4888,2015-02-13,2,6,321,2,2,2,6,Churned,Other,Churned
4889,2015-02-03,1,3,331,1,1,1,3,Churned,Bakery & Grains,Churned
4890,2015-09-14,5,12,108,3,5,4,12,Loyal,Other,Retained
4891,2015-10-06,5,13,86,4,5,4,13,Champion,Other,Retained High-Value
4892,2015-04-13,3,12,262,2,3,4,9,Potential,Fresh Produce,Retained
4893,2015-03-01,4,8,305,2,4,3,9,Potential,Beverages,Retained
4894,2015-12-23,3,8,8,5,3,3,11,Loyal,Dairy,Retained
4895,2015-09-07,4,11,115,3,4,4,11,Loyal,Fresh Produce,Retained
4896,2015-10-24,3,8,68,4,3,3,10,Loyal,Fresh Produce,Retained
4897,2014-11-25,4,8,401,1,4,3,8,Potential,Other,Retained
4898,2015-07-26,3,6,158,3,3,2,8,Potential,Other,Retained
4899,2015-03-13,4,10,293,2,4,3,9,Potential,Other,Retained
4900,2014-10-01,2,4,456,1,2,1,4,Churned,Other,Churned
4901,2015-02-14,3,8,320,2,3,3,8,Potential,Bakery & Grains,Retained
4902,2015-04-16,3,6,259,2,3,2,7,Potential,Dairy,Retained
4903,2015-12-08,2,8,23,5,2,3,10,Loyal,Fresh Produce,Retained
4904,2014-12-06,1,2,390,1,1,1,3,Churned,Other,Churned
4905,2015-11-25,1,2,36,5,1,1,7,Potential,Fresh Produce,Retained
4906,2015-09-30,4,11,92,4,4,4,12,Loyal,Meat & Snacks,Retained
4907,2015-04-21,2,5,254,2,2,2,6,Churned,Beverages,Churned
4908,2015-05-20,3,7,225,2,3,2,7,Potential,Bakery & Grains,Retained
4909,2015-10-26,2,6,66,4,2,2,8,Potential,Other,Retained
4910,2015-11-25,3,6,36,5,3,2,10,Loyal,Other,Retained
4911,2015-01-07,3,10,358,1,3,3,7,Potential,Dairy,Retained
4913,2015-08-01,3,7,152,3,3,2,8,Potential,Other,Retained
4914,2015-11-29,4,10,32,5,4,3,12,Loyal,Other,Retained
4915,2015-09-18,7,16,104,4,5,5,14,Champion,Beverages,Retained High-Value
4916,2015-03-01,5,13,305,2,5,4,11,Loyal,Other,Retained
4917,2014-12-02,3,6,394,1,3,2,6,Churned,Fresh Produce,Churned
4918,2015-01-27,1,5,338,1,1,2,4,Churned,Dairy,Churned
4919,2015-03-30,2,8,276,2,2,3,7,Potential,Meat & Snacks,Retained
4920,2015-02-21,2,4,313,2,2,1,5,Churned,Other,Churned
4922,2015-12-17,5,10,14,5,5,3,13,Champion,Fresh Produce,Retained High-Value
4923,2015-09-23,5,13,99,4,5,4,13,Champion,Other,Retained High-Value
4924,2015-09-14,6,14,108,3,5,5,13,Champion,Bakery & Grains,Retained High-Value
4925,2014-12-18,4,11,378,1,4,4,9,Potential,Other,Retained
4926,2014-11-20,1,2,406,1,1,1,3,Churned,Meat & Snacks,Churned
4927,2015-10-19,2,5,73,4,2,2,8,Potential,Beverages,Retained
4928,2015-08-18,1,3,135,3,1,1,5,At-Risk,Other,Churned
4929,2015-07-27,4,14,157,3,4,5,12,Loyal,Meat & Snacks,Retained
4930,2014-08-13,1,3,505,1,1,1,3,Churned,Fresh Produce,Churned
4931,2015-05-04,5,14,241,2,5,5,12,Loyal,Meat & Snacks,Retained
4932,2015-11-20,6,14,41,5,5,5,15,Champion,Fresh Produce,Retained High-Value
4933,2015-02-27,9,21,307,2,5,5,12,Loyal,Other,Retained
4934,2015-10-31,4,8,61,4,4,3,11,Loyal,Beverages,Retained
4935,2015-04-02,3,8,273,2,3,3,8,Potential,Other,Retained
4936,2015-03-15,2,4,291,2,2,1,5,Churned,Meat & Snacks,Churned
4937,2015-06-28,7,16,186,3,5,5,13,Champion,Bakery & Grains,Retained High-Value
4938,2015-12-10,6,16,21,5,5,5,15,Champion,Other,Retained High-Value
4939,2015-10-14,5,17,78,4,5,5,14,Champion,Meat & Snacks,Retained High-Value
4940,2015-08-21,3,8,132,3,3,3,9,Potential,Other,Retained
4941,2015-02-14,9,26,320,2,5,5,12,Loyal,Other,Retained
4942,2015-11-23,4,10,38,5,4,3,12,Loyal,Dairy,Retained
4943,2015-07-28,3,6,156,3,3,2,8,Potential,Fresh Produce,Retained
4944,2015-10-03,4,9,89,4,4,3,11,Loyal,Other,Retained
4945,2015-08-02,1,2,151,3,1,1,5,At-Risk,Fresh Produce,Churned
4946,2015-11-04,5,18,57,4,5,5,14,Champion,Dairy,Retained High-Value
4947,2015-11-18,5,14,43,5,5,5,15,Champion,Other,Retained High-Value
4948,2014-05-23,2,4,587,1,2,1,4,Churned,Fresh Produce,Churned
4949,2015-08-18,1,2,135,3,1,1,5,At-Risk,Other,Churned
4950,2015-04-22,3,9,253,2,3,3,8,Potential,Other,Retained
4951,2015-11-24,6,13,37,5,5,4,14,Champion,Other,Retained High-Value
4952,2015-10-22,7,15,70,4,5,5,14,Champion,Other,Retained High-Value
4953,2015-10-10,4,16,82,4,4,5,13,Champion,Bakery & Grains,Retained High-Value
4954,2015-09-24,4,8,98,4,4,3,11,Loyal,Fresh Produce,Retained
4955,2014-12-10,3,6,386,1,3,2,6,Churned,Other,Churned
4956,2014-11-20,3,8,406,1,3,3,7,Potential,Dairy,Retained
4957,2014-08-02,3,6,516,1,3,2,6,Churned,Beverages,Churned
4958,2015-07-11,5,13,173,3,5,4,12,Loyal,Other,Retained
4959,2015-06-30,5,12,184,3,5,4,12,Loyal,Other,Retained
4960,2015-08-19,4,9,134,3,4,3,10,Loyal,Other,Retained
4961,2014-11-02,1,2,424,1,1,1,3,Churned,Dairy,Churned
4962,2015-03-29,5,11,277,2,5,4,11,Loyal,Dairy,Retained
4963,2014-12-29,4,8,367,1,4,3,8,Potential,Other,Retained
4964,2015-11-30,2,4,31,5,2,1,8,Potential,Dairy,Retained
4965,2015-10-11,2,4,81,4,2,1,7,Potential,Other,Retained
4966,2015-01-25,2,6,340,1,2,2,5,Churned,Other,Churned
4967,2015-09-23,5,12,99,4,5,4,13,Champion,Beverages,Retained High-Value
4968,2015-11-13,3,7,48,4,3,2,9,Potential,Meat & Snacks,Retained
4969,2015-05-26,5,13,219,2,5,4,11,Loyal,Other,Retained
4970,2015-08-08,3,7,145,3,3,2,8,Potential,Other,Retained
4971,2015-05-17,3,6,228,2,3,2,7,Potential,Meat & Snacks,Retained
4972,2015-02-06,6,13,328,1,5,4,10,Loyal,Other,Retained
4973,2014-05-28,1,3,582,1,1,1,3,Churned,Dairy,Churned
4974,2014-11-05,2,4,421,1,2,1,4,Churned,Bakery & Grains,Churned
4975,2015-11-02,5,13,59,4,5,4,13,Champion,Other,Retained High-Value
4976,2015-07-17,2,7,167,3,2,2,7,Potential,Beverages,Retained
4977,2015-08-20,2,9,133,3,2,3,8,Potential,Beverages,Retained
4978,2014-01-18,1,2,712,1,1,1,3,Churned,Other,Churned
4979,2015-04-24,3,7,251,2,3,2,7,Potential,Other,Retained
4980,2014-08-25,1,2,493,1,1,1,3,Churned,Dairy,Churned
4981,2015-01-10,2,10,355,1,2,3,6,Churned,Other,Churned
4982,2015-08-01,1,3,152,3,1,1,5,At-Risk,Beverages,Churned
4983,2014-12-13,3,6,383,1,3,2,6,Churned,Fresh Produce,Churned
4984,2015-04-26,3,7,249,2,3,2,7,Potential,Dairy,Retained
4985,2015-12-26,4,8,5,5,4,3,12,Loyal,Other,Retained
4986,2015-02-01,4,12,333,1,4,4,9,Potential,Other,Retained
4987,2015-01-07,3,7,358,1,3,2,6,Churned,Other,Churned
4988,2015-12-20,5,18,11,5,5,5,15,Champion,Other,Retained High-Value
4989,2015-06-19,3,10,195,2,3,3,8,Potential,Bakery & Grains,Retained
4990,2015-12-14,3,8,17,5,3,3,11,Loyal,Other,Retained
4991,2014-12-22,5,10,374,1,5,3,9,Potential,Other,Retained
4992,2015-06-20,4,11,194,2,4,4,10,Loyal,Other,Retained
4993,2015-02-09,5,10,325,1,5,3,9,Potential,Other,Retained
4994,2015-02-08,1,2,326,1,1,1,3,Churned,Fresh Produce,Churned
4995,2014-06-02,2,4,577,1,2,1,4,Churned,Bakery & Grains,Churned
4996,2015-11-24,3,10,37,5,3,3,11,Loyal,Fresh Produce,Retained
4997,2015-12-27,2,6,4,5,2,2,9,Potential,Dairy,Retained
4998,2015-10-14,1,2,78,4,1,1,6,At-Risk,Other,Churned
4999,2015-12-26,6,16,5,5,5,5,15,Champion,Other,Retained High-Value
5000,2015-02-10,3,7,324,2,3,2,7,Potential,Fresh Produce,Retained
