category,product,market_price,discount_pct,availablequantity,sale_price,weightingms,outofstock,quantity,platform
Fruits & Vegetables,Onion,25.0,16.0,3,21.0,1000,False,1,Zepto
Fruits & Vegetables,Tomato Hybrid,42.0,16.7,3,35.0,1000,False,1,Zepto
Fruits & Vegetables,Tender Coconut,51.0,15.7,3,43.0,58,False,1,Zepto
Fruits & Vegetables,Coriander Leaves,20.0,15.0,3,17.0,100,False,100,Zepto
Fruits & Vegetables,Ladies Finger ,14.0,14.3,3,12.0,250,False,250,Zepto
Fruits & Vegetables,Potato,35.0,17.1,3,29.0,1000,False,1,Zepto
Fruits & Vegetables,Lemon,75.0,16.0,3,63.0,200,False,200,Zepto
Fruits & Vegetables,Watermelon ,58.0,15.5,3,49.0,58,False,1,Zepto
Fruits & Vegetables,Capsicum Green ,23.0,17.4,3,19.0,250,False,250,Zepto
Fruits & Vegetables,Chilli Green ,19.0,15.8,3,16.0,100,False,100,Zepto
Fruits & Vegetables,Banana Robusta,29.0,17.2,3,24.0,348,False,6,Zepto
Fruits & Vegetables,Garlic Indian ,11.0,18.2,3,9.0,100,False,100,Zepto
Fruits & Vegetables,Cauliflower,26.0,15.4,3,22.0,58,False,1,Zepto
Fruits & Vegetables,Ginger,14.0,14.3,3,12.0,200,False,200,Zepto
Fruits & Vegetables,Spinach,19.0,15.8,3,16.0,250,False,250,Zepto
Fruits & Vegetables,Muskmelon,42.0,16.7,3,35.0,58,False,1,Zepto
Fruits & Vegetables,Cabbage ,15.0,13.3,3,13.0,58,False,1,Zepto
Fruits & Vegetables,Methi,30.0,16.7,3,25.0,250,False,250,Zepto
Fruits & Vegetables,Broccoli,36.0,16.7,3,30.0,500,False,500,Zepto
Fruits & Vegetables,Sapota,30.0,16.7,3,25.0,348,False,6,Zepto
Fruits & Vegetables,Onion,68.0,16.2,3,57.0,3000,False,3,Zepto
Fruits & Vegetables,Potato,100.0,16.0,3,84.0,3000,False,3,Zepto
Fruits & Vegetables,Orange Nagpur,82.0,15.9,3,69.0,232,False,4,Zepto
Fruits & Vegetables,Mint Leaves ,11.0,18.2,3,9.0,100,False,100,Zepto
Fruits & Vegetables,Beans French,33.0,15.2,3,28.0,250,False,250,Zepto
Fruits & Vegetables,Bottle Gourd ,26.0,15.4,3,22.0,58,False,1,Zepto
Fruits & Vegetables,Banana Elaichi ,58.0,15.5,3,49.0,348,False,6,Zepto
Fruits & Vegetables,Coconut Big,36.0,16.7,3,30.0,58,False,1,Zepto
Fruits & Vegetables,Curry Leaves,13.0,15.4,3,11.0,50,False,50,Zepto
Fruits & Vegetables,Brinjal Bharta,19.0,15.8,3,16.0,58,False,1,Zepto
Fruits & Vegetables,Lettuce Iceberg,25.0,16.0,3,21.0,250,False,250,Zepto
Fruits & Vegetables,Papaya,54.0,16.7,3,45.0,58,False,1,Zepto
Fruits & Vegetables,Apple Shimla,142.0,16.2,3,119.0,232,False,4,Zepto
Fruits & Vegetables,Bitter Gourd,18.0,16.7,3,15.0,250,False,250,Zepto
Fruits & Vegetables,Brinjal Small,18.0,16.7,3,15.0,250,False,250,Zepto
Fruits & Vegetables,Sweet Corn,36.0,16.7,3,30.0,116,False,2,Zepto
Fruits & Vegetables,Spring Onion ,18.0,16.7,3,15.0,250,False,250,Zepto
Fruits & Vegetables,Bell Peppers Red & Yellow ,118.0,16.1,3,99.0,116,False,2,Zepto
Fruits & Vegetables,Pomegranate ,106.0,16.0,3,89.0,116,False,2,Zepto
Fruits & Vegetables,Sweet Lime,30.0,16.7,3,25.0,116,False,2,Zepto
Fruits & Vegetables,Baby Potato,19.0,15.8,3,16.0,500,False,500,Zepto
Fruits & Vegetables,Coccinia,32.0,15.6,3,27.0,250,False,250,Zepto
Fruits & Vegetables,Guava,54.0,16.7,3,45.0,232,False,4,Zepto
Fruits & Vegetables,Apple Washington,177.0,15.8,3,149.0,232,False,4,Zepto
Fruits & Vegetables,Amla,32.0,15.6,3,27.0,250,False,250,Zepto
Fruits & Vegetables,Beans Cluster,30.0,16.7,3,25.0,250,False,250,Zepto
Fruits & Vegetables,Apple Royal Gala,189.0,15.9,3,159.0,232,False,4,Zepto
Fruits & Vegetables,Chilli Bhaji,30.0,16.7,3,25.0,250,False,250,Zepto
Fruits & Vegetables,Lettuce Green,23.0,17.4,3,19.0,100,False,100,Zepto
Fruits & Vegetables,Baby Corn Peeled,35.0,17.1,3,29.0,250,False,250,Zepto
Fruits & Vegetables,Mixed Sprouts,35.0,17.1,3,29.0,200,False,200,Zepto
Fruits & Vegetables,Zucchini Green,35.0,17.1,3,29.0,250,False,250,Zepto
Fruits & Vegetables,Beans Broad,42.0,16.7,3,35.0,250,False,250,Zepto
Fruits & Vegetables,Raw Banana,20.0,15.0,6,17.0,500,False,500,Zepto
Fruits & Vegetables,Colocasia ,29.0,17.2,6,24.0,500,False,500,Zepto
Fruits & Vegetables,Tomato Cherry ,35.0,17.1,3,29.0,200,False,200,Zepto
Fruits & Vegetables,Sweet Potato ,38.0,15.8,3,32.0,500,False,500,Zepto
Fruits & Vegetables,Pineapple Slice,89.0,15.7,3,75.0,200,False,200,Zepto
Fruits & Vegetables,Orange,54.0,16.7,3,45.0,116,False,2,Zepto
Fruits & Vegetables,Dragon Fruit Imported,70.0,15.7,3,59.0,58,False,1,Zepto
Fruits & Vegetables,Zucchini Yellow,42.0,16.7,3,35.0,250,False,500,Zepto
Fruits & Vegetables,Apple Kinnaur,142.0,16.2,6,119.0,232,False,4,Zepto
Fruits & Vegetables,Pineapple,94.0,16.0,3,79.0,58,False,1,Zepto
Fruits & Vegetables,Basil,20.0,15.0,3,17.0,100,False,100,Zepto
Fruits & Vegetables,Parsley,17.0,17.6,3,14.0,100,False,100,Zepto
Fruits & Vegetables,Ridge Gourd,30.0,16.7,3,25.0,500,False,500,Zepto
Fruits & Vegetables,Papaya Cut,46.0,15.2,3,39.0,200,False,200,Zepto
Fruits & Vegetables,Pomegranate Peeled,58.0,15.5,2,49.0,100,False,100,Zepto
Fruits & Vegetables,Pear Green Imported,82.0,15.9,3,69.0,116,False,2,Zepto
Fruits & Vegetables,Guava Thai,70.0,15.7,3,59.0,116,False,2,Zepto
Fruits & Vegetables,Lettuce Red,20.0,15.0,3,17.0,100,False,100,Zepto
Fruits & Vegetables,Mango Raw,60.0,16.7,3,50.0,500,False,500,Zepto
Fruits & Vegetables,Biryani /Pulav Mix,58.0,15.5,3,49.0,250,False,250,Zepto
Fruits & Vegetables,Banana Nendran,54.0,16.7,6,45.0,500,False,500,Zepto
Fruits & Vegetables,Pumpkin Cut,30.0,16.7,3,25.0,200,False,200,Zepto
Fruits & Vegetables,Banana Red,54.0,16.7,6,45.0,500,False,500,Zepto
Fruits & Vegetables,Radish White,23.0,17.4,6,19.0,500,False,500,Zepto
Fruits & Vegetables,Avocado Indian Premium,177.0,15.8,3,149.0,58,False,1,Zepto
Fruits & Vegetables,Banana Leaf,12.0,16.7,2,10.0,58,False,1,Zepto
Fruits & Vegetables,Sponge Gourd,25.0,16.0,2,21.0,300,False,300,Zepto
Fruits & Vegetables,Zama Organics Carrot,20.0,15.0,3,17.0,250,False,250,Zepto
Fruits & Vegetables,Safal Frozen - Mixed Vegetables,110.0,4.5,2,105.0,1000,False,1,Zepto
Fruits & Vegetables,Zama Organics Sweet Potato,37.0,16.2,3,31.0,250,False,250,Zepto
Fruits & Vegetables,Beetroot,16.0,18.8,3,13.0,500,False,500,Zepto
Fruits & Vegetables,Capsicum,26.0,19.2,3,21.0,500,False,500,Zepto
Fruits & Vegetables,Carrot,19.0,21.1,3,15.0,500,False,500,Zepto
Fruits & Vegetables,Garlic,17.0,23.5,3,13.0,200,False,200,Zepto
Cooking Essentials,Maggi 2 Minute Masala Noodles,12.0,0.0,6,12.0,70,False,70,Zepto
Cooking Essentials,iD Idli & Dosa Batter ,80.0,15.0,6,68.0,1000,False,1,Zepto
Cooking Essentials,Tata Salt,24.0,0.0,6,24.0,1000,False,1,Zepto
Cooking Essentials,Arden Eggs White,97.0,0.0,4,97.0,696,False,12,Zepto
Cooking Essentials,Arden Eggs White,65.0,15.4,4,55.0,348,False,6,Zepto
Cooking Essentials,Fortune Sunlite Refined Sunflower (Pouch),230.0,4.8,6,219.0,1000,False,1,Zepto
Cooking Essentials,Aashirvaad Superior MP Atta,250.0,2.0,6,245.0,5000,False,5,Zepto
Cooking Essentials,Amul Pure Ghee (Pouch),255.0,2.4,6,249.0,500,False,500,Zepto
Cooking Essentials,Arden Eggs Brown,85.0,7.1,4,79.0,348,False,6,Zepto
Cooking Essentials,Tata Salt Lite,40.0,10.0,6,36.0,1000,False,1,Zepto
Cooking Essentials,Saffola Gold Oil (Pouch),215.0,0.0,6,215.0,1000,False,1,Zepto
Cooking Essentials,Fortune Sunlite Refined Sunflower (Jar),925.0,0.0,6,925.0,5000,False,5,Zepto
Cooking Essentials,Fortune Rice Bran (Pouch),225.0,11.6,6,199.0,1000,False,1,Zepto
Cooking Essentials,Saffola Active Oil,210.0,0.0,6,210.0,1000,False,1,Zepto
Cooking Essentials,Amul Pure Ghee (Pouch),505.0,1.2,2,499.0,1000,False,1,Zepto
Cooking Essentials,Aashirvaad Atta,460.0,13.3,6,399.0,10000,False,10,Zepto
Cooking Essentials,Popular Essentials Toor Dal (Un-Polished),160.0,6.9,4,149.0,1000,False,1,Zepto
Cooking Essentials,Amul Ghee (Tin),520.0,2.1,6,509.0,1000,False,1,Zepto
Cooking Essentials,Amul Fresh Cream,197.0,3.0,3,191.0,1000,False,1,Zepto
Cooking Essentials,Popular Essentials Pure Jaggery,50.0,2.0,6,49.0,450,False,450,Zepto
Cooking Essentials,Aashirvaad Multigrain Atta,64.0,3.1,2,62.0,1000,False,1,Zepto
Cooking Essentials,Fortune Soyabean Oil,1005.0,0.6,6,999.0,5000,False,5,Zepto
Cooking Essentials,Popular Essentials Sunflower Seeds,25.0,0.0,6,25.0,50,False,50,Zepto
Cooking Essentials,Tata Sampann kabuli chana,185.0,1.1,4,183.0,1000,False,500,Zepto
Cooking Essentials,Dhara Groundnut Oil (Pouch),230.0,11.7,6,203.0,1000,False,1,Zepto
Cooking Essentials,Dhara Health Refined Sun Flower Oil Jar,1200.0,18.0,6,984.0,5000,False,5,Zepto
Cooking Essentials,24 Mantra Organic Jaggery Powder,80.0,15.0,6,68.0,500,False,500,Zepto
Cooking Essentials,Tata Sampann High Protien Kabuli Chana,94.0,0.0,1,94.0,500,False,500,Zepto
Cooking Essentials,Dhara Kachi Ghani Mustard Oil Jar,1250.0,8.6,6,1143.0,5000,False,5,Zepto
Cooking Essentials,D'lecta Dairy Cream,54.0,5.6,6,51.0,200,False,200,Zepto
Cooking Essentials,Ching's Secret Instant Hot Garlic Noodles,15.0,0.0,3,15.0,60,False,60,Zepto
Cooking Essentials,Dabur Ginger Garlic Paste,25.0,8.0,3,23.0,100,False,100,Zepto
Cooking Essentials,Ching's Secret Instant Schezwan Noodles,15.0,0.0,6,15.0,60,False,60,Zepto
Cooking Essentials,Gowardhan Ghee/Tuppa Jar,315.0,1.9,6,309.0,500,False,500,Zepto
Cooking Essentials,Tata Sampann Unpolished Moong Dal ,92.0,4.3,4,88.0,500,False,500,Zepto
Cooking Essentials,Aashirvaad Select Atta,64.0,0.0,6,64.0,1000,False,1,Zepto
Cooking Essentials,Popular Essentials Misri Dana (Diamond Sugar) ,15.0,0.0,4,15.0,100,False,100,Zepto
Cooking Essentials,Gowardhan Ghee Jar,598.0,3.2,6,579.0,1000,False,1,Zepto
Cooking Essentials,Top Ramen  Noodles Curry Veg Pouch,20.0,0.0,1,20.0,70,False,70,Zepto
Cooking Essentials,Popular Essentials Refined Sugar,60.0,0.0,6,60.0,1000,False,1,Zepto
Cooking Essentials,Fortune Kachi Ghani Mustard Oil Bottle,216.0,7.9,6,199.0,1000,False,1,Zepto
Cooking Essentials,Saffola Veggie Twist Masala Oats,15.0,0.0,6,15.0,38,False,38,Zepto
Cooking Essentials,Satyam Puffed Rice Kurmura (R),23.0,0.0,6,23.0,200,False,200,Zepto
Cooking Essentials,Quaker Oats,79.0,0.0,2,79.0,400,False,400,Zepto
Cooking Essentials,Aashirvaad Select Sharbati Atta,315.0,10.2,6,283.0,5000,False,5,Zepto
Cooking Essentials,Popular Essentials Refined Sugar,295.0,10.2,6,265.0,5000,False,5,Zepto
Cooking Essentials,Gowardhan Cow Ghee Pouch,579.0,10.0,6,521.0,1000,False,1,Zepto
Cooking Essentials,Dhara Nourish Refined Sunflower Oil Pouch,210.0,5.2,6,199.0,1000,False,1,Zepto
Cooking Essentials,Parachute Oil ,40.0,7.5,3,37.0,100,False,100,Zepto
Cooking Essentials,Popular Essentials Plain Puffed Rice (Murmura/Muri),18.0,0.0,6,18.0,100,False,100,Zepto
Cooking Essentials,Amul Mithai Mate Condensed Sweetened Milk,56.0,3.6,4,54.0,200,False,200,Zepto
Cooking Essentials,Saffola Gold (Jar),1240.0,0.0,6,1240.0,5000,False,5,Zepto
Cooking Essentials,McCain New Mini Samosa with Cheese Pizza Style Filling,120.0,1.7,3,118.0,240,False,240,Zepto
Cooking Essentials,Fortune Rice Bran Health Oil (Jar),1050.0,1.0,6,1039.0,5000,False,5,Zepto
Cooking Essentials,Arden Desi Eggs,110.0,13.6,4,95.0,348,False,6,Zepto
Cooking Essentials,Fortune Rozana Basmati Rice,585.0,21.0,6,462.0,5000,False,5,Zepto
Cooking Essentials,Fortune Biriyani Special Basmati Rice,175.0,0.0,5,175.0,1000,False,1,Zepto
Cooking Essentials,Everest Garam Masala,78.0,7.7,5,72.0,100,False,100,Zepto
Cooking Essentials,Popular Essentials Pumpkin Seeds,90.0,16.7,6,75.0,100,False,100,Zepto
Cooking Essentials,Fortune Soya Health Refined Soybean Oil,210.0,1.9,2,206.0,1000,False,1,Zepto
Cooking Essentials,Gowardhan Pure Ghee Pouch,295.0,4.7,6,281.0,500,False,500,Zepto
Cooking Essentials,Popular Essentials Jeera/Cumin Seeds,40.0,5.0,3,38.0,100,False,100,Zepto
Cooking Essentials,Weikfield Baking Soda,30.0,3.3,6,29.0,100,False,100,Zepto
Cooking Essentials,Everest Pav Bhaji Masala,37.0,10.8,4,33.0,50,False,50,Zepto
Cooking Essentials,Tata Sampann Unpolished Chana Dal,95.0,6.3,2,89.0,1000,False,500,Zepto
Cooking Essentials,Amul Mithai Mate EOE Tin,112.0,2.7,6,109.0,400,False,400,Zepto
Cooking Essentials,Pillsbury Chakki Fresh Atta,450.0,16.7,6,375.0,10000,False,10,Zepto
Cooking Essentials,Everest Chicken Masala,39.0,2.6,1,38.0,50,False,50,Zepto
Cooking Essentials,Dhara Life Refined Ricebran Oil (Pouch),205.0,7.3,6,190.0,1000,False,1,Zepto
Cooking Essentials,Borges Extra Virgin Olive Oil,400.0,25.2,1,299.0,250,False,250,Zepto
Cooking Essentials,Everest Shahi Biryani Masala,70.0,14.3,6,60.0,50,False,50,Zepto
Cooking Essentials,Popular Essentials Californian Almond,350.0,28.3,6,251.0,250,False,250,Zepto
Cooking Essentials,Popular Essentials Ajwain Whole,25.0,0.0,4,25.0,50,False,50,Zepto
Cooking Essentials,Everest Tikhalal Chilli Powder,235.0,9.8,6,212.0,500,False,500,Zepto
Cooking Essentials,Popular Essentials Kabuli Chana Regular,85.0,9.4,6,77.0,500,False,500,Zepto
Cooking Essentials,Pillsbury Chakki Fresh Atta,52.0,0.0,4,52.0,1000,False,1,Zepto
Cooking Essentials,Popular Essentials Saunf/Fennel Seeds,45.0,2.2,6,44.0,100,False,100,Zepto
Cooking Essentials,Popular Essentials Bansi Sooji,35.0,2.9,3,34.0,500,False,500,Zepto
Cooking Essentials,Happilo Premium International Queen Kalmi Dates,245.0,29.8,6,172.0,200,False,200,Zepto
Cooking Essentials,Tata Sampann Unpolished Urad Whole,101.0,6.9,4,94.0,500,False,500,Zepto
Cooking Essentials,Popular Essentials Cashew Split,325.0,12.9,6,283.0,250,False,250,Zepto
Cooking Essentials,Popular Essentials Chana Dal (Un-Polished),60.0,10.0,6,54.0,500,False,500,Zepto
Cooking Essentials,Tata Sampann Unpolished Rajma (Chitra),134.0,6.7,6,125.0,500,False,500,Zepto
Cooking Essentials,Everest Garam Masala,42.0,2.4,2,41.0,50,False,50,Zepto
Cooking Essentials,Everest Kitchen King Masala,70.0,14.3,2,60.0,100,False,100,Zepto
Cooking Essentials,24 Mantra Organic Cumin,70.0,7.1,2,65.0,100,False,100,Zepto
Cooking Essentials,Nestle Milkmaid,132.0,3.0,6,128.0,400,False,400,Zepto
Cooking Essentials,Popular Essentials Sona Masouri Steam Rice,65.0,9.2,6,59.0,1000,False,1,Zepto
Cooking Essentials,24 Mantra Organic Tur Dal,260.0,20.0,6,208.0,1000,False,1,Zepto
Cooking Essentials,Gits Gulab Jamun Instant Dessert Mix,99.0,10.1,6,89.0,200,False,200,Zepto
Cooking Essentials,Popular Essentials Black Masoor Whole (Un-Polished),65.0,10.8,3,58.0,500,False,500,Zepto
Cooking Essentials,24 Mantra Organic Peanuts,135.0,7.4,1,125.0,500,False,500,Zepto
Cooking Essentials,Everest Hingraj Powder,90.0,10.0,2,81.0,50,False,50,Zepto
Cooking Essentials,Everest Black Pepper Powder,135.0,14.8,6,115.0,100,False,100,Zepto
Cooking Essentials,Tata Sampann Masoor Dal Stand,150.0,10.7,4,134.0,1000,False,1,Zepto
Cooking Essentials,24 Mantra Organic Besan,95.0,7.4,5,88.0,500,False,500,Zepto
Cooking Essentials,Quaker Oats,199.0,7.5,6,184.0,1000,False,1,Zepto
Cooking Essentials,Saffola Gold Refined Cooking Oil (Jar),485.0,7.4,6,449.0,2000,False,2,Zepto
Cooking Essentials,Nestle Everyday Dairy Whitener,210.0,0.0,4,210.0,400,False,400,Zepto
Cooking Essentials,24 Mantra Organic Red Poha,75.0,8.0,1,69.0,500,False,500,Zepto
Cooking Essentials,Everest Powder - Tea Masala,98.0,9.2,5,89.0,100,False,100,Zepto
Cooking Essentials,Tata Sampann Urad Dal Split,94.0,4.3,6,90.0,500,False,500,Zepto
Cooking Essentials,Popular Essentials Idli Sooji ,30.0,6.7,6,28.0,500,False,500,Zepto
Cooking Essentials,Popular Essentials Dessicated Coconut,95.0,9.5,6,86.0,200,False,200,Zepto
Cooking Essentials,Sunfeast Yippee! Mood Masala Noodles,60.0,28.3,3,43.0,260,False,260,Zepto
Cooking Essentials,Chef's Basket Durum Wheat Elbow Pasta,160.0,50.0,6,80.0,500,False,500,Zepto
Cooking Essentials,MTR Breakfast Khatta Meetha Poha Mix,25.0,20.0,6,20.0,60,False,60,Zepto
Cooking Essentials,Satyam Khobra,113.0,10.6,5,101.0,200,False,200,Zepto
Cooking Essentials,Betty Crocker Complete Pancake Mix Original,110.0,4.5,6,105.0,250,False,500,Zepto
Cooking Essentials,Borges Durum Wheat Fusilli Pasta ,250.0,0.0,3,250.0,500,False,500,Zepto
Cooking Essentials,24 Mantra Organic Green Moong Dal - Split,135.0,0.0,2,135.0,500,False,500,Zepto
Cooking Essentials,Weikfield Vanilla Flavoured Custard Powder,37.0,0.0,6,37.0,100,False,100,Zepto
Cooking Essentials,Tata Sampann Moong Dal Split,180.0,1.1,5,178.0,1000,False,200,Zepto
Cooking Essentials,Tata Sampann Kala Chana,64.0,0.0,5,64.0,500,False,500,Zepto
Cooking Essentials,Saffola Soya Chunks Mealmaker,50.0,0.0,2,50.0,200,False,200,Zepto
Cooking Essentials,24 Mantra Bura Sugar (Demerara),80.0,10.0,6,72.0,500,False,500,Zepto
Cooking Essentials,Popular Essentials Green Cardamom (Elaichi),200.0,1.0,6,198.0,50,False,50,Zepto
Cooking Essentials,Hershey's Syrup Delicious Strawberry,95.0,0.0,1,95.0,200,False,200,Zepto
Cooking Essentials,Popular Essentials Anjeer,190.0,11.1,4,169.0,100,False,100,Zepto
Cooking Essentials,Popular Essentials Mustard Seeds Rai Small,20.0,0.0,2,20.0,100,False,100,Zepto
Cooking Essentials,Weikfield Baking Powder,33.0,3.0,6,32.0,100,False,100,Zepto
Cooking Essentials,Dabur Honey Squeezy,185.0,9.7,6,167.0,225,False,225,Zepto
Cooking Essentials,Tata Sampann High Protein Kali Urad,91.0,14.3,6,78.0,500,False,500,Zepto
Cooking Essentials,Everest Kitchen King Masala,37.0,2.7,6,36.0,50,False,50,Zepto
Cooking Essentials,Chef's Basket Durum Wheat Fusilli Pasta,160.0,50.0,6,80.0,500,False,500,Zepto
Cooking Essentials,TilSona Til Oil,180.0,10.0,2,162.0,500,False,500,Zepto
Cooking Essentials,Top Ramen Chicken Noodles,60.0,10.0,1,54.0,280,False,280,Zepto
Cooking Essentials,Everest Chaat Masala,35.0,2.9,1,34.0,50,False,50,Zepto
Cooking Essentials,Keya Wonder Red Hot Chilli Flakes,89.0,10.1,2,80.0,40,False,40,Zepto
Cooking Essentials,Popular Essentials White Peas (Un-Polished),80.0,10.0,5,72.0,500,False,500,Zepto
Cooking Essentials,Ching’s Secret Chowmein Hakka Noodles Masala ,44.0,0.0,2,44.0,60,False,60,Zepto
Cooking Essentials,Dhara Filtered Groundnut Oil (Jar),1050.0,1.4,6,1035.0,5000,False,5,Zepto
Cooking Essentials,Pillsbury Choco Chip Pancake Mix,99.0,5.1,6,94.0,165,False,165,Zepto
Cooking Essentials,Hershey's Caramel Syrup,230.0,0.0,1,230.0,623,False,623,Zepto
Cooking Essentials,Pillsbury Multi Grain Atta,60.0,6.7,3,56.0,1000,False,1,Zepto
Cooking Essentials,McCain New Mini Samosa with Cheese Corn Style Filling,120.0,1.7,2,118.0,240,False,240,Zepto
Cooking Essentials,Satyam Puffed Rice Kurmura (A),43.0,0.0,6,43.0,200,False,200,Zepto
Cooking Essentials,MTR 3 Min Poha,25.0,0.0,6,25.0,60,False,60,Zepto
Cooking Essentials,Ching's Manchurian Instant Noodles,15.0,0.0,5,15.0,60,False,60,Zepto
Cooking Essentials,Everest Pav Bhaji Masala,70.0,0.0,2,70.0,100,False,100,Zepto
Cooking Essentials,Hershey's Chocolate Flavour Syrup,220.0,6.8,6,205.0,623,False,680,Zepto
Cooking Essentials,Popular Essentials Dhania (Coriander Seeds),55.0,16.4,4,46.0,200,False,200,Zepto
Cooking Essentials,24 Mantra Red Chilly Whole,70.0,7.1,1,65.0,100,False,100,Zepto
Cooking Essentials,Dabur Honey - World's No.1,120.0,0.0,6,120.0,250,False,250,Zepto
Cooking Essentials,24 Mantra Organic Puffed Rice,40.0,2.5,6,39.0,200,False,200,Zepto
Cooking Essentials,24 Mantra Organic Wheat Daliya ,48.0,2.1,2,47.0,500,False,500,Zepto
Cooking Essentials,24 Mantra Organic Ragi Flour,65.0,20.0,4,52.0,500,False,500,Zepto
Cooking Essentials,Popular Essentials Cinnamon Whole (Dalchini),35.0,5.7,6,33.0,25,False,25,Zepto
Cooking Essentials,Sundrop Super Lite Advanced - Sunflower Oil,215.0,0.0,4,215.0,1000,False,1,Zepto
Cooking Essentials,Pillsbury Atta/Godihittu - Chakki Fresh,102.0,7.8,4,94.0,2000,False,2,Zepto
Cooking Essentials,Popular Essentials Green Moong Chilka/Chilka (Un-Polished),85.0,7.1,5,79.0,500,False,500,Zepto
Cooking Essentials,Popular Essentials HMT Kolam Steam,75.0,0.0,3,75.0,1000,False,1,Zepto
Cooking Essentials,Popular Essentials Black Urad Split,80.0,10.0,4,72.0,500,False,500,Zepto
Cooking Essentials,Keya Oregano,109.0,10.1,5,98.0,9,False,9,Zepto
Cooking Essentials,Popular Essentials Pink Rajma,100.0,10.0,6,90.0,500,False,500,Zepto
Cooking Essentials,Everest Chicken Masala,74.0,2.7,6,72.0,100,False,100,Zepto
Cooking Essentials,Popular Essentials HMT Kolam Steam,370.0,10.0,6,333.0,5000,False,5,Zepto
Cooking Essentials,Everest Shahi Paneer Masala,42.0,4.8,5,40.0,50,False,50,Zepto
Cooking Essentials,Godrej Yummiez Chicken Nuggets,325.0,9.8,1,293.0,500,False,500,Zepto
Cooking Essentials,Flying Bird Vanilla Essence,35.0,2.9,6,34.0,20,False,20,Zepto
Cooking Essentials,Everest Sabji Masala,30.0,3.3,6,29.0,50,False,50,Zepto
Cooking Essentials,Popular Essentials Californian Almond,695.0,32.4,6,470.0,500,False,500,Zepto
Cooking Essentials,Cornitos Cornitos Taco Shells - 4 Inches,110.0,20.0,6,88.0,80,False,80,Zepto
Cooking Essentials,Everest Rajma Masala,33.0,3.0,5,32.0,50,False,50,Zepto
Cooking Essentials,Popular Essentials White Til,40.0,5.0,1,38.0,100,False,100,Zepto
Cooking Essentials,Amul Dark Compound Chocolate Slab,125.0,2.4,6,122.0,500,False,500,Zepto
Cooking Essentials,Mothers Recipe Papad Chana Masala,79.0,10.1,6,71.0,200,False,200,Zepto
Cooking Essentials,Ching's Schezwan Masala Instant Noodles,60.0,0.0,1,60.0,240,False,240,Zepto
Cooking Essentials,Amul Milk Compound Chocolate Slab,110.0,2.7,6,107.0,500,False,500,Zepto
Cooking Essentials,Eastern Chicken Masala,70.0,7.1,3,65.0,100,False,100,Zepto
Cooking Essentials,Popular Essentials Methi Seeds,25.0,0.0,5,25.0,100,False,100,Zepto
Cooking Essentials,Saffola Yummy Masala Noodles ,20.0,0.0,2,20.0,46,False,46,Zepto
Cooking Essentials,Cadbury Hot Chocolate,175.0,5.1,6,166.0,200,False,200,Zepto
Cooking Essentials,Ching's Chicken Chilli Masala,10.0,0.0,6,10.0,20,False,20,Zepto
Cooking Essentials,Dabur Keora water - Authentic flavour for Biryani's and Desserts,62.0,6.5,6,58.0,250,False,250,Zepto
Cooking Essentials,Popular Essentials Black Cardamom/Elaichi ,100.0,10.0,6,90.0,50,False,50,Zepto
Cooking Essentials,Popular Essentials Idli Rice,60.0,10.0,4,54.0,1000,False,1,Zepto
Cooking Essentials,Everest Chole Masala,33.0,3.0,1,32.0,50,False,50,Zepto
Cooking Essentials,Dabur Hommade Tamarind Paste,48.0,6.2,6,45.0,200,False,200,Zepto
Cooking Essentials,"""Maggi Magic Cubes, Vegetarian Masala (Free 2 Cubes Inside)""",35.0,2.9,6,34.0,48,False,48,Zepto
Cooking Essentials,Popular Essentials Cooking Soda,30.0,10.0,6,27.0,200,False,200,Zepto
Cooking Essentials,RRO Primio Refined Groundnut Oil Pet Bottle,255.0,6.3,2,239.0,1000,False,1,Zepto
Cooking Essentials,Everest Pani Puri Masala,31.0,3.2,6,30.0,50,False,50,Zepto
Cooking Essentials,Nissin Cup Noodles Tangy Tomato,50.0,10.0,2,45.0,70,False,70,Zepto
Cooking Essentials,Ching's Veg Manchurian Masala,10.0,0.0,2,10.0,20,False,20,Zepto
Cooking Essentials,Ceres Foods Fish Mustard Instant Liquid Masala,220.0,50.0,6,110.0,200,False,200,Zepto
Cooking Essentials,Everest Garam Masala,158.0,10.1,6,142.0,200,False,200,Zepto
Cooking Essentials,24 Mantra Organic Jowar Flour,70.0,7.1,6,65.0,500,False,500,Zepto
Cooking Essentials,Maggi Coconut Milkpowder,100.0,0.0,6,100.0,100,False,100,Zepto
Cooking Essentials,On1y Pepper Grinder,159.0,9.4,1,144.0,50,False,50,Zepto
Cooking Essentials,Popular Essentials Rice Flour,60.0,0.0,3,60.0,1000,False,1,Zepto
Cooking Essentials,Sunfeast Yippee! Pasta Treat - Sour Cream Onion,28.0,10.7,1,25.0,65,False,65,Zepto
Cooking Essentials,24 Mantra Organic Brown Sona Masoori Rice,95.0,0.0,6,95.0,1000,False,1,Zepto
Cooking Essentials,Happilo Premium Afghani Anjeer,365.0,29.9,2,256.0,200,False,200,Zepto
Cooking Essentials,Popular Essentials Chiroti Sooji,35.0,2.9,6,34.0,500,False,500,Zepto
Cooking Essentials,RRO Til Dil Premium Til Oil Bottle,330.0,10.9,5,294.0,1000,False,1,Zepto
Cooking Essentials,Popular Essentials Red Rajma,90.0,10.0,6,81.0,500,False,500,Zepto
Cooking Essentials,Cornitos Peanut - Premium Salted ,120.0,10.0,6,108.0,150,False,150,Zepto
Cooking Essentials,Popular Essentials Black Pepper,100.0,10.0,5,90.0,100,False,100,Zepto
Cooking Essentials,24 Mantra Organic Tur Dal - Split,130.0,7.7,6,120.0,500,False,500,Zepto
Cooking Essentials,Sugarfree Gold Low Calorie Sweetner,65.0,6.2,3,61.0,110,False,100,Zepto
Cooking Essentials,Ching's Secret Paneer Chilli Masala,10.0,0.0,2,10.0,20,False,20,Zepto
Cooking Essentials,Dabur Honey ,220.0,7.3,3,204.0,500,False,500,Zepto
Cooking Essentials,Sunfeast Yippee! Pasta Treat - Sour Cream Onion,28.0,17.9,3,23.0,65,False,65,Zepto
Cooking Essentials,Everest Tea Masala,55.0,9.1,2,50.0,50,False,50,Zepto
Cooking Essentials,Ching's Paneer Chilli Masala,44.0,0.0,4,44.0,60,False,60,Zepto
Cooking Essentials,Sunfeast YiPPee! Magic Masala Noodles,70.0,10.0,3,63.0,405,False,405,Zepto
Cooking Essentials,Everest Meat Masala Powder,74.0,9.5,3,67.0,100,False,100,Zepto
Cooking Essentials,Pillsbury Atta With Multigrains Wheat Grains,295.0,16.9,6,245.0,5000,False,5,Zepto
Cooking Essentials,Mother's Recipe Tamarind Paste,50.0,2.0,6,49.0,200,False,200,Zepto
Cooking Essentials,Quaker Oats Breakfast Cereals - With Flavour Mix Nutritious Rich Source Of Energy,49.0,8.2,6,45.0,200,False,200,Zepto
Cooking Essentials,Popular Essentials Cloves (Lavang),75.0,17.3,6,62.0,50,False,50,Zepto
Cooking Essentials,Sunfeast Yippee! Power Up Atta Noodles,96.0,15.6,6,81.0,280,False,280,Zepto
Cooking Essentials,Suhana Paneer Tikka Masala Mix,40.0,5.0,6,38.0,50,False,50,Zepto
Cooking Essentials,24 Mantra Turmeric Powder,35.0,2.9,6,34.0,100,False,100,Zepto
Cooking Essentials,24 Mantra Super Grain Quinoa,190.0,0.0,4,190.0,500,False,500,Zepto
Cooking Essentials,Everest Powder - Egg Curry Masala,40.0,2.5,6,39.0,50,False,50,Zepto
Cooking Essentials,Popular Essentials Pe Shah Jeera ,60.0,15.0,6,51.0,50,False,50,Zepto
Cooking Essentials,24 Mantra Organic Sattu Atta,95.0,0.0,6,95.0,500,False,500,Zepto
Cooking Essentials,Smith & Jones Pasta Masala,46.0,0.0,6,46.0,54,False,54,Zepto
Cooking Essentials,Weikfield Vanilla Custard Powder,142.0,9.9,3,128.0,500,False,500,Zepto
Cooking Essentials,Sugarfree Natura Low Calorie Sweetner ,300.0,10.0,3,270.0,42,False,42,Zepto
Cooking Essentials,Pillsbury Vanilla Custard Powder,37.0,2.7,6,36.0,100,False,100,Zepto
Cooking Essentials,24 Mantra Organic Rajma,145.0,0.0,6,145.0,500,False,500,Zepto
Cooking Essentials,Popular Essentials Broken Wheat/Daliya,35.0,2.9,6,34.0,500,False,500,Zepto
Cooking Essentials,Zorabian Chicken Smoked Ham,205.0,5.4,1,194.0,250,False,250,Zepto
Cooking Essentials,Smith & Jones Peri Peri Masala,99.0,0.0,6,99.0,75,False,75,Zepto
Cooking Essentials,Saffola Veggie Twist Masala Oats,195.0,12.3,2,171.0,500,False,500,Zepto
Cooking Essentials,Popular Essentials Urad Dal Split (Un-Polished),85.0,9.4,5,77.0,500,False,500,Zepto
Cooking Essentials,Weikfield Baking Powder,22.0,0.0,6,22.0,50,False,50,Zepto
Cooking Essentials,Popular Essentials Bajra Whole,65.0,13.8,6,56.0,1000,False,1,Zepto
Cooking Essentials,Weikfield Veg Jelly Crystals - Strawberry,45.0,2.2,6,44.0,90,False,90,Zepto
Cooking Essentials,Weikfield Veg Jelly Crystals - Raspberry,45.0,2.2,6,44.0,90,False,90,Zepto
Cooking Essentials,Popular Essentials Masoor Dal Split (Un-Polished),70.0,10.0,4,63.0,500,False,500,Zepto
Cooking Essentials,Popular Essentials Ajwain Whole,50.0,12.0,2,44.0,100,False,100,Zepto
Cooking Essentials,Popular Essentials Pista Salted (With Shell),470.0,21.1,5,371.0,250,False,250,Zepto
Cooking Essentials,The Bake Shop Bread Crumbs,50.0,6.0,3,47.0,400,False,400,Zepto
Cooking Essentials,Popular Essentials Horse Gram,40.0,10.0,4,36.0,500,False,500,Zepto
Cooking Essentials,Hershey's Chocolate Syrup,95.0,0.0,4,95.0,200,False,200,Zepto
Cooking Essentials,Godrej Yummiez Chilli Chicken Sausages ,160.0,10.0,3,144.0,250,False,250,Zepto
Cooking Essentials,Everest Kasuri Methi,25.0,0.0,6,25.0,25,False,25,Zepto
Cooking Essentials,Satyam Makhana,208.0,0.0,6,208.0,100,False,100,Zepto
Cooking Essentials,Everest Tandoori Chicken Masala,39.0,2.6,5,38.0,50,False,50,Zepto
Cooking Essentials,Weikfield Falooda Mix - Kesar Pista,49.0,2.0,3,48.0,200,False,200,Zepto
Cooking Essentials,Weikfield Cocoa Powder,70.0,7.1,6,65.0,50,False,50,Zepto
Cooking Essentials,Pantai Coconut Cream,150.0,4.7,4,143.0,400,False,400,Zepto
Cooking Essentials,Popular Essentials Coriander Seeds,15.0,0.0,5,15.0,50,False,50,Zepto
Cooking Essentials,Ching's Singapore Curry Instant Noodles,60.0,0.0,4,60.0,240,False,240,Zepto
Cooking Essentials,Eastern Fish Masala,48.0,2.1,5,47.0,100,False,100,Zepto
Cooking Essentials,Pillsbury Atta/Godihittu - Chakki Fresh,275.0,0.0,6,275.0,5000,False,5,Zepto
Cooking Essentials,"Oleev Smart Oil Fortified with VIT A, D, E & K (Pouch)",215.0,9.8,4,194.0,1000,False,1,Zepto
Cooking Essentials,Everest Dry Ginger Powder,75.0,9.3,4,68.0,100,False,100,Zepto
Cooking Essentials,Pillsbury Cooker Cake Mix - Choco,100.0,11.0,6,89.0,159,False,159,Zepto
Cooking Essentials,Hersheys Chocolate Almond Syrup,200.0,0.0,2,200.0,450,False,450,Zepto
Cooking Essentials,Satyam Nighties Spices  Chilli Pandi,56.0,7.1,5,52.0,100,False,100,Zepto
Cooking Essentials,Popular Essentials Popular Essential Pista Salted (With Shell),190.0,10.0,6,171.0,100,False,100,Zepto
Cooking Essentials,Godrej Yummiez Chicken Punjabi Tikka ,295.0,9.8,6,266.0,360,False,360,Zepto
Cooking Essentials,Popular Essentials Rozana Sona Masuri Raw Rice,350.0,10.9,5,312.0,5000,False,5,Zepto
Cooking Essentials,24 Mantra Mustard Oil (Cold Pressed) ,350.0,10.9,6,312.0,1000,False,1,Zepto
Cooking Essentials,24 Mantra Organic Black Pepper,170.0,7.6,6,157.0,100,False,100,Zepto
Cooking Essentials,Popular Essentials Green Moong Whole,90.0,16.7,3,75.0,500,False,500,Zepto
Cooking Essentials,24 Mantra Organic Masoor Dal - Split,95.0,7.4,6,88.0,500,False,500,Zepto
Cooking Essentials,Praakritik Organic Natural Rock Salt,60.0,6.7,3,56.0,500,False,500,Zepto
Cooking Essentials,24 Mantra Sunflower Oil (Cold Pressed) Pet Bottle,390.0,11.0,5,347.0,1000,False,1,Zepto
Cooking Essentials,"Ching's Secret Instant Noodles, Hot Garlic",60.0,0.0,4,60.0,240,False,240,Zepto
Cooking Essentials,Saffola Everyday Peppy Tomato Masala Oats,195.0,12.3,6,171.0,500,False,500,Zepto
Cooking Essentials,Dabur 100% Pure Honey - Worlds No.1,430.0,10.0,6,387.0,1000,False,1,Zepto
Cooking Essentials,Popular Essentials Star Anise,70.0,10.0,5,63.0,25,False,25,Zepto
Cooking Essentials,Ching's Secret Chicken 65 Masala - Chicken,10.0,0.0,5,10.0,20,False,20,Zepto
Cooking Essentials,Cadbury Cocoa Powder,223.0,5.4,6,211.0,150,False,150,Zepto
Cooking Essentials,Praakritik Natural Desi Gir Cow A2 Ghee,1450.0,10.0,6,1305.0,540,False,540,Zepto
Cooking Essentials,Praakritik Organic Poha,120.0,6.7,5,112.0,500,False,500,Zepto
Cooking Essentials,Praakritik Organic Natural Wild Forest Honey,160.0,6.2,4,150.0,200,False,200,Zepto
Cooking Essentials,Popular Essentials Dry Dates (Kharak),140.0,15.7,6,118.0,250,False,250,Zepto
Cooking Essentials,Popular Essentials Kashmiri Red Rajma,95.0,6.3,4,89.0,500,False,500,Zepto
Cooking Essentials,Dabur Hommade - Garlic Paste,50.0,6.0,6,47.0,200,False,200,Zepto
Cooking Essentials,Dabur 100% Pure Honey,330.0,10.0,1,297.0,400,False,400,Zepto
Cooking Essentials,Ching's Schezwan Fried Rice(Miracle Masala),44.0,0.0,5,44.0,60,False,60,Zepto
Cooking Essentials,"""Maggi Magic Cubes, Vegetarian Masala""",35.0,2.9,1,34.0,40,False,40,Zepto
Cooking Essentials,Everest Tandoori Chicken Masala,74.0,9.5,3,67.0,100,False,100,Zepto
Cooking Essentials,Popular Essentials Red Poha,45.0,4.4,6,43.0,500,False,500,Zepto
Cooking Essentials,Everest Kitchen King Masala,142.0,9.9,6,128.0,200,False,200,Zepto
Cooking Essentials,Pillsbury Oven Cake Mix - Rich Chocolate,165.0,10.9,5,147.0,285,False,285,Zepto
Cooking Essentials,Eastern Super Garam Masala,74.0,6.8,2,69.0,200,False,200,Zepto
Cooking Essentials,Maggi Magic Cubes Extra Chicken,40.0,2.5,6,39.0,48,False,48,Zepto
Cooking Essentials,Satyam Nighties Spices  Chilli Kashmiri,102.0,6.9,6,95.0,100,False,100,Zepto
Cooking Essentials,Eastern Cumin Powder,49.0,2.0,6,48.0,100,False,100,Zepto
Cooking Essentials,Popular Essentials Urad Gola White(Un-Polished),90.0,10.0,6,81.0,500,False,500,Zepto
Cooking Essentials,24 Mantra Organic Chana Dal,95.0,6.3,5,89.0,500,False,500,Zepto
Cooking Essentials,Delight Nuts Cashew Roasted & Salted,425.0,20.0,6,340.0,200,False,200,Zepto
Cooking Essentials,Popular Essentials Mace/Javitri,90.0,10.0,3,81.0,20,False,20,Zepto
Cooking Essentials,Dlicia Whip Topping Bottle,235.0,27.2,5,171.0,1000,False,1,Zepto
Cooking Essentials,Mother's Recipe Paste Ginger & Garlic,76.0,10.5,4,68.0,300,False,300,Zepto
Cooking Essentials,24 Mantra Groundnut Oil (Cold Pressed) Pet Bottle,410.0,10.0,6,369.0,1000,False,1,Zepto
Cooking Essentials,Satyam Pulses Masur Dal,87.0,6.9,6,81.0,500,False,500,Zepto
Cooking Essentials,Delight Nuts Pista Roasted & Salted,425.0,20.0,6,340.0,200,False,200,Zepto
Cooking Essentials,"Top Ramen Noodles, Atta",80.0,0.0,1,80.0,280,False,280,Zepto
Cooking Essentials,Hershey's Cocoa Powder,95.0,0.0,5,95.0,70,False,70,Zepto
Cooking Essentials,Praakritik Organic Singhara Atta,240.0,6.2,4,225.0,500,False,500,Zepto
Cooking Essentials,Gits Veg Biryani Ready to Eat,110.0,10.0,6,99.0,265,False,265,Zepto
Cooking Essentials,Delight Nuts Cranberries Sliced ,299.0,20.1,6,239.0,200,False,200,Zepto
Cooking Essentials,Borges Durum Wheat Pasta Superior Quality,250.0,40.4,6,149.0,500,False,500,Zepto
Cooking Essentials,Ceres Foods Laal Maas Instant Liquid Masala,220.0,50.0,5,110.0,200,False,200,Zepto
Cooking Essentials,Popular Essentials Sattu Atta,90.0,12.2,3,79.0,500,False,500,Zepto
Cooking Essentials,Popular Essentials Mustard Seeds Rai Yellow,25.0,0.0,5,25.0,100,False,100,Zepto
Cooking Essentials,Praakritik Organic Extra Virgin Coconut Oil,150.0,10.7,5,134.0,100,False,100,Zepto
Cooking Essentials,Praakritik Organic Garlic Powder,110.0,1.8,5,108.0,100,False,100,Zepto
Cooking Essentials,Sugarfree Gold Low Calorie Sweetner ,125.0,5.6,6,118.0,100,False,100,Zepto
Cooking Essentials,Aashirvaad Breakfast Instant Mix - Rice Idli,75.0,30.7,6,52.0,200,False,200,Zepto
Cooking Essentials,Kitchens Of India Mutter Paneer,130.0,4.6,6,124.0,285,False,285,Zepto
Cooking Essentials,Ching's Secret Veg Manchurian Masala,44.0,0.0,6,44.0,60,False,60,Zepto
Cooking Essentials,Popular Essentials Jowa Flour,50.0,2.0,5,49.0,500,False,500,Zepto
Cooking Essentials,Everest Shahi Biryani Masala,245.0,0.0,6,245.0,200,False,200,Zepto
Cooking Essentials,Popular Essentials Black Til,50.0,6.0,4,47.0,100,False,100,Zepto
Cooking Essentials,Popular Essentials Pancharatna Dal,80.0,10.0,6,72.0,500,False,500,Zepto
Cooking Essentials,Saffola 100% Pure Honey,475.0,8.0,2,437.0,1000,False,750,Zepto
Cooking Essentials,Popular Essentials Tamarind,150.0,14.7,6,128.0,500,False,500,Zepto
Cooking Essentials,Gits Rice Dosa Instant Breakfast Mix,60.0,5.0,5,57.0,200,False,200,Zepto
Cooking Essentials,Popular Essentials Poppy Seeds (Gasagase),280.0,7.1,6,260.0,100,False,100,Zepto
Cooking Essentials,Hershey's Hot Chocolate Powder,210.0,0.0,4,210.0,250,False,250,Zepto
Cooking Essentials,Borges Farfalle Durum Wheat Pasta ,250.0,0.0,5,250.0,500,False,500,Zepto
Cooking Essentials,Satyam Chilli  Bedgi,82.0,11.0,5,73.0,100,False,100,Zepto
Cooking Essentials,Aashirvaad Instant Mix - Rice Dosa,75.0,30.7,6,52.0,200,False,200,Zepto
Cooking Essentials,Hershey's Cocoa - Natural Unsweetened,270.0,10.0,4,243.0,225,False,225,Zepto
Cooking Essentials,Weikfield Veg Jelly Crystals - Mango,45.0,2.2,6,44.0,90,False,90,Zepto
Cooking Essentials,Praakritik Orrganic Cold Pressed Sesame Oil,130.0,10.0,5,117.0,100,False,100,Zepto
Cooking Essentials,Amulya Dairy Whitener ,380.0,2.1,4,372.0,1000,False,1,Zepto
Cooking Essentials,ITC Master Chef Hyderabadi Biryani,75.0,30.7,5,52.0,80,False,80,Zepto
Cooking Essentials,Flying Bird Butter Scotch Essence,50.0,2.0,6,49.0,20,False,20,Zepto
Cooking Essentials,Dabur Hommade - Ginger Paste,50.0,6.0,6,47.0,200,False,200,Zepto
Cooking Essentials,Popular Essentials Green Peas (Un-Polished),120.0,10.0,5,108.0,500,False,500,Zepto
Cooking Essentials,Quaker Oats Pouch,276.0,10.1,6,248.0,1500,False,1,Zepto
Cooking Essentials,24 Mantra Organic Urad White Whole,145.0,15.9,4,122.0,500,False,500,Zepto
Cooking Essentials,Popular Essentials Guntur Chilli Stemless,40.0,2.5,2,39.0,100,False,100,Zepto
Cooking Essentials,Popular Essentials Moth Whole,90.0,10.0,6,81.0,500,False,500,Zepto
Cooking Essentials,Keya Pizza Seasoning,109.0,17.4,6,90.0,45,False,45,Zepto
Cooking Essentials,Keya Piri Piri | Exotic Spices Mix,109.0,20.2,6,87.0,80,False,80,Zepto
Cooking Essentials,24 Mantra Organic Moong Dal,135.0,7.4,6,125.0,500,False,500,Zepto
Cooking Essentials,Betty Crocker French Vanilla Cake Mix,310.0,11.0,6,276.0,520,False,520,Zepto
Cooking Essentials,Delight Nuts Dried Cranberries ,340.0,20.0,6,272.0,200,False,200,Zepto
Cooking Essentials,Everest Kesari Milk Masala,205.0,0.0,2,205.0,50,False,50,Zepto
Cooking Essentials,Tong Garden Salted Cocktail Nuts,295.0,9.8,5,266.0,160,False,160,Zepto
Cooking Essentials,MTR Uttapam Mix,165.0,5.5,6,156.0,500,False,500,Zepto
Cooking Essentials,Gits Khaman Dhokla Instant Snack Mix,65.0,6.2,6,61.0,180,False,180,Zepto
Cooking Essentials,Happilo Premium 100% Natural Whole Cashews,335.0,29.9,6,235.0,200,False,200,Zepto
Cooking Essentials,Everest Dry Mango Powder,80.0,0.0,5,80.0,100,False,100,Zepto
Cooking Essentials,Dabur Hommade - Ginger Garlic Past Tub,110.0,5.5,6,104.0,400,False,400,Zepto
Cooking Essentials,Everest Chicken Masala,147.0,10.2,6,132.0,200,False,200,Zepto
Cooking Essentials,Gits Medu Vada Instant Snack Mix,90.0,4.4,6,86.0,200,False,200,Zepto
Cooking Essentials,Weikfield Drinking Chocolate Powder,65.0,10.8,6,58.0,100,False,100,Zepto
Cooking Essentials,Popular Essentials Regular White Lobia,70.0,10.0,6,63.0,500,False,500,Zepto
Cooking Essentials,Puro Healthy Salt Crystal,135.0,7.4,6,125.0,1000,False,1,Zepto
Cooking Essentials,Popular Essentials Premium Jeera Rice,140.0,0.0,5,140.0,1000,False,1,Zepto
Cooking Essentials,Smith & Jones Shahi Paneer Masala Mix,44.0,0.0,6,44.0,60,False,60,Zepto
Cooking Essentials,Betty Crocker Mug Treats - Chocolate Mix - Pack of 4,200.0,11.0,6,178.0,264,False,264,Zepto
Cooking Essentials,Smith & Jones Pasta Masala,60.0,10.0,5,54.0,108,False,108,Zepto
Cooking Essentials,Catch Black Pepper Sprinkler,100.0,0.0,1,100.0,50,False,50,Zepto
Cooking Essentials,Weikfield Cooker Cake Mix - Chocolate,95.0,6.3,6,89.0,150,False,150,Zepto
Cooking Essentials,ITC Master Chef Butter Chicken,75.0,30.7,6,52.0,80,False,80,Zepto
Cooking Essentials,Masala Oats Masala & Coriander ,195.0,9.7,5,176.0,500,False,500,Zepto
Cooking Essentials,Smith & Jones Mutter Paneer Masala,42.0,0.0,6,42.0,60,False,60,Zepto
Cooking Essentials,Kitchens of India Dal Bukhara Gravy Mix,110.0,30.0,6,77.0,285,False,285,Zepto
Cooking Essentials,Popular Essentials Fried Gram (Bengal Gram),70.0,10.0,6,63.0,500,False,500,Zepto
Cooking Essentials,Gits Jalebi with Maker Dessert Mix,75.0,16.0,6,63.0,100,False,100,Zepto
Cooking Essentials,Popular Essentials Soya Beans ,80.0,6.2,6,75.0,500,False,500,Zepto
Cooking Essentials,24 Mantra Organic Roasted Bengal Gram Dal,105.0,7.6,6,97.0,500,False,500,Zepto
Cooking Essentials,Keya Italian Seasoning,109.0,10.1,6,98.0,35,False,35,Zepto
Cooking Essentials,MTR Idli/Dosa/Chilly Chutney Powder,115.0,0.0,3,115.0,200,False,200,Zepto
Cooking Essentials,Delight Nuts Trail Mix ,399.0,25.1,6,299.0,200,False,200,Zepto
Cooking Essentials,Praakritik Organic Chilka Moong Dal,120.0,10.0,6,108.0,500,False,500,Zepto
Cooking Essentials,Smith & Jones Garlic & Herbs Masala Mix,99.0,0.0,6,99.0,75,False,75,Zepto
Cooking Essentials,Eastern Tamarind,63.0,0.0,6,63.0,200,False,200,Zepto
Cooking Essentials,Tong Garden Wasabi Coated Greenpeas Tin,200.0,11.0,6,178.0,180,False,180,Zepto
Cooking Essentials,Flying Bird Pineapple Artifical Food Essence,50.0,2.0,6,49.0,20,False,20,Zepto
Cooking Essentials,Mother's Recipe Tamarind Paste,50.0,2.0,2,49.0,200,False,200,Zepto
Cooking Essentials,Japanese Choice Udon Noodles,295.0,9.8,6,266.0,250,False,250,Zepto
Cooking Essentials,Pantai Coconut Milk,150.0,0.0,4,150.0,400,False,400,Zepto
Cooking Essentials,Praakritik Organic Masoor Dal,130.0,10.8,6,116.0,500,False,500,Zepto
Cooking Essentials,Popular Essentials Classic Sona Masuri Rice,430.0,10.0,6,387.0,5000,False,5,Zepto
Cooking Essentials,Popular Essentials Salted Murmure ,70.0,18.6,6,57.0,400,False,400,Zepto
Cooking Essentials,Oleev Active Oil (Pouch),265.0,9.8,6,239.0,1000,False,1,Zepto
Cooking Essentials,Delight Nuts Dried Blueberries ,540.0,20.0,6,432.0,150,False,150,Zepto
Cooking Essentials,Popular Essentials Double Beans White,60.0,10.0,6,54.0,250,False,250,Zepto
Cooking Essentials,Delight Nuts Almond Natural ,349.0,20.1,6,279.0,200,False,200,Zepto
Cooking Essentials,Praakritik Organic Jaggery,160.0,6.2,6,150.0,900,False,900,Zepto
Cooking Essentials,Praakritik Organic Raw Sugar,90.0,6.7,6,84.0,500,False,500,Zepto
Cooking Essentials,MTR Masala - Sambar Powder,115.0,0.0,4,115.0,200,False,200,Zepto
Cooking Essentials,RRO Til Dil Premium Til Oil Bottle,173.0,6.4,6,162.0,500,False,500,Zepto
Cooking Essentials,ITC Master Chef Vegetable Biryani Cooking Paste,75.0,30.7,5,52.0,80,False,80,Zepto
Cooking Essentials,Jivana Jaggery,100.0,0.0,2,100.0,950,False,950,Zepto
Cooking Essentials,Praakritik Organic Besan,170.0,6.5,6,159.0,500,False,500,Zepto
Cooking Essentials,MTR Instant Gulab Jamun Mix,195.0,9.7,6,176.0,500,False,500,Zepto
Cooking Essentials,Maggi Magic Cubes Extra Chicken,199.0,0.0,2,199.0,240,False,240,Zepto
Cooking Essentials,On1y Mixed Herbs,99.0,0.0,6,99.0,14,False,14,Zepto
Cooking Essentials,Popular Essentials Urad Gola Black (Un-Polished),80.0,10.0,6,72.0,500,False,500,Zepto
Cooking Essentials,Gits Dessert Mix China Grass Bombay Halwa,55.0,0.0,4,55.0,80,False,80,Zepto
Cooking Essentials,Praakritik Organic Basmati Rice,170.0,0.0,5,170.0,500,False,500,Zepto
Cooking Essentials,Ceres Foods Nalli Nihari Instant Liquid Masala,220.0,50.0,6,110.0,200,False,200,Zepto
Cooking Essentials,Borges Canola Oil Pet Bottle,399.0,0.0,6,399.0,1000,False,1,Zepto
Cooking Essentials,Suhana Biryani Masala,66.0,0.0,6,66.0,50,False,50,Zepto
Cooking Essentials,On1y Black Salt Grinder,99.0,0.0,6,99.0,100,False,100,Zepto
Cooking Essentials,Popular Essentials Nylon Til,40.0,2.5,6,39.0,100,False,100,Zepto
Cooking Essentials,Pillsbury Rich Choco Oven Cake Mix - Egg Free,170.0,6.5,6,159.0,270,False,270,Zepto
Cooking Essentials,Weikfield Tomato Salsa Instant Pasta,25.0,0.0,1,25.0,77,False,77,Zepto
Cooking Essentials,Praakritik Organic Jowar Atta,110.0,6.4,6,103.0,500,False,500,Zepto
Cooking Essentials,Sugarfree Gold Low Calorie Sweetner ,270.0,7.0,6,251.0,50,False,50,Zepto
Cooking Essentials,Epicurea Thai Jasmine Rice,295.0,0.0,4,295.0,500,False,500,Zepto
Cooking Essentials,Yummiez Chicken Garlic Fingers Pouch,250.0,0.0,5,250.0,400,False,400,Zepto
Cooking Essentials,RRO Primio Refined Groundnut (Jar),490.0,11.0,6,436.0,2000,False,2,Zepto
Cooking Essentials,Praakritik Organic Tuvar Dal,140.0,0.0,6,140.0,500,False,500,Zepto
Cooking Essentials,Sugarfree Gold Low Calorie Sweetner,185.0,5.4,3,175.0,300,False,300,Zepto
Cooking Essentials,Cantina Beans Mexican Beans,250.0,14.8,6,213.0,410,False,410,Zepto
Cooking Essentials,Pillsbury Oven Cake Mix - Vanilla,175.0,10.9,6,156.0,225,False,225,Zepto
Cooking Essentials,Hershey's Chocolate Milk Booster,200.0,0.0,6,200.0,450,False,450,Zepto
Cooking Essentials,Popular Essentials Byadagi Chilli Stemless,80.0,0.0,6,80.0,100,False,100,Zepto
Cooking Essentials,Suhana Spice Mix - Chicken Biryani,66.0,0.0,6,66.0,50,False,50,Zepto
Cooking Essentials,Praakritik Organic Yellow Moon Dal,135.0,0.0,6,135.0,500,False,500,Zepto
Cooking Essentials,Maggi Magic Cubes Extra Chicken,199.0,10.1,6,179.0,240,False,240,Zepto
Cooking Essentials,Dhara Filtered Groundnut Oil (Jar),1050.0,0.0,2,1050.0,5000,False,5,Zepto
Cooking Essentials,24 Mantra Sona Masuri Brown Rice,475.0,10.9,6,423.0,5000,False,5,Zepto
Cooking Essentials,24 Mantra Organic Pancharatna Dal - Split,130.0,7.7,6,120.0,500,False,500,Zepto
Cooking Essentials,24 Mantra Organic Cumin Powder,70.0,0.0,6,70.0,100,False,100,Zepto
Cooking Essentials,Popular Essentials Samba Broken Wheat,100.0,11.0,6,89.0,500,False,500,Zepto
Cooking Essentials,Betty Crocker Chocolate Fudge Cake Mix,295.0,0.0,6,295.0,475,False,475,Zepto
Cooking Essentials,Borges Extra Light Olive Oil Bottle ,2600.0,46.2,6,1399.0,2000,False,2,Zepto
Cooking Essentials,Flying Bird Premium Orange Artificial Food Essence,60.0,0.0,6,60.0,20,False,20,Zepto
Cooking Essentials,Popular Essentials Red Cherry/Gundu Chilli,95.0,0.0,6,95.0,100,False,100,Zepto
Cooking Essentials,Super Saver Kolam Rice Sortex Clean ,700.0,10.0,3,630.0,5000,False,5,Zepto
Cooking Essentials,Flying Bird Food Essence - Kewra,50.0,0.0,6,50.0,20,False,20,Zepto
Cooking Essentials,MTR Vada Breakfast,200.0,0.0,1,200.0,500,False,500,Zepto
Cooking Essentials,On1y Pasta Seasoning,99.0,0.0,6,99.0,30,False,30,Zepto
Cooking Essentials,Praakritik Organic Indrayani Rice,70.0,0.0,6,70.0,500,False,500,Zepto
Cooking Essentials,On1y Pizza Seasoning,99.0,0.0,6,99.0,28,False,28,Zepto
Cooking Essentials,Kitchens of India Mutter Paneer Mix,120.0,30.0,4,84.0,285,False,285,Zepto
Cooking Essentials,Aashirvaad Svasti Cow Ghee Tetra Pack,295.0,0.0,6,295.0,500,False,500,Zepto
Cooking Essentials,Weikfield Cooker Cake Mix - Vanilla,95.0,0.0,6,95.0,150,False,150,Zepto
Cooking Essentials,Praakritik Organic Kapli Wheat Atta,165.0,10.9,6,147.0,1000,False,1,Zepto
Cooking Essentials,Epicurea Sushi Rice,295.0,0.0,6,295.0,500,False,500,Zepto
Cooking Essentials,Sugarfree Natural Green Stevia Leaves Zero Calorie,75.0,0.0,2,75.0,100,False,100,Zepto
Cooking Essentials,Smith & Jones Italian Spices Masala Mix,99.0,0.0,6,99.0,75,False,75,Zepto
Cooking Essentials,Satyam Nighties Spices  Chilli Bore,89.0,10.1,6,80.0,100,False,100,Zepto
Cooking Essentials,Weikfield Veg Jelly Crystals - Orange,45.0,2.2,6,44.0,90,False,90,Zepto
Cooking Essentials,Praakritik Organic Jumbo Rolled Oats,190.0,11.1,6,169.0,500,False,500,Zepto
Cooking Essentials,On1y Sea Salt Grinder,89.0,0.0,6,89.0,100,False,100,Zepto
Cooking Essentials,Delight Nuts Berries Mix ,399.0,20.1,6,319.0,200,False,200,Zepto
Cooking Essentials,Everest Kesari Milk Masala,205.0,0.0,6,205.0,50,False,20,Zepto
Cooking Essentials,Praakritik Organic Ginger Powder,139.0,10.1,6,125.0,100,False,100,Zepto
Cooking Essentials,Suhana Mutton Gravy Mix,45.0,0.0,4,45.0,80,False,80,Zepto
Cooking Essentials,On1y Salad Seasoning Grinder,139.0,0.0,6,139.0,45,False,45,Zepto
Cooking Essentials,Figaro Pure Olive Oil,325.0,8.0,1,299.0,200,False,200,Zepto
Munchies,Maggi 2 Minute Masala Noodles,12.0,0.0,6,12.0,70,False,70,Zepto
Munchies,iD Idli & Dosa Batter ,80.0,15.0,6,68.0,1000,False,1,Zepto
Munchies,Tata Salt,24.0,0.0,6,24.0,1000,False,1,Zepto
Munchies,Arden Eggs White,97.0,0.0,4,97.0,696,False,12,Zepto
Munchies,Arden Eggs White,65.0,15.4,4,55.0,348,False,6,Zepto
Munchies,Fortune Sunlite Refined Sunflower (Pouch),230.0,4.8,6,219.0,1000,False,1,Zepto
Munchies,Aashirvaad Superior MP Atta,250.0,2.0,6,245.0,5000,False,5,Zepto
Munchies,Amul Pure Ghee (Pouch),255.0,2.4,6,249.0,500,False,500,Zepto
Munchies,Arden Eggs Brown,85.0,7.1,4,79.0,348,False,6,Zepto
Munchies,Tata Salt Lite,40.0,10.0,6,36.0,1000,False,1,Zepto
Munchies,Saffola Gold Oil (Pouch),215.0,0.0,6,215.0,1000,False,1,Zepto
Munchies,Fortune Sunlite Refined Sunflower (Jar),925.0,0.0,6,925.0,5000,False,5,Zepto
Munchies,Fortune Rice Bran (Pouch),225.0,11.6,6,199.0,1000,False,1,Zepto
Munchies,Saffola Active Oil,210.0,0.0,6,210.0,1000,False,1,Zepto
Munchies,Amul Pure Ghee (Pouch),505.0,1.2,2,499.0,1000,False,1,Zepto
Munchies,Aashirvaad Atta,460.0,13.3,6,399.0,10000,False,10,Zepto
Munchies,Popular Essentials Toor Dal (Un-Polished),160.0,6.9,4,149.0,1000,False,1,Zepto
Munchies,Amul Ghee (Tin),520.0,2.1,6,509.0,1000,False,1,Zepto
Munchies,Amul Fresh Cream,197.0,3.0,3,191.0,1000,False,1,Zepto
Munchies,Popular Essentials Pure Jaggery,50.0,2.0,6,49.0,450,False,450,Zepto
Munchies,Aashirvaad Multigrain Atta,64.0,3.1,2,62.0,1000,False,1,Zepto
Munchies,Fortune Soyabean Oil,1005.0,0.6,6,999.0,5000,False,5,Zepto
Munchies,Popular Essentials Sunflower Seeds,25.0,0.0,6,25.0,50,False,50,Zepto
Munchies,Tata Sampann kabuli chana,185.0,1.1,4,183.0,1000,False,500,Zepto
Munchies,Dhara Groundnut Oil (Pouch),230.0,11.7,6,203.0,1000,False,1,Zepto
Munchies,Dhara Health Refined Sun Flower Oil Jar,1200.0,18.0,6,984.0,5000,False,5,Zepto
Munchies,24 Mantra Organic Jaggery Powder,80.0,15.0,6,68.0,500,False,500,Zepto
Munchies,Tata Sampann High Protien Kabuli Chana,94.0,0.0,1,94.0,500,False,500,Zepto
Munchies,Dhara Kachi Ghani Mustard Oil Jar,1250.0,8.6,6,1143.0,5000,False,5,Zepto
Munchies,D'lecta Dairy Cream,54.0,5.6,6,51.0,200,False,200,Zepto
Munchies,Ching's Secret Instant Hot Garlic Noodles,15.0,0.0,3,15.0,60,False,60,Zepto
Munchies,Dabur Ginger Garlic Paste,25.0,8.0,3,23.0,100,False,100,Zepto
Munchies,Ching's Secret Instant Schezwan Noodles,15.0,0.0,6,15.0,60,False,60,Zepto
Munchies,Gowardhan Ghee/Tuppa Jar,315.0,1.9,6,309.0,500,False,500,Zepto
Munchies,Tata Sampann Unpolished Moong Dal ,92.0,4.3,4,88.0,500,False,500,Zepto
Munchies,Aashirvaad Select Atta,64.0,0.0,6,64.0,1000,False,1,Zepto
Munchies,Popular Essentials Misri Dana (Diamond Sugar) ,15.0,0.0,4,15.0,100,False,100,Zepto
Munchies,Gowardhan Ghee Jar,598.0,3.2,6,579.0,1000,False,1,Zepto
Munchies,Top Ramen  Noodles Curry Veg Pouch,20.0,0.0,1,20.0,70,False,70,Zepto
Munchies,Popular Essentials Refined Sugar,60.0,0.0,6,60.0,1000,False,1,Zepto
Munchies,Fortune Kachi Ghani Mustard Oil Bottle,216.0,7.9,6,199.0,1000,False,1,Zepto
Munchies,Saffola Veggie Twist Masala Oats,15.0,0.0,6,15.0,38,False,38,Zepto
Munchies,Satyam Puffed Rice Kurmura (R),23.0,0.0,6,23.0,200,False,200,Zepto
Munchies,Quaker Oats,79.0,0.0,2,79.0,400,False,400,Zepto
Munchies,Aashirvaad Select Sharbati Atta,315.0,10.2,6,283.0,5000,False,5,Zepto
Munchies,Popular Essentials Refined Sugar,295.0,10.2,6,265.0,5000,False,5,Zepto
Munchies,Gowardhan Cow Ghee Pouch,579.0,10.0,6,521.0,1000,False,1,Zepto
Munchies,Dhara Nourish Refined Sunflower Oil Pouch,210.0,5.2,6,199.0,1000,False,1,Zepto
Munchies,Parachute Oil ,40.0,7.5,3,37.0,100,False,100,Zepto
Munchies,Popular Essentials Plain Puffed Rice (Murmura/Muri),18.0,0.0,6,18.0,100,False,100,Zepto
Munchies,Amul Mithai Mate Condensed Sweetened Milk,56.0,3.6,4,54.0,200,False,200,Zepto
Munchies,Saffola Gold (Jar),1240.0,0.0,6,1240.0,5000,False,5,Zepto
Munchies,McCain New Mini Samosa with Cheese Pizza Style Filling,120.0,1.7,3,118.0,240,False,240,Zepto
Munchies,Fortune Rice Bran Health Oil (Jar),1050.0,1.0,6,1039.0,5000,False,5,Zepto
Munchies,Arden Desi Eggs,110.0,13.6,4,95.0,348,False,6,Zepto
Munchies,Fortune Rozana Basmati Rice,585.0,21.0,6,462.0,5000,False,5,Zepto
Munchies,Fortune Biriyani Special Basmati Rice,175.0,0.0,5,175.0,1000,False,1,Zepto
Munchies,Everest Garam Masala,78.0,7.7,5,72.0,100,False,100,Zepto
Munchies,Popular Essentials Pumpkin Seeds,90.0,16.7,6,75.0,100,False,100,Zepto
Munchies,Fortune Soya Health Refined Soybean Oil,210.0,1.9,2,206.0,1000,False,1,Zepto
Munchies,Gowardhan Pure Ghee Pouch,295.0,4.7,6,281.0,500,False,500,Zepto
Munchies,Popular Essentials Jeera/Cumin Seeds,40.0,5.0,3,38.0,100,False,100,Zepto
Munchies,Weikfield Baking Soda,30.0,3.3,6,29.0,100,False,100,Zepto
Munchies,Everest Pav Bhaji Masala,37.0,10.8,4,33.0,50,False,50,Zepto
Munchies,Tata Sampann Unpolished Chana Dal,95.0,6.3,2,89.0,1000,False,500,Zepto
Munchies,Amul Mithai Mate EOE Tin,112.0,2.7,6,109.0,400,False,400,Zepto
Munchies,Pillsbury Chakki Fresh Atta,450.0,16.7,6,375.0,10000,False,10,Zepto
Munchies,Everest Chicken Masala,39.0,2.6,1,38.0,50,False,50,Zepto
Munchies,Dhara Life Refined Ricebran Oil (Pouch),205.0,7.3,6,190.0,1000,False,1,Zepto
Munchies,Borges Extra Virgin Olive Oil,400.0,25.2,1,299.0,250,False,250,Zepto
Munchies,Everest Shahi Biryani Masala,70.0,14.3,6,60.0,50,False,50,Zepto
Munchies,Popular Essentials Californian Almond,350.0,28.3,6,251.0,250,False,250,Zepto
Munchies,Popular Essentials Ajwain Whole,25.0,0.0,4,25.0,50,False,50,Zepto
Munchies,Everest Tikhalal Chilli Powder,235.0,9.8,6,212.0,500,False,500,Zepto
Munchies,Popular Essentials Kabuli Chana Regular,85.0,9.4,6,77.0,500,False,500,Zepto
Munchies,Pillsbury Chakki Fresh Atta,52.0,0.0,4,52.0,1000,False,1,Zepto
Munchies,Popular Essentials Saunf/Fennel Seeds,45.0,2.2,6,44.0,100,False,100,Zepto
Munchies,Popular Essentials Bansi Sooji,35.0,2.9,3,34.0,500,False,500,Zepto
Munchies,Happilo Premium International Queen Kalmi Dates,245.0,29.8,6,172.0,200,False,200,Zepto
Munchies,Tata Sampann Unpolished Urad Whole,101.0,6.9,4,94.0,500,False,500,Zepto
Munchies,Popular Essentials Cashew Split,325.0,12.9,6,283.0,250,False,250,Zepto
Munchies,Popular Essentials Chana Dal (Un-Polished),60.0,10.0,6,54.0,500,False,500,Zepto
Munchies,Tata Sampann Unpolished Rajma (Chitra),134.0,6.7,6,125.0,500,False,500,Zepto
Munchies,Everest Garam Masala,42.0,2.4,2,41.0,50,False,50,Zepto
Munchies,Everest Kitchen King Masala,70.0,14.3,2,60.0,100,False,100,Zepto
Munchies,24 Mantra Organic Cumin,70.0,7.1,2,65.0,100,False,100,Zepto
Munchies,Nestle Milkmaid,132.0,3.0,6,128.0,400,False,400,Zepto
Munchies,Popular Essentials Sona Masouri Steam Rice,65.0,9.2,6,59.0,1000,False,1,Zepto
Munchies,24 Mantra Organic Tur Dal,260.0,20.0,6,208.0,1000,False,1,Zepto
Munchies,Gits Gulab Jamun Instant Dessert Mix,99.0,10.1,6,89.0,200,False,200,Zepto
Munchies,Popular Essentials Black Masoor Whole (Un-Polished),65.0,10.8,3,58.0,500,False,500,Zepto
Munchies,24 Mantra Organic Peanuts,135.0,7.4,1,125.0,500,False,500,Zepto
Munchies,Everest Hingraj Powder,90.0,10.0,2,81.0,50,False,50,Zepto
Munchies,Everest Black Pepper Powder,135.0,14.8,6,115.0,100,False,100,Zepto
Munchies,Tata Sampann Masoor Dal Stand,150.0,10.7,4,134.0,1000,False,1,Zepto
Munchies,24 Mantra Organic Besan,95.0,7.4,5,88.0,500,False,500,Zepto
Munchies,Quaker Oats,199.0,7.5,6,184.0,1000,False,1,Zepto
Munchies,Saffola Gold Refined Cooking Oil (Jar),485.0,7.4,6,449.0,2000,False,2,Zepto
Munchies,Nestle Everyday Dairy Whitener,210.0,0.0,4,210.0,400,False,400,Zepto
Munchies,24 Mantra Organic Red Poha,75.0,8.0,1,69.0,500,False,500,Zepto
Munchies,Everest Powder - Tea Masala,98.0,9.2,5,89.0,100,False,100,Zepto
Munchies,Tata Sampann Urad Dal Split,94.0,4.3,6,90.0,500,False,500,Zepto
Munchies,Popular Essentials Idli Sooji ,30.0,6.7,6,28.0,500,False,500,Zepto
Munchies,Popular Essentials Dessicated Coconut,95.0,9.5,6,86.0,200,False,200,Zepto
Munchies,Sunfeast Yippee! Mood Masala Noodles,60.0,28.3,3,43.0,260,False,260,Zepto
Munchies,Chef's Basket Durum Wheat Elbow Pasta,160.0,50.0,6,80.0,500,False,500,Zepto
Munchies,MTR Breakfast Khatta Meetha Poha Mix,25.0,20.0,6,20.0,60,False,60,Zepto
Munchies,Satyam Khobra,113.0,10.6,5,101.0,200,False,200,Zepto
Munchies,Betty Crocker Complete Pancake Mix Original,110.0,4.5,6,105.0,250,False,500,Zepto
Munchies,Borges Durum Wheat Fusilli Pasta ,250.0,0.0,3,250.0,500,False,500,Zepto
Munchies,24 Mantra Organic Green Moong Dal - Split,135.0,0.0,2,135.0,500,False,500,Zepto
Munchies,Weikfield Vanilla Flavoured Custard Powder,37.0,0.0,6,37.0,100,False,100,Zepto
Munchies,Tata Sampann Moong Dal Split,180.0,1.1,5,178.0,1000,False,200,Zepto
Munchies,Tata Sampann Kala Chana,64.0,0.0,5,64.0,500,False,500,Zepto
Munchies,Saffola Soya Chunks Mealmaker,50.0,0.0,2,50.0,200,False,200,Zepto
Munchies,24 Mantra Bura Sugar (Demerara),80.0,10.0,6,72.0,500,False,500,Zepto
Munchies,Popular Essentials Green Cardamom (Elaichi),200.0,1.0,6,198.0,50,False,50,Zepto
Munchies,Hershey's Syrup Delicious Strawberry,95.0,0.0,1,95.0,200,False,200,Zepto
Munchies,Popular Essentials Anjeer,190.0,11.1,4,169.0,100,False,100,Zepto
Munchies,Popular Essentials Mustard Seeds Rai Small,20.0,0.0,2,20.0,100,False,100,Zepto
Munchies,Weikfield Baking Powder,33.0,3.0,6,32.0,100,False,100,Zepto
Munchies,Dabur Honey Squeezy,185.0,9.7,6,167.0,225,False,225,Zepto
Munchies,Tata Sampann High Protein Kali Urad,91.0,14.3,6,78.0,500,False,500,Zepto
Munchies,Everest Kitchen King Masala,37.0,2.7,6,36.0,50,False,50,Zepto
Munchies,Chef's Basket Durum Wheat Fusilli Pasta,160.0,50.0,6,80.0,500,False,500,Zepto
Munchies,TilSona Til Oil,180.0,10.0,2,162.0,500,False,500,Zepto
Munchies,Top Ramen Chicken Noodles,60.0,10.0,1,54.0,280,False,280,Zepto
Munchies,Everest Chaat Masala,35.0,2.9,1,34.0,50,False,50,Zepto
Munchies,Keya Wonder Red Hot Chilli Flakes,89.0,10.1,2,80.0,40,False,40,Zepto
Munchies,Popular Essentials White Peas (Un-Polished),80.0,10.0,5,72.0,500,False,500,Zepto
Munchies,Ching’s Secret Chowmein Hakka Noodles Masala ,44.0,0.0,2,44.0,60,False,60,Zepto
Munchies,Dhara Filtered Groundnut Oil (Jar),1050.0,1.4,6,1035.0,5000,False,5,Zepto
Munchies,Pillsbury Choco Chip Pancake Mix,99.0,5.1,6,94.0,165,False,165,Zepto
Munchies,Hershey's Caramel Syrup,230.0,0.0,1,230.0,623,False,623,Zepto
Munchies,Pillsbury Multi Grain Atta,60.0,6.7,3,56.0,1000,False,1,Zepto
Munchies,McCain New Mini Samosa with Cheese Corn Style Filling,120.0,1.7,2,118.0,240,False,240,Zepto
Munchies,Satyam Puffed Rice Kurmura (A),43.0,0.0,6,43.0,200,False,200,Zepto
Munchies,MTR 3 Min Poha,25.0,0.0,6,25.0,60,False,60,Zepto
Munchies,Ching's Manchurian Instant Noodles,15.0,0.0,5,15.0,60,False,60,Zepto
Munchies,Everest Pav Bhaji Masala,70.0,0.0,2,70.0,100,False,100,Zepto
Munchies,Hershey's Chocolate Flavour Syrup,220.0,6.8,6,205.0,623,False,680,Zepto
Munchies,Popular Essentials Dhania (Coriander Seeds),55.0,16.4,4,46.0,200,False,200,Zepto
Munchies,24 Mantra Red Chilly Whole,70.0,7.1,1,65.0,100,False,100,Zepto
Munchies,Dabur Honey - World's No.1,120.0,0.0,6,120.0,250,False,250,Zepto
Munchies,24 Mantra Organic Puffed Rice,40.0,2.5,6,39.0,200,False,200,Zepto
Munchies,24 Mantra Organic Wheat Daliya ,48.0,2.1,2,47.0,500,False,500,Zepto
Munchies,24 Mantra Organic Ragi Flour,65.0,20.0,4,52.0,500,False,500,Zepto
Munchies,Popular Essentials Cinnamon Whole (Dalchini),35.0,5.7,6,33.0,25,False,25,Zepto
Munchies,Sundrop Super Lite Advanced - Sunflower Oil,215.0,0.0,4,215.0,1000,False,1,Zepto
Munchies,Pillsbury Atta/Godihittu - Chakki Fresh,102.0,7.8,4,94.0,2000,False,2,Zepto
Munchies,Popular Essentials Green Moong Chilka/Chilka (Un-Polished),85.0,7.1,5,79.0,500,False,500,Zepto
Munchies,Popular Essentials HMT Kolam Steam,75.0,0.0,3,75.0,1000,False,1,Zepto
Munchies,Popular Essentials Black Urad Split,80.0,10.0,4,72.0,500,False,500,Zepto
Munchies,Keya Oregano,109.0,10.1,5,98.0,9,False,9,Zepto
Munchies,Popular Essentials Pink Rajma,100.0,10.0,6,90.0,500,False,500,Zepto
Munchies,Everest Chicken Masala,74.0,2.7,6,72.0,100,False,100,Zepto
Munchies,Popular Essentials HMT Kolam Steam,370.0,10.0,6,333.0,5000,False,5,Zepto
Munchies,Everest Shahi Paneer Masala,42.0,4.8,5,40.0,50,False,50,Zepto
Munchies,Godrej Yummiez Chicken Nuggets,325.0,9.8,1,293.0,500,False,500,Zepto
Munchies,Flying Bird Vanilla Essence,35.0,2.9,6,34.0,20,False,20,Zepto
Munchies,Everest Sabji Masala,30.0,3.3,6,29.0,50,False,50,Zepto
Munchies,Popular Essentials Californian Almond,695.0,32.4,6,470.0,500,False,500,Zepto
Munchies,Cornitos Cornitos Taco Shells - 4 Inches,110.0,20.0,6,88.0,80,False,80,Zepto
Munchies,Everest Rajma Masala,33.0,3.0,5,32.0,50,False,50,Zepto
Munchies,Popular Essentials White Til,40.0,5.0,1,38.0,100,False,100,Zepto
Munchies,Amul Dark Compound Chocolate Slab,125.0,2.4,6,122.0,500,False,500,Zepto
Munchies,Mothers Recipe Papad Chana Masala,79.0,10.1,6,71.0,200,False,200,Zepto
Munchies,Ching's Schezwan Masala Instant Noodles,60.0,0.0,1,60.0,240,False,240,Zepto
Munchies,Amul Milk Compound Chocolate Slab,110.0,2.7,6,107.0,500,False,500,Zepto
Munchies,Eastern Chicken Masala,70.0,7.1,3,65.0,100,False,100,Zepto
Munchies,Popular Essentials Methi Seeds,25.0,0.0,5,25.0,100,False,100,Zepto
Munchies,Saffola Yummy Masala Noodles ,20.0,0.0,2,20.0,46,False,46,Zepto
Munchies,Cadbury Hot Chocolate,175.0,5.1,6,166.0,200,False,200,Zepto
Munchies,Ching's Chicken Chilli Masala,10.0,0.0,6,10.0,20,False,20,Zepto
Munchies,Dabur Keora water - Authentic flavour for Biryani's and Desserts,62.0,6.5,6,58.0,250,False,250,Zepto
Munchies,Popular Essentials Black Cardamom/Elaichi ,100.0,10.0,6,90.0,50,False,50,Zepto
Munchies,Popular Essentials Idli Rice,60.0,10.0,4,54.0,1000,False,1,Zepto
Munchies,Everest Chole Masala,33.0,3.0,1,32.0,50,False,50,Zepto
Munchies,Dabur Hommade Tamarind Paste,48.0,6.2,6,45.0,200,False,200,Zepto
Munchies,"""Maggi Magic Cubes, Vegetarian Masala (Free 2 Cubes Inside)""",35.0,2.9,6,34.0,48,False,48,Zepto
Munchies,Popular Essentials Cooking Soda,30.0,10.0,6,27.0,200,False,200,Zepto
Munchies,RRO Primio Refined Groundnut Oil Pet Bottle,255.0,6.3,2,239.0,1000,False,1,Zepto
Munchies,Everest Pani Puri Masala,31.0,3.2,6,30.0,50,False,50,Zepto
Munchies,Nissin Cup Noodles Tangy Tomato,50.0,10.0,2,45.0,70,False,70,Zepto
Munchies,Ching's Veg Manchurian Masala,10.0,0.0,2,10.0,20,False,20,Zepto
Munchies,Ceres Foods Fish Mustard Instant Liquid Masala,220.0,50.0,6,110.0,200,False,200,Zepto
Munchies,Everest Garam Masala,158.0,10.1,6,142.0,200,False,200,Zepto
Munchies,24 Mantra Organic Jowar Flour,70.0,7.1,6,65.0,500,False,500,Zepto
Munchies,Maggi Coconut Milkpowder,100.0,0.0,6,100.0,100,False,100,Zepto
Munchies,On1y Pepper Grinder,159.0,9.4,1,144.0,50,False,50,Zepto
Munchies,Popular Essentials Rice Flour,60.0,0.0,3,60.0,1000,False,1,Zepto
Munchies,Sunfeast Yippee! Pasta Treat - Sour Cream Onion,28.0,10.7,1,25.0,65,False,65,Zepto
Munchies,24 Mantra Organic Brown Sona Masoori Rice,95.0,0.0,6,95.0,1000,False,1,Zepto
Munchies,Happilo Premium Afghani Anjeer,365.0,29.9,2,256.0,200,False,200,Zepto
Munchies,Popular Essentials Chiroti Sooji,35.0,2.9,6,34.0,500,False,500,Zepto
Munchies,RRO Til Dil Premium Til Oil Bottle,330.0,10.9,5,294.0,1000,False,1,Zepto
Munchies,Popular Essentials Red Rajma,90.0,10.0,6,81.0,500,False,500,Zepto
Munchies,Cornitos Peanut - Premium Salted ,120.0,10.0,6,108.0,150,False,150,Zepto
Munchies,Popular Essentials Black Pepper,100.0,10.0,5,90.0,100,False,100,Zepto
Munchies,24 Mantra Organic Tur Dal - Split,130.0,7.7,6,120.0,500,False,500,Zepto
Munchies,Sugarfree Gold Low Calorie Sweetner,65.0,6.2,3,61.0,110,False,100,Zepto
Munchies,Ching's Secret Paneer Chilli Masala,10.0,0.0,2,10.0,20,False,20,Zepto
Munchies,Dabur Honey ,220.0,7.3,3,204.0,500,False,500,Zepto
Munchies,Sunfeast Yippee! Pasta Treat - Sour Cream Onion,28.0,17.9,3,23.0,65,False,65,Zepto
Munchies,Everest Tea Masala,55.0,9.1,2,50.0,50,False,50,Zepto
Munchies,Ching's Paneer Chilli Masala,44.0,0.0,4,44.0,60,False,60,Zepto
Munchies,Sunfeast YiPPee! Magic Masala Noodles,70.0,10.0,3,63.0,405,False,405,Zepto
Munchies,Everest Meat Masala Powder,74.0,9.5,3,67.0,100,False,100,Zepto
Munchies,Pillsbury Atta With Multigrains Wheat Grains,295.0,16.9,6,245.0,5000,False,5,Zepto
Munchies,Mother's Recipe Tamarind Paste,50.0,2.0,6,49.0,200,False,200,Zepto
Munchies,Quaker Oats Breakfast Cereals - With Flavour Mix Nutritious Rich Source Of Energy,49.0,8.2,6,45.0,200,False,200,Zepto
Munchies,Popular Essentials Cloves (Lavang),75.0,17.3,6,62.0,50,False,50,Zepto
Munchies,Sunfeast Yippee! Power Up Atta Noodles,96.0,15.6,6,81.0,280,False,280,Zepto
Munchies,Suhana Paneer Tikka Masala Mix,40.0,5.0,6,38.0,50,False,50,Zepto
Munchies,24 Mantra Turmeric Powder,35.0,2.9,6,34.0,100,False,100,Zepto
Munchies,24 Mantra Super Grain Quinoa,190.0,0.0,4,190.0,500,False,500,Zepto
Munchies,Everest Powder - Egg Curry Masala,40.0,2.5,6,39.0,50,False,50,Zepto
Munchies,Popular Essentials Pe Shah Jeera ,60.0,15.0,6,51.0,50,False,50,Zepto
Munchies,24 Mantra Organic Sattu Atta,95.0,0.0,6,95.0,500,False,500,Zepto
Munchies,Smith & Jones Pasta Masala,46.0,0.0,6,46.0,54,False,54,Zepto
Munchies,Weikfield Vanilla Custard Powder,142.0,9.9,3,128.0,500,False,500,Zepto
Munchies,Sugarfree Natura Low Calorie Sweetner ,300.0,10.0,3,270.0,42,False,42,Zepto
Munchies,Pillsbury Vanilla Custard Powder,37.0,2.7,6,36.0,100,False,100,Zepto
Munchies,24 Mantra Organic Rajma,145.0,0.0,6,145.0,500,False,500,Zepto
Munchies,Popular Essentials Broken Wheat/Daliya,35.0,2.9,6,34.0,500,False,500,Zepto
Munchies,Zorabian Chicken Smoked Ham,205.0,5.4,1,194.0,250,False,250,Zepto
Munchies,Smith & Jones Peri Peri Masala,99.0,0.0,6,99.0,75,False,75,Zepto
Munchies,Saffola Veggie Twist Masala Oats,195.0,12.3,2,171.0,500,False,500,Zepto
Munchies,Popular Essentials Urad Dal Split (Un-Polished),85.0,9.4,5,77.0,500,False,500,Zepto
Munchies,Weikfield Baking Powder,22.0,0.0,6,22.0,50,False,50,Zepto
Munchies,Popular Essentials Bajra Whole,65.0,13.8,6,56.0,1000,False,1,Zepto
Munchies,Weikfield Veg Jelly Crystals - Strawberry,45.0,2.2,6,44.0,90,False,90,Zepto
Munchies,Weikfield Veg Jelly Crystals - Raspberry,45.0,2.2,6,44.0,90,False,90,Zepto
Munchies,Popular Essentials Masoor Dal Split (Un-Polished),70.0,10.0,4,63.0,500,False,500,Zepto
Munchies,Popular Essentials Ajwain Whole,50.0,12.0,2,44.0,100,False,100,Zepto
Munchies,Popular Essentials Pista Salted (With Shell),470.0,21.1,5,371.0,250,False,250,Zepto
Munchies,The Bake Shop Bread Crumbs,50.0,6.0,3,47.0,400,False,400,Zepto
Munchies,Popular Essentials Horse Gram,40.0,10.0,4,36.0,500,False,500,Zepto
Munchies,Hershey's Chocolate Syrup,95.0,0.0,4,95.0,200,False,200,Zepto
Munchies,Godrej Yummiez Chilli Chicken Sausages ,160.0,10.0,3,144.0,250,False,250,Zepto
Munchies,Everest Kasuri Methi,25.0,0.0,6,25.0,25,False,25,Zepto
Munchies,Satyam Makhana,208.0,0.0,6,208.0,100,False,100,Zepto
Munchies,Everest Tandoori Chicken Masala,39.0,2.6,5,38.0,50,False,50,Zepto
Munchies,Weikfield Falooda Mix - Kesar Pista,49.0,2.0,3,48.0,200,False,200,Zepto
Munchies,Weikfield Cocoa Powder,70.0,7.1,6,65.0,50,False,50,Zepto
Munchies,Pantai Coconut Cream,150.0,4.7,4,143.0,400,False,400,Zepto
Munchies,Popular Essentials Coriander Seeds,15.0,0.0,5,15.0,50,False,50,Zepto
Munchies,Ching's Singapore Curry Instant Noodles,60.0,0.0,4,60.0,240,False,240,Zepto
Munchies,Eastern Fish Masala,48.0,2.1,5,47.0,100,False,100,Zepto
Munchies,Pillsbury Atta/Godihittu - Chakki Fresh,275.0,0.0,6,275.0,5000,False,5,Zepto
Munchies,"Oleev Smart Oil Fortified with VIT A, D, E & K (Pouch)",215.0,9.8,4,194.0,1000,False,1,Zepto
Munchies,Everest Dry Ginger Powder,75.0,9.3,4,68.0,100,False,100,Zepto
Munchies,Pillsbury Cooker Cake Mix - Choco,100.0,11.0,6,89.0,159,False,159,Zepto
Munchies,Hersheys Chocolate Almond Syrup,200.0,0.0,2,200.0,450,False,450,Zepto
Munchies,Satyam Nighties Spices  Chilli Pandi,56.0,7.1,5,52.0,100,False,100,Zepto
Munchies,Popular Essentials Popular Essential Pista Salted (With Shell),190.0,10.0,6,171.0,100,False,100,Zepto
Munchies,Godrej Yummiez Chicken Punjabi Tikka ,295.0,9.8,6,266.0,360,False,360,Zepto
Munchies,Popular Essentials Rozana Sona Masuri Raw Rice,350.0,10.9,5,312.0,5000,False,5,Zepto
Munchies,24 Mantra Mustard Oil (Cold Pressed) ,350.0,10.9,6,312.0,1000,False,1,Zepto
Munchies,24 Mantra Organic Black Pepper,170.0,7.6,6,157.0,100,False,100,Zepto
Munchies,Popular Essentials Green Moong Whole,90.0,16.7,3,75.0,500,False,500,Zepto
Munchies,24 Mantra Organic Masoor Dal - Split,95.0,7.4,6,88.0,500,False,500,Zepto
Munchies,Praakritik Organic Natural Rock Salt,60.0,6.7,3,56.0,500,False,500,Zepto
Munchies,24 Mantra Sunflower Oil (Cold Pressed) Pet Bottle,390.0,11.0,5,347.0,1000,False,1,Zepto
Munchies,"Ching's Secret Instant Noodles, Hot Garlic",60.0,0.0,4,60.0,240,False,240,Zepto
Munchies,Saffola Everyday Peppy Tomato Masala Oats,195.0,12.3,6,171.0,500,False,500,Zepto
Munchies,Dabur 100% Pure Honey - Worlds No.1,430.0,10.0,6,387.0,1000,False,1,Zepto
Munchies,Popular Essentials Star Anise,70.0,10.0,5,63.0,25,False,25,Zepto
Munchies,Ching's Secret Chicken 65 Masala - Chicken,10.0,0.0,5,10.0,20,False,20,Zepto
Munchies,Cadbury Cocoa Powder,223.0,5.4,6,211.0,150,False,150,Zepto
Munchies,Praakritik Natural Desi Gir Cow A2 Ghee,1450.0,10.0,6,1305.0,540,False,540,Zepto
Munchies,Praakritik Organic Poha,120.0,6.7,5,112.0,500,False,500,Zepto
Munchies,Praakritik Organic Natural Wild Forest Honey,160.0,6.2,4,150.0,200,False,200,Zepto
Munchies,Popular Essentials Dry Dates (Kharak),140.0,15.7,6,118.0,250,False,250,Zepto
Munchies,Popular Essentials Kashmiri Red Rajma,95.0,6.3,4,89.0,500,False,500,Zepto
Munchies,Dabur Hommade - Garlic Paste,50.0,6.0,6,47.0,200,False,200,Zepto
Munchies,Dabur 100% Pure Honey,330.0,10.0,1,297.0,400,False,400,Zepto
Munchies,Ching's Schezwan Fried Rice(Miracle Masala),44.0,0.0,5,44.0,60,False,60,Zepto
Munchies,"""Maggi Magic Cubes, Vegetarian Masala""",35.0,2.9,1,34.0,40,False,40,Zepto
Munchies,Everest Tandoori Chicken Masala,74.0,9.5,3,67.0,100,False,100,Zepto
Munchies,Popular Essentials Red Poha,45.0,4.4,6,43.0,500,False,500,Zepto
Munchies,Everest Kitchen King Masala,142.0,9.9,6,128.0,200,False,200,Zepto
Munchies,Pillsbury Oven Cake Mix - Rich Chocolate,165.0,10.9,5,147.0,285,False,285,Zepto
Munchies,Eastern Super Garam Masala,74.0,6.8,2,69.0,200,False,200,Zepto
Munchies,Maggi Magic Cubes Extra Chicken,40.0,2.5,6,39.0,48,False,48,Zepto
Munchies,Satyam Nighties Spices  Chilli Kashmiri,102.0,6.9,6,95.0,100,False,100,Zepto
Munchies,Eastern Cumin Powder,49.0,2.0,6,48.0,100,False,100,Zepto
Munchies,Popular Essentials Urad Gola White(Un-Polished),90.0,10.0,6,81.0,500,False,500,Zepto
Munchies,24 Mantra Organic Chana Dal,95.0,6.3,5,89.0,500,False,500,Zepto
Munchies,Delight Nuts Cashew Roasted & Salted,425.0,20.0,6,340.0,200,False,200,Zepto
Munchies,Popular Essentials Mace/Javitri,90.0,10.0,3,81.0,20,False,20,Zepto
Munchies,Dlicia Whip Topping Bottle,235.0,27.2,5,171.0,1000,False,1,Zepto
Munchies,Mother's Recipe Paste Ginger & Garlic,76.0,10.5,4,68.0,300,False,300,Zepto
Munchies,24 Mantra Groundnut Oil (Cold Pressed) Pet Bottle,410.0,10.0,6,369.0,1000,False,1,Zepto
Munchies,Satyam Pulses Masur Dal,87.0,6.9,6,81.0,500,False,500,Zepto
Munchies,Delight Nuts Pista Roasted & Salted,425.0,20.0,6,340.0,200,False,200,Zepto
Munchies,"Top Ramen Noodles, Atta",80.0,0.0,1,80.0,280,False,280,Zepto
Munchies,Hershey's Cocoa Powder,95.0,0.0,5,95.0,70,False,70,Zepto
Munchies,Praakritik Organic Singhara Atta,240.0,6.2,4,225.0,500,False,500,Zepto
Munchies,Gits Veg Biryani Ready to Eat,110.0,10.0,6,99.0,265,False,265,Zepto
Munchies,Delight Nuts Cranberries Sliced ,299.0,20.1,6,239.0,200,False,200,Zepto
Munchies,Borges Durum Wheat Pasta Superior Quality,250.0,40.4,6,149.0,500,False,500,Zepto
Munchies,Ceres Foods Laal Maas Instant Liquid Masala,220.0,50.0,5,110.0,200,False,200,Zepto
Munchies,Popular Essentials Sattu Atta,90.0,12.2,3,79.0,500,False,500,Zepto
Munchies,Popular Essentials Mustard Seeds Rai Yellow,25.0,0.0,5,25.0,100,False,100,Zepto
Munchies,Praakritik Organic Extra Virgin Coconut Oil,150.0,10.7,5,134.0,100,False,100,Zepto
Munchies,Praakritik Organic Garlic Powder,110.0,1.8,5,108.0,100,False,100,Zepto
Munchies,Sugarfree Gold Low Calorie Sweetner ,125.0,5.6,6,118.0,100,False,100,Zepto
Munchies,Aashirvaad Breakfast Instant Mix - Rice Idli,75.0,30.7,6,52.0,200,False,200,Zepto
Munchies,Kitchens Of India Mutter Paneer,130.0,4.6,6,124.0,285,False,285,Zepto
Munchies,Ching's Secret Veg Manchurian Masala,44.0,0.0,6,44.0,60,False,60,Zepto
Munchies,Popular Essentials Jowa Flour,50.0,2.0,5,49.0,500,False,500,Zepto
Munchies,Everest Shahi Biryani Masala,245.0,0.0,6,245.0,200,False,200,Zepto
Munchies,Popular Essentials Black Til,50.0,6.0,4,47.0,100,False,100,Zepto
Munchies,Popular Essentials Pancharatna Dal,80.0,10.0,6,72.0,500,False,500,Zepto
Munchies,Saffola 100% Pure Honey,475.0,8.0,2,437.0,1000,False,750,Zepto
Munchies,Popular Essentials Tamarind,150.0,14.7,6,128.0,500,False,500,Zepto
Munchies,Gits Rice Dosa Instant Breakfast Mix,60.0,5.0,5,57.0,200,False,200,Zepto
Munchies,Popular Essentials Poppy Seeds (Gasagase),280.0,7.1,6,260.0,100,False,100,Zepto
Munchies,Hershey's Hot Chocolate Powder,210.0,0.0,4,210.0,250,False,250,Zepto
Munchies,Borges Farfalle Durum Wheat Pasta ,250.0,0.0,5,250.0,500,False,500,Zepto
Munchies,Satyam Chilli  Bedgi,82.0,11.0,5,73.0,100,False,100,Zepto
Munchies,Aashirvaad Instant Mix - Rice Dosa,75.0,30.7,6,52.0,200,False,200,Zepto
Munchies,Hershey's Cocoa - Natural Unsweetened,270.0,10.0,4,243.0,225,False,225,Zepto
Munchies,Weikfield Veg Jelly Crystals - Mango,45.0,2.2,6,44.0,90,False,90,Zepto
Munchies,Praakritik Orrganic Cold Pressed Sesame Oil,130.0,10.0,5,117.0,100,False,100,Zepto
Munchies,Amulya Dairy Whitener ,380.0,2.1,4,372.0,1000,False,1,Zepto
Munchies,ITC Master Chef Hyderabadi Biryani,75.0,30.7,5,52.0,80,False,80,Zepto
Munchies,Flying Bird Butter Scotch Essence,50.0,2.0,6,49.0,20,False,20,Zepto
Munchies,Dabur Hommade - Ginger Paste,50.0,6.0,6,47.0,200,False,200,Zepto
Munchies,Popular Essentials Green Peas (Un-Polished),120.0,10.0,5,108.0,500,False,500,Zepto
Munchies,Quaker Oats Pouch,276.0,10.1,6,248.0,1500,False,1,Zepto
Munchies,24 Mantra Organic Urad White Whole,145.0,15.9,4,122.0,500,False,500,Zepto
Munchies,Popular Essentials Guntur Chilli Stemless,40.0,2.5,2,39.0,100,False,100,Zepto
Munchies,Popular Essentials Moth Whole,90.0,10.0,6,81.0,500,False,500,Zepto
Munchies,Keya Pizza Seasoning,109.0,17.4,6,90.0,45,False,45,Zepto
Munchies,Keya Piri Piri | Exotic Spices Mix,109.0,20.2,6,87.0,80,False,80,Zepto
Munchies,24 Mantra Organic Moong Dal,135.0,7.4,6,125.0,500,False,500,Zepto
Munchies,Betty Crocker French Vanilla Cake Mix,310.0,11.0,6,276.0,520,False,520,Zepto
Munchies,Delight Nuts Dried Cranberries ,340.0,20.0,6,272.0,200,False,200,Zepto
Munchies,Everest Kesari Milk Masala,205.0,0.0,2,205.0,50,False,50,Zepto
Munchies,Tong Garden Salted Cocktail Nuts,295.0,9.8,5,266.0,160,False,160,Zepto
Munchies,MTR Uttapam Mix,165.0,5.5,6,156.0,500,False,500,Zepto
Munchies,Gits Khaman Dhokla Instant Snack Mix,65.0,6.2,6,61.0,180,False,180,Zepto
Munchies,Happilo Premium 100% Natural Whole Cashews,335.0,29.9,6,235.0,200,False,200,Zepto
Munchies,Everest Dry Mango Powder,80.0,0.0,5,80.0,100,False,100,Zepto
Munchies,Dabur Hommade - Ginger Garlic Past Tub,110.0,5.5,6,104.0,400,False,400,Zepto
Munchies,Everest Chicken Masala,147.0,10.2,6,132.0,200,False,200,Zepto
Munchies,Gits Medu Vada Instant Snack Mix,90.0,4.4,6,86.0,200,False,200,Zepto
Munchies,Weikfield Drinking Chocolate Powder,65.0,10.8,6,58.0,100,False,100,Zepto
Munchies,Popular Essentials Regular White Lobia,70.0,10.0,6,63.0,500,False,500,Zepto
Munchies,Puro Healthy Salt Crystal,135.0,7.4,6,125.0,1000,False,1,Zepto
Munchies,Popular Essentials Premium Jeera Rice,140.0,0.0,5,140.0,1000,False,1,Zepto
Munchies,Smith & Jones Shahi Paneer Masala Mix,44.0,0.0,6,44.0,60,False,60,Zepto
Munchies,Betty Crocker Mug Treats - Chocolate Mix - Pack of 4,200.0,11.0,6,178.0,264,False,264,Zepto
Munchies,Smith & Jones Pasta Masala,60.0,10.0,5,54.0,108,False,108,Zepto
Munchies,Catch Black Pepper Sprinkler,100.0,0.0,1,100.0,50,False,50,Zepto
Munchies,Weikfield Cooker Cake Mix - Chocolate,95.0,6.3,6,89.0,150,False,150,Zepto
Munchies,ITC Master Chef Butter Chicken,75.0,30.7,6,52.0,80,False,80,Zepto
Munchies,Masala Oats Masala & Coriander ,195.0,9.7,5,176.0,500,False,500,Zepto
Munchies,Smith & Jones Mutter Paneer Masala,42.0,0.0,6,42.0,60,False,60,Zepto
Munchies,Kitchens of India Dal Bukhara Gravy Mix,110.0,30.0,6,77.0,285,False,285,Zepto
Munchies,Popular Essentials Fried Gram (Bengal Gram),70.0,10.0,6,63.0,500,False,500,Zepto
Munchies,Gits Jalebi with Maker Dessert Mix,75.0,16.0,6,63.0,100,False,100,Zepto
Munchies,Popular Essentials Soya Beans ,80.0,6.2,6,75.0,500,False,500,Zepto
Munchies,24 Mantra Organic Roasted Bengal Gram Dal,105.0,7.6,6,97.0,500,False,500,Zepto
Munchies,Keya Italian Seasoning,109.0,10.1,6,98.0,35,False,35,Zepto
Munchies,MTR Idli/Dosa/Chilly Chutney Powder,115.0,0.0,3,115.0,200,False,200,Zepto
Munchies,Delight Nuts Trail Mix ,399.0,25.1,6,299.0,200,False,200,Zepto
Munchies,Praakritik Organic Chilka Moong Dal,120.0,10.0,6,108.0,500,False,500,Zepto
Munchies,Smith & Jones Garlic & Herbs Masala Mix,99.0,0.0,6,99.0,75,False,75,Zepto
Munchies,Eastern Tamarind,63.0,0.0,6,63.0,200,False,200,Zepto
Munchies,Tong Garden Wasabi Coated Greenpeas Tin,200.0,11.0,6,178.0,180,False,180,Zepto
Munchies,Flying Bird Pineapple Artifical Food Essence,50.0,2.0,6,49.0,20,False,20,Zepto
Munchies,Mother's Recipe Tamarind Paste,50.0,2.0,2,49.0,200,False,200,Zepto
Munchies,Japanese Choice Udon Noodles,295.0,9.8,6,266.0,250,False,250,Zepto
Munchies,Pantai Coconut Milk,150.0,0.0,4,150.0,400,False,400,Zepto
Munchies,Praakritik Organic Masoor Dal,130.0,10.8,6,116.0,500,False,500,Zepto
Munchies,Popular Essentials Classic Sona Masuri Rice,430.0,10.0,6,387.0,5000,False,5,Zepto
Munchies,Popular Essentials Salted Murmure ,70.0,18.6,6,57.0,400,False,400,Zepto
Munchies,Oleev Active Oil (Pouch),265.0,9.8,6,239.0,1000,False,1,Zepto
Munchies,Delight Nuts Dried Blueberries ,540.0,20.0,6,432.0,150,False,150,Zepto
Munchies,Popular Essentials Double Beans White,60.0,10.0,6,54.0,250,False,250,Zepto
Munchies,Delight Nuts Almond Natural ,349.0,20.1,6,279.0,200,False,200,Zepto
Munchies,Praakritik Organic Jaggery,160.0,6.2,6,150.0,900,False,900,Zepto
Munchies,Praakritik Organic Raw Sugar,90.0,6.7,6,84.0,500,False,500,Zepto
Munchies,MTR Masala - Sambar Powder,115.0,0.0,4,115.0,200,False,200,Zepto
Munchies,RRO Til Dil Premium Til Oil Bottle,173.0,6.4,6,162.0,500,False,500,Zepto
Munchies,ITC Master Chef Vegetable Biryani Cooking Paste,75.0,30.7,5,52.0,80,False,80,Zepto
Munchies,Jivana Jaggery,100.0,0.0,2,100.0,950,False,950,Zepto
Munchies,Praakritik Organic Besan,170.0,6.5,6,159.0,500,False,500,Zepto
Munchies,MTR Instant Gulab Jamun Mix,195.0,9.7,6,176.0,500,False,500,Zepto
Munchies,Maggi Magic Cubes Extra Chicken,199.0,0.0,2,199.0,240,False,240,Zepto
Munchies,On1y Mixed Herbs,99.0,0.0,6,99.0,14,False,14,Zepto
Munchies,Popular Essentials Urad Gola Black (Un-Polished),80.0,10.0,6,72.0,500,False,500,Zepto
Munchies,Gits Dessert Mix China Grass Bombay Halwa,55.0,0.0,4,55.0,80,False,80,Zepto
Munchies,Praakritik Organic Basmati Rice,170.0,0.0,5,170.0,500,False,500,Zepto
Munchies,Ceres Foods Nalli Nihari Instant Liquid Masala,220.0,50.0,6,110.0,200,False,200,Zepto
Munchies,Borges Canola Oil Pet Bottle,399.0,0.0,6,399.0,1000,False,1,Zepto
Munchies,Suhana Biryani Masala,66.0,0.0,6,66.0,50,False,50,Zepto
Munchies,On1y Black Salt Grinder,99.0,0.0,6,99.0,100,False,100,Zepto
Munchies,Popular Essentials Nylon Til,40.0,2.5,6,39.0,100,False,100,Zepto
Munchies,Pillsbury Rich Choco Oven Cake Mix - Egg Free,170.0,6.5,6,159.0,270,False,270,Zepto
Munchies,Weikfield Tomato Salsa Instant Pasta,25.0,0.0,1,25.0,77,False,77,Zepto
Munchies,Praakritik Organic Jowar Atta,110.0,6.4,6,103.0,500,False,500,Zepto
Munchies,Sugarfree Gold Low Calorie Sweetner ,270.0,7.0,6,251.0,50,False,50,Zepto
Munchies,Epicurea Thai Jasmine Rice,295.0,0.0,4,295.0,500,False,500,Zepto
Munchies,Yummiez Chicken Garlic Fingers Pouch,250.0,0.0,5,250.0,400,False,400,Zepto
Munchies,RRO Primio Refined Groundnut (Jar),490.0,11.0,6,436.0,2000,False,2,Zepto
Munchies,Praakritik Organic Tuvar Dal,140.0,0.0,6,140.0,500,False,500,Zepto
Munchies,Sugarfree Gold Low Calorie Sweetner,185.0,5.4,3,175.0,300,False,300,Zepto
Munchies,Cantina Beans Mexican Beans,250.0,14.8,6,213.0,410,False,410,Zepto
Munchies,Pillsbury Oven Cake Mix - Vanilla,175.0,10.9,6,156.0,225,False,225,Zepto
Munchies,Hershey's Chocolate Milk Booster,200.0,0.0,6,200.0,450,False,450,Zepto
Munchies,Popular Essentials Byadagi Chilli Stemless,80.0,0.0,6,80.0,100,False,100,Zepto
Munchies,Suhana Spice Mix - Chicken Biryani,66.0,0.0,6,66.0,50,False,50,Zepto
Munchies,Praakritik Organic Yellow Moon Dal,135.0,0.0,6,135.0,500,False,500,Zepto
Munchies,Maggi Magic Cubes Extra Chicken,199.0,10.1,6,179.0,240,False,240,Zepto
Munchies,Dhara Filtered Groundnut Oil (Jar),1050.0,0.0,2,1050.0,5000,False,5,Zepto
Munchies,24 Mantra Sona Masuri Brown Rice,475.0,10.9,6,423.0,5000,False,5,Zepto
Munchies,24 Mantra Organic Pancharatna Dal - Split,130.0,7.7,6,120.0,500,False,500,Zepto
Munchies,24 Mantra Organic Cumin Powder,70.0,0.0,6,70.0,100,False,100,Zepto
Munchies,Popular Essentials Samba Broken Wheat,100.0,11.0,6,89.0,500,False,500,Zepto
Munchies,Betty Crocker Chocolate Fudge Cake Mix,295.0,0.0,6,295.0,475,False,475,Zepto
Munchies,Borges Extra Light Olive Oil Bottle ,2600.0,46.2,6,1399.0,2000,False,2,Zepto
Munchies,Flying Bird Premium Orange Artificial Food Essence,60.0,0.0,6,60.0,20,False,20,Zepto
Munchies,Popular Essentials Red Cherry/Gundu Chilli,95.0,0.0,6,95.0,100,False,100,Zepto
Munchies,Super Saver Kolam Rice Sortex Clean ,700.0,10.0,3,630.0,5000,False,5,Zepto
Munchies,Flying Bird Food Essence - Kewra,50.0,0.0,6,50.0,20,False,20,Zepto
Munchies,MTR Vada Breakfast,200.0,0.0,1,200.0,500,False,500,Zepto
Munchies,On1y Pasta Seasoning,99.0,0.0,6,99.0,30,False,30,Zepto
Munchies,Praakritik Organic Indrayani Rice,70.0,0.0,6,70.0,500,False,500,Zepto
Munchies,On1y Pizza Seasoning,99.0,0.0,6,99.0,28,False,28,Zepto
Munchies,Kitchens of India Mutter Paneer Mix,120.0,30.0,4,84.0,285,False,285,Zepto
Munchies,Aashirvaad Svasti Cow Ghee Tetra Pack,295.0,0.0,6,295.0,500,False,500,Zepto
Munchies,Weikfield Cooker Cake Mix - Vanilla,95.0,0.0,6,95.0,150,False,150,Zepto
Munchies,Praakritik Organic Kapli Wheat Atta,165.0,10.9,6,147.0,1000,False,1,Zepto
Munchies,Epicurea Sushi Rice,295.0,0.0,6,295.0,500,False,500,Zepto
Munchies,Sugarfree Natural Green Stevia Leaves Zero Calorie,75.0,0.0,2,75.0,100,False,100,Zepto
Munchies,Smith & Jones Italian Spices Masala Mix,99.0,0.0,6,99.0,75,False,75,Zepto
Munchies,Satyam Nighties Spices  Chilli Bore,89.0,10.1,6,80.0,100,False,100,Zepto
Munchies,Weikfield Veg Jelly Crystals - Orange,45.0,2.2,6,44.0,90,False,90,Zepto
Munchies,Praakritik Organic Jumbo Rolled Oats,190.0,11.1,6,169.0,500,False,500,Zepto
Munchies,On1y Sea Salt Grinder,89.0,0.0,6,89.0,100,False,100,Zepto
Munchies,Delight Nuts Berries Mix ,399.0,20.1,6,319.0,200,False,200,Zepto
Munchies,Everest Kesari Milk Masala,205.0,0.0,6,205.0,50,False,20,Zepto
Munchies,Praakritik Organic Ginger Powder,139.0,10.1,6,125.0,100,False,100,Zepto
Munchies,Suhana Mutton Gravy Mix,45.0,0.0,4,45.0,80,False,80,Zepto
Munchies,On1y Salad Seasoning Grinder,139.0,0.0,6,139.0,45,False,45,Zepto
Munchies,Figaro Pure Olive Oil,325.0,8.0,1,299.0,200,False,200,Zepto
"Dairy, Bread & Batter",Mother Dairy Toned Milk Pouch,25.0,0.0,4,25.0,500,False,500,Zepto
"Dairy, Bread & Batter",Mother Dairy Classic Curd,30.0,3.3,6,29.0,400,False,400,Zepto
"Dairy, Bread & Batter",Mother Dairy Ultra Full Cream Milk,31.0,0.0,4,31.0,500,False,500,Zepto
"Dairy, Bread & Batter",Amul Butter - Pasteurised,50.0,2.0,6,49.0,100,False,100,Zepto
"Dairy, Bread & Batter",Britannia Sandwich White Bread,33.0,0.0,4,33.0,350,False,350,Zepto
"Dairy, Bread & Batter",iD Curd Pouch,35.0,2.9,6,34.0,400,False,400,Zepto
"Dairy, Bread & Batter",iD Idli & Dosa Batter ,80.0,15.0,6,68.0,1000,False,1,Zepto
"Dairy, Bread & Batter",Britannia 100% Whole Wheat Bread,45.0,0.0,4,45.0,450,False,450,Zepto
"Dairy, Bread & Batter",Britannia Healthy Slice Sandwich Bread,40.0,0.0,4,40.0,450,False,450,Zepto
"Dairy, Bread & Batter",Gowardhan Classic Block Fresh Paneer,89.0,9.0,6,81.0,200,False,200,Zepto
"Dairy, Bread & Batter",Amul Processed Cheese Cubes,106.0,4.7,6,101.0,200,False,200,Zepto
"Dairy, Bread & Batter",Britannia Pav,22.0,0.0,4,22.0,250,False,250,Zepto
"Dairy, Bread & Batter",Amul Butter - Pasteurised,245.0,2.0,6,240.0,500,False,500,Zepto
"Dairy, Bread & Batter",Arden Eggs White,97.0,0.0,4,97.0,696,False,12,Zepto
"Dairy, Bread & Batter",Arden Eggs White,65.0,15.4,4,55.0,348,False,6,Zepto
"Dairy, Bread & Batter",Nestle A+ Nourish Dahi,35.0,2.9,6,34.0,200,False,200,Zepto
"Dairy, Bread & Batter",Britannia Burger Bun with Sesame Seed,15.0,0.0,4,15.0,100,False,100,Zepto
"Dairy, Bread & Batter",Amul Frozen Malai Paneer,75.0,2.7,6,73.0,200,False,200,Zepto
"Dairy, Bread & Batter",iD Natural Paneer,105.0,5.7,6,99.0,200,False,200,Zepto
"Dairy, Bread & Batter",Britannia Fruit Bun,17.0,0.0,3,17.0,100,False,100,Zepto
"Dairy, Bread & Batter",Amul Cheese - Processed Slices,122.0,1.6,6,120.0,200,False,200,Zepto
"Dairy, Bread & Batter",iD Curd Cup,60.0,0.0,6,60.0,400,False,400,Zepto
"Dairy, Bread & Batter",The Bake Shop Premium White Sandwich Bread,30.0,0.0,1,30.0,400,False,400,Zepto
"Dairy, Bread & Batter",Britannia Multigrain Bread ,55.0,0.0,4,55.0,400,False,400,Zepto
"Dairy, Bread & Batter",Amul Processed Cheese Block,106.0,0.0,6,106.0,200,False,200,Zepto
"Dairy, Bread & Batter",Nestle A+ Nourish Dahi,70.0,2.9,6,68.0,400,False,400,Zepto
"Dairy, Bread & Batter",Arden Eggs Brown,85.0,7.1,4,79.0,348,False,6,Zepto
"Dairy, Bread & Batter",Epigamia Misti Doi,30.0,0.0,6,30.0,85,False,85,Zepto
"Dairy, Bread & Batter",Amul Cheese - Block,245.0,2.0,6,240.0,500,False,500,Zepto
"Dairy, Bread & Batter",Amul Butter - Pasteurised (School Pack),59.0,3.4,6,57.0,100,False,100,Zepto
"Dairy, Bread & Batter",Britannia Brown Bread ,42.0,0.0,4,42.0,400,False,400,Zepto
"Dairy, Bread & Batter",Amul Fresh Cream,197.0,3.0,3,191.0,1000,False,1,Zepto
"Dairy, Bread & Batter",Epigamia Natural Greek Yogurt,45.0,0.0,6,45.0,90,False,90,Zepto
"Dairy, Bread & Batter",The Bake Shop Pizza Base,30.0,0.0,1,30.0,150,False,150,Zepto
"Dairy, Bread & Batter",Amul Delicious Fat Spread - Cholesterol Free,18.0,5.6,6,17.0,100,False,100,Zepto
"Dairy, Bread & Batter",D'lecta Dairy Cream,54.0,5.6,6,51.0,200,False,200,Zepto
"Dairy, Bread & Batter",Nestle A+ Actiplus Probiotic Dahi Plain Curd,78.0,3.8,5,75.0,400,False,400,Zepto
"Dairy, Bread & Batter",Bio Nutrients Pure Diet Tofu Gold ,60.0,5.0,5,57.0,200,False,200,Zepto
"Dairy, Bread & Batter",Amul Delicious Fat Spread - Cholesterol Free,88.0,2.3,2,86.0,500,False,500,Zepto
"Dairy, Bread & Batter",Amul Mithai Mate Condensed Sweetened Milk,56.0,3.6,4,54.0,200,False,200,Zepto
"Dairy, Bread & Batter",Arden Desi Eggs,110.0,13.6,4,95.0,348,False,6,Zepto
"Dairy, Bread & Batter",Amul Cheese - Pepper,85.0,3.5,6,82.0,200,False,200,Zepto
"Dairy, Bread & Batter",Amul Cheese Spread Creamy,85.0,5.9,6,80.0,180,False,180,Zepto
"Dairy, Bread & Batter",The Bake Shop Foot Long,40.0,0.0,1,40.0,200,False,200,Zepto
"Dairy, Bread & Batter",Amul Cheese Slices,360.0,0.3,1,359.0,750,False,750,Zepto
"Dairy, Bread & Batter",Suguna Sharp Egg ,72.0,13.9,3,62.0,348,False,6,Zepto
"Dairy, Bread & Batter",Amul Cheese Sauce Mexican Salsa,75.0,4.0,1,72.0,200,False,200,Zepto
"Dairy, Bread & Batter",Nestle Everyday Dairy Whitener,210.0,0.0,4,210.0,400,False,400,Zepto
"Dairy, Bread & Batter",Amul Pizza Cheese Processed,109.0,4.6,6,104.0,200,False,200,Zepto
"Dairy, Bread & Batter",Betty Crocker Complete Pancake Mix Original,110.0,4.5,6,105.0,250,False,500,Zepto
"Dairy, Bread & Batter",Amul Lite Spread,40.0,2.5,5,39.0,100,False,100,Zepto
"Dairy, Bread & Batter",Go Cheese Slice - Plain,140.0,5.0,6,133.0,200,False,200,Zepto
"Dairy, Bread & Batter",Pillsbury Choco Chip Pancake Mix,99.0,5.1,6,94.0,165,False,165,Zepto
"Dairy, Bread & Batter",RRO Sour Cream,275.0,50.2,4,137.0,200,False,200,Zepto
"Dairy, Bread & Batter",D'lecta Natural Feta Cheese Block,100.0,5.0,4,95.0,100,False,100,Zepto
"Dairy, Bread & Batter",Suguna Active - DHA,72.0,13.9,4,62.0,348,False,6,Zepto
"Dairy, Bread & Batter",Go Cheese Processed Angles Plain,100.0,5.0,6,95.0,160,False,160,Zepto
"Dairy, Bread & Batter",Epigamia Greek Yogurt - Natural,200.0,0.0,1,200.0,400,False,400,Zepto
"Dairy, Bread & Batter",Amul Unsalted Cooking Butter,245.0,2.9,6,238.0,500,False,500,Zepto
"Dairy, Bread & Batter",The Whole Truth Dark Chocolate Peanut Butter - Creamy,235.0,26.0,6,174.0,325,False,325,Zepto
"Dairy, Bread & Batter",The Laughing Cow Cheese Slices,155.0,0.0,2,155.0,200,False,200,Zepto
"Dairy, Bread & Batter",Epigamia Almond Milk Unsweetened Dairy Free,300.0,33.7,4,199.0,1000,False,1,Zepto
"Dairy, Bread & Batter",Go Cheese  Spread Plain,99.0,5.1,6,94.0,200,False,200,Zepto
"Dairy, Bread & Batter",So Good Almond Milk - Natural Unsweetened,70.0,0.0,4,70.0,200,False,200,Zepto
"Dairy, Bread & Batter",Amul Cheese Sauce Jalapeno,75.0,0.0,5,75.0,200,False,200,Zepto
"Dairy, Bread & Batter",D'lecta Cream Cheese,169.0,4.7,4,161.0,150,False,150,Zepto
"Dairy, Bread & Batter",Dlecta Natural Cheddar Slices,199.0,5.0,6,189.0,200,False,200,Zepto
"Dairy, Bread & Batter",Suguna Heart- Omega3,72.0,13.9,4,62.0,348,False,6,Zepto
"Dairy, Bread & Batter",Go Cheese Spread - Garlic,99.0,5.1,6,94.0,200,False,200,Zepto
"Dairy, Bread & Batter",Go Pizza Cheese,140.0,5.0,6,133.0,200,False,200,Zepto
"Dairy, Bread & Batter",RRO Cheddar Block Cheese,295.0,50.2,6,147.0,200,False,200,Zepto
"Dairy, Bread & Batter",The Whole Truth Peanut Butter With Dates - Creamy No Sugar,215.0,9.8,6,194.0,325,False,325,Zepto
"Dairy, Bread & Batter",Suguna Fit Egg,120.0,43.3,4,68.0,348,False,6,Zepto
"Dairy, Bread & Batter",Pantai Coconut Cream,150.0,4.7,4,143.0,400,False,400,Zepto
"Dairy, Bread & Batter",RRO Fresh Ricotta,275.0,50.2,6,137.0,200,False,200,Zepto
"Dairy, Bread & Batter",Dlecta Cheese Cubes 2,145.0,5.5,6,137.0,200,False,200,Zepto
"Dairy, Bread & Batter",RRO Mozzarella Pizza Cheese,275.0,50.2,6,137.0,200,False,200,Zepto
"Dairy, Bread & Batter",The Laughing Cow Cheese Cubes,150.0,0.0,4,150.0,200,False,200,Zepto
"Dairy, Bread & Batter",Yogabar 100% Pure Peanut Butter Creamy & Yummy Unsweetened,229.0,10.0,6,206.0,400,False,400,Zepto
"Dairy, Bread & Batter",RRO Burrata Cheese,250.0,50.0,4,125.0,200,False,200,Zepto
"Dairy, Bread & Batter",The Whole Truth Dark Chocolate Peanut Butter - Crunchy,235.0,20.0,5,188.0,325,False,325,Zepto
"Dairy, Bread & Batter",Go Cheese Processed Squares,125.0,5.6,6,118.0,200,False,200,Zepto
"Dairy, Bread & Batter",Funfoods Peanut Butter Crunchy,169.0,7.7,1,156.0,400,False,400,Zepto
"Dairy, Bread & Batter",Amul Safed Makkhan,235.0,1.3,6,232.0,500,False,500,Zepto
"Dairy, Bread & Batter",Go Cheese Spread - Four Pepper (Soft & Creamy),99.0,5.1,6,94.0,200,False,200,Zepto
"Dairy, Bread & Batter",Dlicia Whip Topping Bottle,235.0,27.2,5,171.0,1000,False,1,Zepto
"Dairy, Bread & Batter",Amulya Dairy Whitener ,380.0,2.1,4,372.0,1000,False,1,Zepto
"Dairy, Bread & Batter",Laughing Cow Cheese 8 Portion 120Gm Imported,110.0,0.0,6,110.0,120,False,120,Zepto
"Dairy, Bread & Batter",The Whole Truth Peanut Butter - Sweetened & Crunchy,215.0,20.0,6,172.0,325,False,325,Zepto
"Dairy, Bread & Batter",Go Processed Cheese Block,125.0,4.8,6,119.0,200,False,200,Zepto
"Dairy, Bread & Batter",Go Cheese Processed Block,249.0,4.8,6,237.0,400,False,400,Zepto
"Dairy, Bread & Batter",RRO Goat Milk Fetta Cheee,345.0,31.3,6,237.0,100,False,100,Zepto
"Dairy, Bread & Batter",RRO Mascarpone Cheese,355.0,50.1,6,177.0,200,False,200,Zepto
"Dairy, Bread & Batter",D'lecta Cheddar Cheese,199.0,5.0,6,189.0,200,False,200,Zepto
"Dairy, Bread & Batter",Funfoods Peanut Butter Creamy,169.0,0.0,1,169.0,400,False,400,Zepto
"Dairy, Bread & Batter",Pantai Coconut Milk,150.0,0.0,4,150.0,400,False,400,Zepto
"Dairy, Bread & Batter",Dlecta Cheese Block,145.0,0.0,6,145.0,200,False,200,Zepto
"Dairy, Bread & Batter",President Butter - Salted,54.0,0.0,6,54.0,100,False,100,Zepto
"Dairy, Bread & Batter",The Laughing Cow Plain Processed Cheese Block,150.0,0.0,6,150.0,200,False,200,Zepto
"Dairy, Bread & Batter",Yoga Bar Peanut Butter Dark Chocolate Jar,249.0,0.0,4,249.0,400,False,400,Zepto
"Dairy, Bread & Batter",The Laughing Cow Cheese Spread Plain,110.0,0.0,6,110.0,180,False,180,Zepto
Beverages,Mother Dairy Toned Milk Pouch,25.0,0.0,4,25.0,500,False,500,Zepto
Beverages,Mother Dairy Classic Curd,30.0,3.3,6,29.0,400,False,400,Zepto
Beverages,Mother Dairy Ultra Full Cream Milk,31.0,0.0,4,31.0,500,False,500,Zepto
Beverages,Amul Butter - Pasteurised,50.0,2.0,6,49.0,100,False,100,Zepto
Beverages,Britannia Sandwich White Bread,33.0,0.0,4,33.0,350,False,350,Zepto
Beverages,iD Curd Pouch,35.0,2.9,6,34.0,400,False,400,Zepto
Beverages,iD Idli & Dosa Batter ,80.0,15.0,6,68.0,1000,False,1,Zepto
Beverages,Britannia 100% Whole Wheat Bread,45.0,0.0,4,45.0,450,False,450,Zepto
Beverages,Britannia Healthy Slice Sandwich Bread,40.0,0.0,4,40.0,450,False,450,Zepto
Beverages,Gowardhan Classic Block Fresh Paneer,89.0,9.0,6,81.0,200,False,200,Zepto
Beverages,Amul Processed Cheese Cubes,106.0,4.7,6,101.0,200,False,200,Zepto
Beverages,Britannia Pav,22.0,0.0,4,22.0,250,False,250,Zepto
Beverages,Amul Butter - Pasteurised,245.0,2.0,6,240.0,500,False,500,Zepto
Beverages,Arden Eggs White,97.0,0.0,4,97.0,696,False,12,Zepto
Beverages,Arden Eggs White,65.0,15.4,4,55.0,348,False,6,Zepto
Beverages,Nestle A+ Nourish Dahi,35.0,2.9,6,34.0,200,False,200,Zepto
Beverages,Britannia Burger Bun with Sesame Seed,15.0,0.0,4,15.0,100,False,100,Zepto
Beverages,Amul Frozen Malai Paneer,75.0,2.7,6,73.0,200,False,200,Zepto
Beverages,iD Natural Paneer,105.0,5.7,6,99.0,200,False,200,Zepto
Beverages,Britannia Fruit Bun,17.0,0.0,3,17.0,100,False,100,Zepto
Beverages,Amul Cheese - Processed Slices,122.0,1.6,6,120.0,200,False,200,Zepto
Beverages,iD Curd Cup,60.0,0.0,6,60.0,400,False,400,Zepto
Beverages,The Bake Shop Premium White Sandwich Bread,30.0,0.0,1,30.0,400,False,400,Zepto
Beverages,Britannia Multigrain Bread ,55.0,0.0,4,55.0,400,False,400,Zepto
Beverages,Amul Processed Cheese Block,106.0,0.0,6,106.0,200,False,200,Zepto
Beverages,Nestle A+ Nourish Dahi,70.0,2.9,6,68.0,400,False,400,Zepto
Beverages,Arden Eggs Brown,85.0,7.1,4,79.0,348,False,6,Zepto
Beverages,Epigamia Misti Doi,30.0,0.0,6,30.0,85,False,85,Zepto
Beverages,Amul Cheese - Block,245.0,2.0,6,240.0,500,False,500,Zepto
Beverages,Amul Butter - Pasteurised (School Pack),59.0,3.4,6,57.0,100,False,100,Zepto
Beverages,Britannia Brown Bread ,42.0,0.0,4,42.0,400,False,400,Zepto
Beverages,Amul Fresh Cream,197.0,3.0,3,191.0,1000,False,1,Zepto
Beverages,Epigamia Natural Greek Yogurt,45.0,0.0,6,45.0,90,False,90,Zepto
Beverages,The Bake Shop Pizza Base,30.0,0.0,1,30.0,150,False,150,Zepto
Beverages,Amul Delicious Fat Spread - Cholesterol Free,18.0,5.6,6,17.0,100,False,100,Zepto
Beverages,D'lecta Dairy Cream,54.0,5.6,6,51.0,200,False,200,Zepto
Beverages,Nestle A+ Actiplus Probiotic Dahi Plain Curd,78.0,3.8,5,75.0,400,False,400,Zepto
Beverages,Bio Nutrients Pure Diet Tofu Gold ,60.0,5.0,5,57.0,200,False,200,Zepto
Beverages,Amul Delicious Fat Spread - Cholesterol Free,88.0,2.3,2,86.0,500,False,500,Zepto
Beverages,Amul Mithai Mate Condensed Sweetened Milk,56.0,3.6,4,54.0,200,False,200,Zepto
Beverages,Arden Desi Eggs,110.0,13.6,4,95.0,348,False,6,Zepto
Beverages,Amul Cheese - Pepper,85.0,3.5,6,82.0,200,False,200,Zepto
Beverages,Amul Cheese Spread Creamy,85.0,5.9,6,80.0,180,False,180,Zepto
Beverages,The Bake Shop Foot Long,40.0,0.0,1,40.0,200,False,200,Zepto
Beverages,Amul Cheese Slices,360.0,0.3,1,359.0,750,False,750,Zepto
Beverages,Suguna Sharp Egg ,72.0,13.9,3,62.0,348,False,6,Zepto
Beverages,Amul Cheese Sauce Mexican Salsa,75.0,4.0,1,72.0,200,False,200,Zepto
Beverages,Nestle Everyday Dairy Whitener,210.0,0.0,4,210.0,400,False,400,Zepto
Beverages,Amul Pizza Cheese Processed,109.0,4.6,6,104.0,200,False,200,Zepto
Beverages,Betty Crocker Complete Pancake Mix Original,110.0,4.5,6,105.0,250,False,500,Zepto
Beverages,Amul Lite Spread,40.0,2.5,5,39.0,100,False,100,Zepto
Beverages,Go Cheese Slice - Plain,140.0,5.0,6,133.0,200,False,200,Zepto
Beverages,Pillsbury Choco Chip Pancake Mix,99.0,5.1,6,94.0,165,False,165,Zepto
Beverages,RRO Sour Cream,275.0,50.2,4,137.0,200,False,200,Zepto
Beverages,D'lecta Natural Feta Cheese Block,100.0,5.0,4,95.0,100,False,100,Zepto
Beverages,Suguna Active - DHA,72.0,13.9,4,62.0,348,False,6,Zepto
Beverages,Go Cheese Processed Angles Plain,100.0,5.0,6,95.0,160,False,160,Zepto
Beverages,Epigamia Greek Yogurt - Natural,200.0,0.0,1,200.0,400,False,400,Zepto
Beverages,Amul Unsalted Cooking Butter,245.0,2.9,6,238.0,500,False,500,Zepto
Beverages,The Whole Truth Dark Chocolate Peanut Butter - Creamy,235.0,26.0,6,174.0,325,False,325,Zepto
Beverages,The Laughing Cow Cheese Slices,155.0,0.0,2,155.0,200,False,200,Zepto
Beverages,Epigamia Almond Milk Unsweetened Dairy Free,300.0,33.7,4,199.0,1000,False,1,Zepto
Beverages,Go Cheese  Spread Plain,99.0,5.1,6,94.0,200,False,200,Zepto
Beverages,So Good Almond Milk - Natural Unsweetened,70.0,0.0,4,70.0,200,False,200,Zepto
Beverages,Amul Cheese Sauce Jalapeno,75.0,0.0,5,75.0,200,False,200,Zepto
Beverages,D'lecta Cream Cheese,169.0,4.7,4,161.0,150,False,150,Zepto
Beverages,Dlecta Natural Cheddar Slices,199.0,5.0,6,189.0,200,False,200,Zepto
Beverages,Suguna Heart- Omega3,72.0,13.9,4,62.0,348,False,6,Zepto
Beverages,Go Cheese Spread - Garlic,99.0,5.1,6,94.0,200,False,200,Zepto
Beverages,Go Pizza Cheese,140.0,5.0,6,133.0,200,False,200,Zepto
Beverages,RRO Cheddar Block Cheese,295.0,50.2,6,147.0,200,False,200,Zepto
Beverages,The Whole Truth Peanut Butter With Dates - Creamy No Sugar,215.0,9.8,6,194.0,325,False,325,Zepto
Beverages,Suguna Fit Egg,120.0,43.3,4,68.0,348,False,6,Zepto
Beverages,Pantai Coconut Cream,150.0,4.7,4,143.0,400,False,400,Zepto
Beverages,RRO Fresh Ricotta,275.0,50.2,6,137.0,200,False,200,Zepto
Beverages,Dlecta Cheese Cubes 2,145.0,5.5,6,137.0,200,False,200,Zepto
Beverages,RRO Mozzarella Pizza Cheese,275.0,50.2,6,137.0,200,False,200,Zepto
Beverages,The Laughing Cow Cheese Cubes,150.0,0.0,4,150.0,200,False,200,Zepto
Beverages,Yogabar 100% Pure Peanut Butter Creamy & Yummy Unsweetened,229.0,10.0,6,206.0,400,False,400,Zepto
Beverages,RRO Burrata Cheese,250.0,50.0,4,125.0,200,False,200,Zepto
Beverages,The Whole Truth Dark Chocolate Peanut Butter - Crunchy,235.0,20.0,5,188.0,325,False,325,Zepto
Beverages,Go Cheese Processed Squares,125.0,5.6,6,118.0,200,False,200,Zepto
Beverages,Funfoods Peanut Butter Crunchy,169.0,7.7,1,156.0,400,False,400,Zepto
Beverages,Amul Safed Makkhan,235.0,1.3,6,232.0,500,False,500,Zepto
Beverages,Go Cheese Spread - Four Pepper (Soft & Creamy),99.0,5.1,6,94.0,200,False,200,Zepto
Beverages,Dlicia Whip Topping Bottle,235.0,27.2,5,171.0,1000,False,1,Zepto
Beverages,Amulya Dairy Whitener ,380.0,2.1,4,372.0,1000,False,1,Zepto
Beverages,Laughing Cow Cheese 8 Portion 120Gm Imported,110.0,0.0,6,110.0,120,False,120,Zepto
Beverages,The Whole Truth Peanut Butter - Sweetened & Crunchy,215.0,20.0,6,172.0,325,False,325,Zepto
Beverages,Go Processed Cheese Block,125.0,4.8,6,119.0,200,False,200,Zepto
Beverages,Go Cheese Processed Block,249.0,4.8,6,237.0,400,False,400,Zepto
Beverages,RRO Goat Milk Fetta Cheee,345.0,31.3,6,237.0,100,False,100,Zepto
Beverages,RRO Mascarpone Cheese,355.0,50.1,6,177.0,200,False,200,Zepto
Beverages,D'lecta Cheddar Cheese,199.0,5.0,6,189.0,200,False,200,Zepto
Beverages,Funfoods Peanut Butter Creamy,169.0,0.0,1,169.0,400,False,400,Zepto
Beverages,Pantai Coconut Milk,150.0,0.0,4,150.0,400,False,400,Zepto
Beverages,Dlecta Cheese Block,145.0,0.0,6,145.0,200,False,200,Zepto
Beverages,President Butter - Salted,54.0,0.0,6,54.0,100,False,100,Zepto
Beverages,The Laughing Cow Plain Processed Cheese Block,150.0,0.0,6,150.0,200,False,200,Zepto
Beverages,Yoga Bar Peanut Butter Dark Chocolate Jar,249.0,0.0,4,249.0,400,False,400,Zepto
Beverages,The Laughing Cow Cheese Spread Plain,110.0,0.0,6,110.0,180,False,180,Zepto
Packaged Food,Maggi 2 Minute Masala Noodles,12.0,0.0,6,12.0,70,False,70,Zepto
Packaged Food,iD Idli & Dosa Batter ,80.0,15.0,6,68.0,1000,False,1,Zepto
Packaged Food,iD Malabar Parota ,80.0,10.0,4,72.0,400,False,400,Zepto
Packaged Food,iD Wheat Lachha Paratha,80.0,12.5,6,70.0,400,False,400,Zepto
Packaged Food,McCain Aloo Tikki,110.0,4.5,6,105.0,400,False,400,Zepto
Packaged Food,McCain Smiles Cripsy Happy Potatoes,120.0,5.0,6,114.0,415,False,415,Zepto
Packaged Food,McCain Veggie Burger Patty,115.0,3.5,6,111.0,360,False,360,Zepto
Packaged Food,McCain Veggie Fingers,117.0,5.1,6,111.0,400,False,400,Zepto
Packaged Food,Amul Delicious Fat Spread - Cholesterol Free,18.0,5.6,6,17.0,100,False,100,Zepto
Packaged Food,Whiskas Wet  Meal (Adult - Cat Food)  Chicken in Gravy,35.0,2.9,2,34.0,85,False,85,Zepto
Packaged Food,McCain Chilli Garlic Potato Bites Crunchy Potato Nuggets,125.0,5.6,1,118.0,420,False,420,Zepto
Packaged Food,Ching's Secret Instant Hot Garlic Noodles,15.0,0.0,3,15.0,60,False,60,Zepto
Packaged Food,Veeba Eggless Mayonnaise,79.0,11.4,5,70.0,250,False,250,Zepto
Packaged Food,Ching's Secret Instant Schezwan Noodles,15.0,0.0,6,15.0,60,False,60,Zepto
Packaged Food,Veeba Pasta And Pizza Sauce,75.0,13.3,5,65.0,280,False,280,Zepto
Packaged Food,Top Ramen  Noodles Curry Veg Pouch,20.0,0.0,1,20.0,70,False,70,Zepto
Packaged Food,Saffola Veggie Twist Masala Oats,15.0,0.0,6,15.0,38,False,38,Zepto
Packaged Food,Unibic Almond & Oats Protein Bar,40.0,17.5,4,33.0,30,False,30,Zepto
Packaged Food,Quaker Oats,79.0,0.0,2,79.0,400,False,400,Zepto
Packaged Food,Amul Delicious Fat Spread - Cholesterol Free,88.0,2.3,2,86.0,500,False,500,Zepto
Packaged Food,McCain French Fries,120.0,5.0,1,114.0,420,False,420,Zepto
Packaged Food,Ching's Secret Manchow Instant Soup,10.0,0.0,1,10.0,15,False,15,Zepto
Packaged Food,McCain Potato Cheese Shotz,130.0,4.6,6,124.0,250,False,250,Zepto
Packaged Food,McCain Masala - Fries,120.0,5.0,3,114.0,375,False,375,Zepto
Packaged Food,Ching's Secret Schezwan Fried Rice Masala,15.0,0.0,6,15.0,20,False,20,Zepto
Packaged Food,McCain New Mini Samosa with Cheese Pizza Style Filling,120.0,1.7,3,118.0,240,False,240,Zepto
Packaged Food,McCain Chilli Cheesy Nuggets,130.0,4.6,1,124.0,250,False,250,Zepto
Packaged Food,"Whiskas Adult (+1 Year) Dry Cat Food, Ocean Fish Flavour",430.0,10.0,6,387.0,1200,False,1,Zepto
Packaged Food,Chings Instant Soup - Hot & Sour,10.0,0.0,1,10.0,15,False,15,Zepto
Packaged Food,Amul Spray Infant Milk Food,197.0,2.0,6,193.0,500,False,500,Zepto
Packaged Food,McCain Smiles - Pudina Chatka,120.0,5.0,3,114.0,375,False,375,Zepto
Packaged Food,McCain French Fries Crisp & Delicious,175.0,4.6,3,167.0,750,False,750,Zepto
Packaged Food,Ferrero Nutella Hazelnut Spread,220.0,5.9,2,207.0,180,False,180,Zepto
Packaged Food,Lijjat Garlic Papad,60.0,5.0,5,57.0,200,False,200,Zepto
Packaged Food,Switz Samosa Dough Sheets,90.0,4.4,6,86.0,50,False,50,Zepto
Packaged Food,Amul Cheese Spread Creamy,85.0,5.9,6,80.0,180,False,180,Zepto
Packaged Food,Maggi Imli Sauce Pichkoo,22.0,0.0,6,22.0,90,False,90,Zepto
Packaged Food,Whiskas Kitten (2-12 months) Dry Cat Food Food Ocean Fish,385.0,9.9,5,347.0,1100,False,1100,Zepto
Packaged Food,Chings Instant Soup - Sweet Corn Veg,10.0,0.0,2,10.0,15,False,15,Zepto
Packaged Food,Whiskas Wet  Meal (Kitten - Cat Food)  Chicken in Gravy,35.0,5.7,2,33.0,85,False,85,Zepto
Packaged Food,McCain Crazy Fries Masala MixHot 'n' Tangy,120.0,5.0,6,114.0,400,False,400,Zepto
Packaged Food,The Whole Truth Double Cocoa Protein Bar No Sugar,100.0,10.0,6,90.0,52,False,52,Zepto
Packaged Food,Amul Happy Treats French Fries,68.0,4.4,1,65.0,425,False,425,Zepto
Packaged Food,Ferrero Nutella Hazeulnut Spread,380.0,6.1,5,357.0,350,False,350,Zepto
Packaged Food,Veeba Chipolte Southwest Dressing,161.0,7.5,4,149.0,300,False,300,Zepto
Packaged Food,Ching's Secret Manchow Noodles Instant Soup,15.0,0.0,6,15.0,20,False,20,Zepto
Packaged Food,Yoga Bar Breakfast Protein Bar - Blueberry Pie,50.0,12.0,1,44.0,50,False,50,Zepto
Packaged Food,Quaker Oats,199.0,7.5,6,184.0,1000,False,1,Zepto
Packaged Food,The Whole Truth Mini Protein Bar - Coconut Cocoa No Added Sugar,55.0,25.5,6,41.0,27,False,27,Zepto
Packaged Food,Switz Spring Roll Dough Sheets,90.0,4.4,6,86.0,1160,False,20,Zepto
Packaged Food,Unibic Fruit & Nut Real Cranberries & Almonds Protein Bar,40.0,17.5,6,33.0,30,False,30,Zepto
Packaged Food,Ching's Secret Tomato Instant Soup,10.0,0.0,1,10.0,16,False,15,Zepto
Packaged Food,Chef's Basket Durum Wheat Elbow Pasta,160.0,50.0,6,80.0,500,False,500,Zepto
Packaged Food,Sunfeast Yippee! Mood Masala Noodles,60.0,28.3,3,43.0,260,False,260,Zepto
Packaged Food,MTR Breakfast Khatta Meetha Poha Mix,25.0,20.0,6,20.0,60,False,60,Zepto
Packaged Food,Kellogg's Crunchy Fruit & Nut Breakfast Cereals Muesli,445.0,9.9,6,401.0,750,False,750,Zepto
Packaged Food,Ching's Secret Chilli Vinegar,50.0,0.0,4,50.0,170,False,170,Zepto
Packaged Food,Ching's Red Chilli Sauce,55.0,0.0,6,55.0,200,False,200,Zepto
Packaged Food,Amul Lite Spread,40.0,2.5,5,39.0,100,False,100,Zepto
Packaged Food,Borges Durum Wheat Fusilli Pasta ,250.0,0.0,3,250.0,500,False,500,Zepto
Packaged Food,The Whole Truth Cranberry Mini Protein Bar No Sugar,55.0,20.0,6,44.0,27,False,27,Zepto
Packaged Food,The Whole Truth Mini Protein Bar - Coffee Cocoa No Added Sugar,55.0,20.0,6,44.0,27,False,27,Zepto
Packaged Food,Maggi Hot & Sweet Tomato Chilli Sauce,115.0,0.0,1,115.0,500,False,500,Zepto
Packaged Food,Sunfeast YiPPee! Noodles - Magic Masala,96.0,5.2,4,91.0,540,False,540,Zepto
Packaged Food,Chef's Basket Durum Wheat Fusilli Pasta,160.0,50.0,6,80.0,500,False,500,Zepto
Packaged Food,Top Ramen Chicken Noodles,60.0,10.0,1,54.0,280,False,280,Zepto
Packaged Food,Veeba Cheese and Chilli Sandwich Spread,89.0,11.2,6,79.0,275,False,275,Zepto
Packaged Food,Ching’s Secret Chowmein Hakka Noodles Masala ,44.0,0.0,2,44.0,60,False,60,Zepto
Packaged Food,Safal Frozen - Mixed Vegetables,110.0,4.5,2,105.0,1000,False,1,Zepto
Packaged Food,MTR 3 Min Poha,25.0,0.0,6,25.0,60,False,60,Zepto
Packaged Food,Ching's Manchurian Instant Noodles,15.0,0.0,5,15.0,60,False,60,Zepto
Packaged Food,The Whole Truth Peanut Cocoa Mini Protein Bar No Sugar ,55.0,25.5,6,41.0,27,False,27,Zepto
Packaged Food,Gits Pav Bhaji Ready to Eat,110.0,22.7,6,85.0,300,False,300,Zepto
Packaged Food,McCain New Mini Samosa with Cheese Corn Style Filling,120.0,1.7,2,118.0,240,False,240,Zepto
Packaged Food,Lijjat Udad Mini Papad,60.0,6.7,6,56.0,200,False,200,Zepto
Packaged Food,McCain Herb & Garlic Crazy Fries Masala Mix ,120.0,5.0,5,114.0,400,False,400,Zepto
Packaged Food,Yoga Bar Multigrain Energy Bar Nuts And Seeds,40.0,12.5,4,35.0,38,False,38,Zepto
Packaged Food,"Ching's Secret Sauce, Green Chilli",55.0,0.0,5,55.0,190,False,190,Zepto
Packaged Food,Veeba Pizza Topping,75.0,6.7,4,70.0,280,False,280,Zepto
Packaged Food,Switz Paratha Puff,110.0,4.5,6,105.0,400,False,400,Zepto
Packaged Food,"New Kellogg's Muesli with 21% Fruit, Nut & Seeds",325.0,6.2,6,305.0,500,False,500,Zepto
Packaged Food,The Whole Truth Double Cocoa Mini Protein Bar No Sugar,55.0,20.0,5,44.0,27,False,27,Zepto
Packaged Food,Sunfeast Yippee Tricolor Pasta Seasoning,28.0,17.9,1,23.0,65,False,65,Zepto
Packaged Food,Wingreens Cheesy Chipotle Sauce,99.0,49.5,1,50.0,130,False,130,Zepto
Packaged Food,Maggi Rich Tomato Ketchup,105.0,4.8,2,100.0,500,False,500,Zepto
Packaged Food,The Whole Truth Dark Chocolate Peanut Butter - Creamy,235.0,26.0,6,174.0,325,False,325,Zepto
Packaged Food,Godrej Yummiez Chicken Nuggets,325.0,9.8,1,293.0,500,False,500,Zepto
Packaged Food,Go Cheese  Spread Plain,99.0,5.1,6,94.0,200,False,200,Zepto
Packaged Food,Kellogg's Real Almond & Honey Corn Flakes,175.0,9.7,6,158.0,300,False,300,Zepto
Packaged Food,The Whole Truth Vegan Almond Choco Fudge Energy Bar No Sugar,60.0,20.0,6,48.0,40,False,40,Zepto
Packaged Food,Prasuma Vegetable Momos,270.0,0.0,5,270.0,24,False,24,Zepto
Packaged Food,MTR Upma,50.0,10.0,6,45.0,160,False,160,Zepto
Packaged Food,Ching's Schezwan Masala Instant Noodles,60.0,0.0,1,60.0,240,False,240,Zepto
Packaged Food,The Whole Truth Cranberry Protein Bar No Sugar,100.0,26.0,6,74.0,52,False,52,Zepto
Packaged Food,Saffola Yummy Masala Noodles ,20.0,0.0,2,20.0,46,False,46,Zepto
Packaged Food,Veeba English Mustard,74.0,6.8,2,69.0,300,False,300,Zepto
Packaged Food,Dabur Hommade Tamarind Paste,48.0,6.2,6,45.0,200,False,200,Zepto
Packaged Food,Yoga Bar Breakfast Muesli - Almond Caramel (No Added Sugar),325.0,4.9,6,309.0,400,False,400,Zepto
Packaged Food,The Whole Truth Mini Protein Bar - Peanut Butter No Added Sugar,55.0,25.5,6,41.0,27,False,27,Zepto
Packaged Food,ITC Master Chef Crispy Chicken Fries ,170.0,4.7,3,162.0,280,False,280,Zepto
Packaged Food,Kelloggs Corn Flakes,99.0,13.1,6,86.0,250,False,250,Zepto
Packaged Food,Nissin Cup Noodles Tangy Tomato,50.0,10.0,2,45.0,70,False,70,Zepto
Packaged Food,Smith & Jones White Pasta Sauce Mix,40.0,0.0,3,40.0,46,False,46,Zepto
Packaged Food,Sunfeast Yippee! Pasta Treat - Sour Cream Onion,28.0,10.7,1,25.0,65,False,65,Zepto
Packaged Food,Mothers Recipe Tamrind Date Chutney ,55.0,9.1,2,50.0,200,False,200,Zepto
Packaged Food,Veeba Mint Mayonnaise,169.0,8.3,4,155.0,300,False,300,Zepto
Packaged Food,Mccain Emotibites - Crispy Happy Potato Snack,130.0,0.8,6,129.0,415,False,415,Zepto
Packaged Food,The Whole Truth Energy Bar Choco Cranberry Fudge,60.0,26.7,6,44.0,40,False,40,Zepto
Packaged Food,Godrej Yummiez Chicken Lucknowi Seekh Kebab,260.0,10.0,4,234.0,400,False,400,Zepto
Packaged Food,Prasuma Vegetable Momos,150.0,0.0,5,150.0,580,False,10,Zepto
Packaged Food,Mother's Recipe Mixed Pickle,85.0,9.4,2,77.0,300,False,300,Zepto
Packaged Food,Sunfeast Yippee! Pasta Treat - Sour Cream Onion,28.0,17.9,3,23.0,65,False,65,Zepto
Packaged Food,The Whole Truth Peanut Cocoa Protein Bar No Sugar,100.0,26.0,6,74.0,52,False,52,Zepto
Packaged Food,Yoga Bar Breakfast Muesli - Chocolate & Cranberry ,325.0,4.9,6,309.0,400,False,400,Zepto
Packaged Food,Sunfeast YiPPee! Magic Masala Noodles,70.0,10.0,3,63.0,405,False,405,Zepto
Packaged Food,Veeba Sweet Onion Sauce,141.0,14.2,4,121.0,350,False,350,Zepto
Packaged Food,Quaker Oats Breakfast Cereals - With Flavour Mix Nutritious Rich Source Of Energy,49.0,8.2,6,45.0,200,False,200,Zepto
Packaged Food,Mother's Recipe Tamarind Paste,50.0,2.0,6,49.0,200,False,200,Zepto
Packaged Food,Yogabar No Added Sugar Protein Bar Brownie,125.0,15.2,4,106.0,60,False,60,Zepto
Packaged Food,Bambino Popular Vermicelli ,40.0,2.5,3,39.0,400,False,400,Zepto
Packaged Food,Ching's Secret Mix Veg Instant Soup,10.0,0.0,3,10.0,15,False,15,Zepto
Packaged Food,Mother's Recipe Pickle - Red Stuffed Chilli,145.0,11.0,3,129.0,400,False,400,Zepto
Packaged Food,Kellogg's No Added Sugar Muesli,335.0,11.0,6,298.0,500,False,500,Zepto
Packaged Food,Veeba Salsa Dip,119.0,6.7,6,111.0,360,False,360,Zepto
Packaged Food,Veeba Thousand Island Dressing,149.0,8.1,6,137.0,300,False,300,Zepto
Packaged Food,Baggry's Crunchy Muesli Almond Raisins & Honey,130.0,0.0,5,130.0,200,False,200,Zepto
Packaged Food,Knorr Chinese Hot And Sour Veg Soup,55.0,3.6,1,53.0,43,False,43,Zepto
Packaged Food,Go Cheese Spread - Garlic,99.0,5.1,6,94.0,200,False,200,Zepto
Packaged Food,The Whole Truth Peanut Butter With Dates - Creamy No Sugar,215.0,9.8,6,194.0,325,False,325,Zepto
Packaged Food,Zorabian Chicken Smoked Ham,205.0,5.4,1,194.0,250,False,250,Zepto
Packaged Food,Kissan Pineapple Jam,165.0,9.7,1,149.0,500,False,500,Zepto
Packaged Food,Smith & Jones Masala Noodles,89.0,0.0,5,89.0,480,False,480,Zepto
Packaged Food,Nestle Nestle Nan Pro Follow-Up Formula,650.0,0.0,6,650.0,400,False,400,Zepto
Packaged Food,Sunfeast Yippee! Power Up Atta Noodles,96.0,15.6,6,81.0,280,False,280,Zepto
Packaged Food,McCain Super Wedges,120.0,7.5,6,111.0,400,False,400,Zepto
Packaged Food,"Kellogg's Crunchy Granola Honey, Almonds, Strawberries & Pumpkin Seeds",330.0,10.9,1,294.0,450,False,450,Zepto
Packaged Food,Kellogg's Chocos,130.0,10.0,6,117.0,250,False,250,Zepto
Packaged Food,Ching's Secret Just Soak - Whole Wheat Veg Hakka Noodle,32.0,0.0,3,32.0,150,False,150,Zepto
Packaged Food,The Whole Truth Vegan Fig Apricot & Orange Energy Bar No Sugar,60.0,20.0,6,48.0,40,False,40,Zepto
Packaged Food,Saffola Veggie Twist Masala Oats,195.0,12.3,2,171.0,500,False,500,Zepto
Packaged Food,ITC Master Chef Classic Aloo Tikki,80.0,10.0,3,72.0,320,False,320,Zepto
Packaged Food,Smith & Jones Pink Pasta Sauce Mix,40.0,0.0,4,40.0,46,False,46,Zepto
Packaged Food,Wingreens Farms Chipotle Dip,200.0,25.0,1,150.0,180,False,180,Zepto
Packaged Food,Kellogg's Real Almond & Honey Corn Flakes,550.0,5.5,3,520.0,1000,False,1,Zepto
Packaged Food,Kellogg's Crunchy Granola Chocolate & Almonds,330.0,10.9,3,294.0,450,False,450,Zepto
Packaged Food,Cornitos Cornitos Taco Shells - 6 Inches,160.0,20.0,4,128.0,180,False,180,Zepto
Packaged Food,Ching's Secret Singapore Curry Instant Noodles,15.0,0.0,3,15.0,60,False,60,Zepto
Packaged Food,Mother's Recipe Pickle - Mango,125.0,9.6,6,113.0,400,False,500,Zepto
Packaged Food,Godrej Yummiez Chilli Chicken Sausages ,160.0,10.0,3,144.0,250,False,250,Zepto
Packaged Food,Pedigree Dentastix  Dog Treat Oral Care for Adult Medium Breed ,175.0,20.0,6,140.0,180,False,180,Zepto
Packaged Food,Maggi Hot & Sweet - Tomato Chilli Sauce,170.0,10.0,1,153.0,1000,False,1,Zepto
Packaged Food,Ching's Secret Asian Hot Instant Soup,15.0,0.0,3,15.0,15,False,15,Zepto
Packaged Food,Kellogg’s Chocos Protein And Fibre Of 1 Roti,499.0,11.0,6,444.0,1200,False,1,Zepto
Packaged Food,Mother's Recipe Pickle - Mango,149.0,26.8,4,109.0,500,False,500,Zepto
Packaged Food,Chings Secret Manchurian Instant Noodle,60.0,0.0,6,60.0,240,False,240,Zepto
Packaged Food,Kellogg's Original Corn Flakes,310.0,6.5,6,290.0,875,False,875,Zepto
Packaged Food,Ching's Singapore Curry Instant Noodles,60.0,0.0,4,60.0,240,False,240,Zepto
Packaged Food,Kellogg's Almonds And Cranberries Granola,330.0,6.1,6,310.0,460,False,460,Zepto
Packaged Food,Nestle Ceregrow Multigrain Cereal with Milk and Fruits - 3 to 6 years,292.0,0.0,6,292.0,300,False,300,Zepto
Packaged Food,MTR 3 Minute Breakfast - Magic Masala Upma,25.0,0.0,6,25.0,60,False,60,Zepto
Packaged Food,Smith & Jones Masala Noodles,68.0,10.3,5,61.0,360,False,360,Zepto
Packaged Food,"Knorr Classic Tomato Soup With 100% Real Vegetabls, No Added Preservatives",55.0,0.0,6,55.0,53,False,53,Zepto
Packaged Food,Godrej Yummiez Chicken Punjabi Tikka ,295.0,9.8,6,266.0,360,False,360,Zepto
Packaged Food,Kellogg's Corn Flakes,425.0,9.9,1,383.0,1000,False,1,Zepto
Packaged Food,Kelloggs Chocos,170.0,5.9,4,160.0,385,False,385,Zepto
Packaged Food,Pedigree Puppy Dry Dog Food Food Chicken & Milk,290.0,20.0,6,232.0,1200,False,1200,Zepto
Packaged Food,Ching's Secret Lemon Coriander Instant Soup,15.0,0.0,5,15.0,15,False,15,Zepto
Packaged Food,Nestle Cerelac Baby Cereal With Milk Wheat-Rice Mixed Fruit,261.0,0.0,6,261.0,300,False,300,Zepto
Packaged Food,Kelloggs Chocos - Moons & Stars,660.0,40.0,4,396.0,1200,False,1,Zepto
Packaged Food,ITC Master Chef Chicken Galouti Kebab,170.0,4.7,2,162.0,210,False,210,Zepto
Packaged Food,Yogabar 100% Pure Peanut Butter Creamy & Yummy Unsweetened,229.0,10.0,6,206.0,400,False,400,Zepto
Packaged Food,Kitchens Of India Palak Paneer,130.0,30.0,6,91.0,285,False,285,Zepto
Packaged Food,Kelloggs Chocos Fills Double Chocolat,99.0,11.1,6,88.0,175,False,175,Zepto
Packaged Food,Soulfull Ragi Bites Choco Fills,169.0,5.3,4,160.0,250,False,250,Zepto
Packaged Food,Figaro Sliced Black Olive ,179.0,0.0,6,179.0,450,False,450,Zepto
Packaged Food,Veeba Barbeque Sauce,149.0,8.1,6,137.0,330,False,330,Zepto
Packaged Food,The Whole Truth Vegan Mocha Almond Fudge Energy Bar No Sugar,60.0,20.0,6,48.0,40,False,40,Zepto
Packaged Food,"The Whole Truth - Nuts, Fruits & Seeds Muesli",325.0,20.0,6,260.0,350,False,350,Zepto
Packaged Food,Pantai Green Curry Paste,150.0,14.7,5,128.0,114,False,114,Zepto
Packaged Food,Kelloggs Special K,210.0,8.6,5,192.0,435,False,435,Zepto
Packaged Food,Moi Soi Sichuan Chilli Oil- For Stir Fry Marinade Spread & Dip,280.0,50.0,5,140.0,175,False,175,Zepto
Packaged Food,Mother's Recipe Madras Appalam,50.0,10.0,6,45.0,100,False,100,Zepto
Packaged Food,Top Ramen Masala Oat Masala,80.0,10.0,6,72.0,280,False,280,Zepto
Packaged Food,Saffola Everyday Peppy Tomato Masala Oats,195.0,12.3,6,171.0,500,False,500,Zepto
Packaged Food,"Ching's Secret Instant Noodles, Hot Garlic",60.0,0.0,4,60.0,240,False,240,Zepto
Packaged Food,Kitchens Of India Chicken Chettinad,200.0,30.0,1,140.0,285,False,285,Zepto
Packaged Food,Nestle Cerelac Wheat - Stage 1,190.0,0.0,6,190.0,300,False,300,Zepto
Packaged Food,Sumeru Aloo Paratha,119.0,5.0,6,113.0,400,False,400,Zepto
Packaged Food,ITC Master Chef Veggie Pizza Pocket,170.0,4.7,4,162.0,340,False,340,Zepto
Packaged Food,Wingreens Farms Tangy Cheese Pita Chips & Mexican Salsa Dip,60.0,15.0,1,51.0,70,False,70,Zepto
Packaged Food,Ching's Secret Manchow Soup,55.0,0.0,3,55.0,55,False,55,Zepto
Packaged Food,Veeba Carrot & Cucumber Sandwich Spread,85.0,10.6,6,76.0,250,False,250,Zepto
Packaged Food,Kellogg's Real Almond & Honey Corn Flakes,370.0,12.4,3,324.0,650,False,650,Zepto
Packaged Food,Kitchens Of India Mughlai Paneer,160.0,30.0,4,112.0,285,False,285,Zepto
Packaged Food,Ching's Secret Just Soak - Veg Hakka Noodles,30.0,0.0,5,30.0,150,False,150,Zepto
Packaged Food,Ching's Secret Chowmein Hakka Noodles Masala,60.0,10.0,2,54.0,100,False,100,Zepto
Packaged Food,The Whole Truth Dark Chocolate Peanut Butter - Crunchy,235.0,20.0,5,188.0,325,False,325,Zepto
Packaged Food,Mother's Recipe Bhel Puri Chutney,55.0,9.1,4,50.0,200,False,200,Zepto
Packaged Food,Kelloggs Chocos Moon & Stars,330.0,10.9,6,294.0,680,False,680,Zepto
Packaged Food,Mother's Recipe Lime Pickle ,120.0,5.0,1,114.0,400,False,400,Zepto
Packaged Food,Kitchens of India Dal Makhani,110.0,30.0,2,77.0,285,False,285,Zepto
Packaged Food,Pantai Light Soy Sauce,275.0,14.9,5,234.0,200,False,200,Zepto
Packaged Food,Ching's Secret Sweet Corn Soup,55.0,0.0,6,55.0,55,False,55,Zepto
Packaged Food,"Top Ramen Noodles, Atta",80.0,0.0,1,80.0,280,False,280,Zepto
Packaged Food,Cantina Tortilla Dip Sauce Sour Creamy Tex Mex,225.0,15.1,5,191.0,190,False,190,Zepto
Packaged Food,Dabur Hommade - Rajasthan Ki Garlic Chutne,65.0,6.2,6,61.0,200,False,200,Zepto
Packaged Food,MTR Seviyan Vermicelli ,42.0,0.0,2,42.0,400,False,400,Zepto
Packaged Food,Pantai Oyster Sauce,275.0,14.9,4,234.0,200,False,200,Zepto
Packaged Food,Go Cheese Spread - Four Pepper (Soft & Creamy),99.0,5.1,6,94.0,200,False,200,Zepto
Packaged Food,MTR Ready To Eat Paneer Butter Masala,135.0,9.6,2,122.0,300,False,300,Zepto
Packaged Food,Nestle Lactogen Stage 2 Follow-up Formula Powder,340.0,0.0,2,340.0,400,False,400,Zepto
Packaged Food,Kellogg's Crunchy Bites Chocos,190.0,10.0,6,171.0,375,False,375,Zepto
Packaged Food,Veeba Hot Sweet Tomato Chilli Sauce,104.0,20.2,3,83.0,500,False,500,Zepto
Packaged Food,Borges Durum Wheat Pasta Superior Quality,250.0,40.4,6,149.0,500,False,500,Zepto
Packaged Food,Funfoods Peanut Butter Crunchy,169.0,7.7,1,156.0,400,False,400,Zepto
Packaged Food,Pantai Red Curry Paste,60.0,0.0,4,60.0,50,False,50,Zepto
Packaged Food,ITC Master Chef Chicken Seekh Kabab,325.0,0.0,6,325.0,500,False,500,Zepto
Packaged Food,Del Monte Pizza & Pasta Sauce Spout Pack,99.0,0.0,3,99.0,400,False,400,Zepto
Packaged Food,Pantai Sriracha Red Chilli Sauce,225.0,15.1,6,191.0,200,False,200,Zepto
Packaged Food,Hershey's Cocoa Spread,295.0,0.0,3,295.0,350,False,350,Zepto
Packaged Food,Maggi Ghee Tadka Upma Express Pouch,25.0,0.0,6,25.0,65,False,65,Zepto
Packaged Food,Ching's Secret Manchurian Noodles,91.0,0.0,5,91.0,360,False,360,Zepto
Packaged Food,Kellogg's All Bran Wheat Flakes,220.0,6.8,5,205.0,425,False,425,Zepto
Packaged Food,Yummiez Chicken Breakfast Sausages,150.0,0.0,3,150.0,250,False,250,Zepto
Packaged Food,Pantai Red Curry Paste,150.0,14.7,3,128.0,114,False,114,Zepto
Packaged Food,Bagrrys Muesli Crunchy Fruit & Nut With Cranberries,330.0,10.0,6,297.0,400,False,400,Zepto
Packaged Food,Quaker Oats Pouch,276.0,10.1,6,248.0,1500,False,1,Zepto
Packaged Food,Prasuma Momos -  Cheesy Spicy Veg,295.0,0.0,6,295.0,24,False,24,Zepto
Packaged Food,Veeba Sriracha Chilli Garlic Sauce,149.0,8.1,5,137.0,320,False,320,Zepto
Packaged Food,Ching's Secret Just Soak - Veg Hakka Noodles,115.0,0.0,6,115.0,600,False,600,Zepto
Packaged Food,Moi Soi Kung Pao Sauce - For Stir Fry Marinade Spread & Dip,280.0,50.0,5,140.0,175,False,175,Zepto
Packaged Food,Figaro Plain Green Olive ,179.0,0.0,6,179.0,450,False,450,Zepto
Packaged Food,Mother's Recipe Gujrati Gorkeri Pickle,140.0,10.0,3,126.0,500,False,500,Zepto
Packaged Food,Kellogg's Muesli 20% Nuts Delight,320.0,0.0,6,320.0,500,False,500,Zepto
Packaged Food,Borges Farfalle Durum Wheat Pasta ,250.0,0.0,5,250.0,500,False,500,Zepto
Packaged Food,Kellogg's Chocos,299.0,10.0,4,269.0,700,False,700,Zepto
Packaged Food,Nestle Nan Pro 4 Follow Up Formula Powder For Older Infants ,620.0,0.0,1,620.0,400,False,400,Zepto
Packaged Food,Veeba Truly Tomato Ketchup,99.0,20.2,6,79.0,500,False,500,Zepto
Packaged Food,Ching's Secret Green Chilli Sauce,85.0,4.7,1,81.0,680,False,680,Zepto
Packaged Food,MTR Roasted Vermicelli ,55.0,0.0,1,55.0,400,False,400,Zepto
Packaged Food,Mother's Recipe Punjabi Teekha Mang Pickle,120.0,10.0,4,108.0,400,False,400,Zepto
Packaged Food,Ching's Secret Hot Garlic Instant Noodles,114.0,0.0,6,114.0,480,False,480,Zepto
Packaged Food,Kellogg's Real Honey Corn Flakes,290.0,7.9,5,267.0,630,False,630,Zepto
Packaged Food,ITC Master Chef Lebanese Falafel Kebab,130.0,4.6,4,124.0,230,False,230,Zepto
Packaged Food,Kelloggs Chocos Fills Double Chocolaty,185.0,10.8,5,165.0,250,False,250,Zepto
Packaged Food,Organic India Apple Cider Vinegar,595.0,9.9,2,536.0,500,False,500,Zepto
Packaged Food,Masala Oats Masala & Coriander ,195.0,9.7,5,176.0,500,False,500,Zepto
Packaged Food,Ching's Secret  Noodles - Pad Thai Lemongras,200.0,0.0,5,200.0,130,False,130,Zepto
Packaged Food,Bagrrys Fruit and Nut Muesli with Cranberries,499.0,0.0,5,499.0,750,False,750,Zepto
Packaged Food,Kitchens Of India Yellow Dal Tadka,110.0,30.0,6,77.0,285,False,285,Zepto
Packaged Food,Soulfull Vanilla Fills - Ragi Bites,169.0,5.3,6,160.0,250,False,250,Zepto
Packaged Food,Pantai Teriyaki Sauce with Garlic,325.0,15.1,6,276.0,200,False,200,Zepto
Packaged Food,Whiskas Adult Pocket Tuna Cat Food,410.0,0.0,1,410.0,1200,False,1,Zepto
Packaged Food,Kitchens Of India Chicken Darbari ,200.0,30.0,4,140.0,285,False,285,Zepto
Packaged Food,Soulfull Millet Muesli Fruit & Nut Almonds & Real Fruits,299.0,10.0,6,269.0,400,False,400,Zepto
Packaged Food,Smith & Jones Red Pasta Sauce Mix,40.0,0.0,6,40.0,46,False,46,Zepto
Packaged Food,Kellogg's Muesli Nuts Delight,425.0,9.9,3,383.0,750,False,750,Zepto
Packaged Food,Kitchens of India Dal Bukhara Gravy Mix,110.0,30.0,6,77.0,285,False,285,Zepto
Packaged Food,The Whole Truth Peanut Butter - Sweetened & Crunchy,215.0,20.0,6,172.0,325,False,325,Zepto
Packaged Food,Remia Mayonnaise,230.0,0.0,6,230.0,241,False,241,Zepto
Packaged Food,Ching's Secret Green Chilli Sauce,105.0,0.0,6,105.0,425,False,425,Zepto
Packaged Food,Bagrrys Fruit N Fibre Muesli - Strawberry,595.0,0.0,1,595.0,1000,False,1,Zepto
Packaged Food,Ching's Secret Tomato Oats Instant Soup,15.0,0.0,3,15.0,20,False,20,Zepto
Packaged Food,Kellogg's Special K Original Corn Flakes,140.0,5.0,1,133.0,290,False,290,Zepto
Packaged Food,Moi Soi  Black Bean Sauce - Dip Spread Stir Fry & Marinade,280.0,50.0,5,140.0,175,False,175,Zepto
Packaged Food,Tong Garden Wasabi Green Peas,175.0,4.6,6,167.0,150,False,150,Zepto
Packaged Food,Ching's Secret Red Chilli Sauce,105.0,0.0,4,105.0,440,False,440,Zepto
Packaged Food,Ching's Instant Hot and Sour Soup,55.0,0.0,5,55.0,55,False,55,Zepto
Packaged Food,Ching's Secret Noodles - Pad Thai Original,200.0,0.0,6,200.0,130,False,130,Zepto
Packaged Food,Aashirvaad Instant Meals - Khatta Meetha Pohaa With Millets,55.0,30.9,5,38.0,80,False,80,Zepto
Packaged Food,Del Monte Black Sliced Olives,250.0,0.0,1,250.0,450,False,450,Zepto
Packaged Food,Kitchens Of India Murgh Methi,220.0,30.0,5,154.0,285,False,285,Zepto
Packaged Food,Nestle Cerelac 5 Grains & Fruits Cereal,288.0,0.0,6,288.0,300,False,300,Zepto
Packaged Food,The Whole Truth - 5 Grain Muesli No Added Sugar,325.0,20.0,6,260.0,350,False,350,Zepto
Packaged Food,Ching's Secret  Pad Thai Noodles Green Curry,200.0,0.0,6,200.0,130,False,130,Zepto
Packaged Food,Aashirvaad Suji Halwa With Jaggery,75.0,0.0,6,75.0,70,False,70,Zepto
Packaged Food,Mother's Recipe Mango Pickle ,120.0,0.0,1,120.0,400,False,400,Zepto
Packaged Food,Ching's Secret Pad Thai Noodles - Extra Hot Thai Chilli,200.0,0.0,6,200.0,130,False,130,Zepto
Packaged Food,Kellogg's Special K Original Corn Flakes,399.0,11.0,6,355.0,900,False,900,Zepto
Packaged Food,Knorr Sweet Corn Chicken Soup,55.0,0.0,2,55.0,42,False,42,Zepto
Packaged Food,Ching's Secret Tomato Soup,55.0,0.0,6,55.0,55,False,55,Zepto
Packaged Food,Funfoods Peanut Butter Creamy,169.0,0.0,1,169.0,400,False,400,Zepto
Packaged Food,Japanese Choice Udon Noodles,295.0,9.8,6,266.0,250,False,250,Zepto
Packaged Food,Kelloggs Muesli - With 22% Fruit Magic,320.0,10.0,5,288.0,500,False,500,Zepto
Packaged Food,Dabur Hommade - Kalonji Tamatar Ki Chutney,65.0,6.2,6,61.0,200,False,200,Zepto
Packaged Food,Kitchens Of India Dal Makhani,110.0,30.0,1,77.0,285,False,285,Zepto
Packaged Food,Aashirvaad Suji Halwa With Jaggery,55.0,30.9,6,38.0,80,False,80,Zepto
Packaged Food,Del Monte Green Chili Sauce,55.0,0.0,3,55.0,190,False,190,Zepto
Packaged Food,Pedigree Dog Food Adult Chicken & Veg,660.0,10.0,1,594.0,3000,False,3,Zepto
Packaged Food,Kellogg's Original Corn Flakes,185.0,5.4,6,175.0,475,False,475,Zepto
Packaged Food,Pedigree Puppy Dry Dog Food Food Chicken & Milk,690.0,6.1,2,648.0,3000,False,3,Zepto
Packaged Food,Kitchens Of India Rajma Masala,110.0,30.0,5,77.0,285,False,285,Zepto
Packaged Food,Kitchen Of India Ready-To-Eat Pindi Channa,110.0,30.0,2,77.0,285,False,285,Zepto
Packaged Food,Figaro Pitted Black Olive ,179.0,0.0,6,179.0,450,False,450,Zepto
Packaged Food,Cantina Tabasco Red Sauce,140.0,15.0,6,119.0,60,False,60,Zepto
Packaged Food,Mother's Recipe Pickle - Mixed,149.0,26.8,6,109.0,500,False,500,Zepto
Packaged Food,Nestle Cerelac Baby Cereal with Milk 5 Grains & Vegetables from 18 to 24 Month,279.0,0.0,5,279.0,300,False,300,Zepto
Packaged Food,Mother's Recipe Tamarind Paste,50.0,2.0,2,49.0,200,False,200,Zepto
Packaged Food,Pedigree Meat Jerky Adult Dog Treat Barbecued Chicken,140.0,20.0,6,112.0,80,False,80,Zepto
Packaged Food,Veeba Peri Peri Sauce,161.0,0.0,6,161.0,300,False,300,Zepto
Packaged Food,Pantai Sriracha Yellow Chilli Sauce,225.0,15.1,6,191.0,200,False,200,Zepto
Packaged Food,Praakritik Organic Jumbo Rolled Oats,190.0,11.1,6,169.0,500,False,500,Zepto
Packaged Food,Ching's Secret Just Soak - Whole Wheat Veg Hakka Noodles,123.0,0.0,6,123.0,600,False,600,Zepto
Packaged Food,Pantai Spring Roll Sauce,275.0,10.9,6,245.0,200,False,200,Zepto
Packaged Food,MTR Vermicelli Payasam,75.0,0.0,6,75.0,180,False,180,Zepto
Packaged Food,Bagrrys Corn Flakes,350.0,0.0,6,350.0,880,False,800,Zepto
Packaged Food,MTR Ready To Eat Palak Paneer ,135.0,11.1,6,120.0,300,False,300,Zepto
Packaged Food,Del Monte Red Chili Sauce,55.0,0.0,5,55.0,190,False,190,Zepto
Packaged Food,Kitchens of India Mutter Paneer Mix,120.0,30.0,4,84.0,285,False,285,Zepto
Packaged Food,Pantai Green Curry Paste,60.0,6.7,6,56.0,50,False,50,Zepto
Packaged Food,The Laughing Cow Cheese Spread Plain,110.0,0.0,6,110.0,180,False,180,Zepto
Packaged Food,MTR Dal Fry,110.0,0.0,5,110.0,300,False,300,Zepto
Packaged Food,Pantai Fish Sauce,275.0,14.9,6,234.0,200,False,200,Zepto
Packaged Food,Cantina Beans Mexican Beans,250.0,14.8,6,213.0,410,False,410,Zepto
Packaged Food,Ching's Secret Manchurian Instant Noodle,114.0,0.0,6,114.0,480,False,480,Zepto
Packaged Food,Remia Salad Italian Dressing ,230.0,0.0,6,230.0,250,False,250,Zepto
Packaged Food,Yummiez Veg Cheese Fingers Pouch,230.0,0.0,4,230.0,400,False,400,Zepto
Packaged Food,MTR Dal Makhani,110.0,0.0,4,110.0,300,False,300,Zepto
Packaged Food,MTR Ready to Eat Pav Bhaji,110.0,0.0,6,110.0,300,False,300,Zepto
Packaged Food,Weikfield Tomato Salsa Instant Pasta,25.0,0.0,1,25.0,77,False,77,Zepto
Packaged Food,Nestlé CERELAC Baby Cereal with Milk,272.0,0.0,1,272.0,300,False,300,Zepto
Packaged Food,Remia Salad Caesar Dressing,250.0,0.0,6,250.0,250,False,250,Zepto
Packaged Food,Bagrrys Fruit N Fibre Muesli Mixed Fruit,330.0,0.0,6,330.0,500,False,500,Zepto
Packaged Food,MTR Paneer Butter Masala & Veg Pulao,175.0,9.7,4,158.0,375,False,375,Zepto
Packaged Food,Sundrop Cocoa Nut Hazelnut Chocolatey Spread,120.0,0.0,6,120.0,160,False,160,Zepto
Packaged Food,Moi Soi Manchurian Sauce - For Stir Fry Marinade Spread & Dip,280.0,50.0,6,140.0,175,False,175,Zepto
Packaged Food,Pedigree Dog Food Adult Meat & Rice,660.0,7.9,2,608.0,3000,False,3,Zepto
Packaged Food,Pantai Sriracha Green Chilli Sauce,225.0,15.1,6,191.0,200,False,200,Zepto
Packaged Food,Pantai Chilli Garlic Sauce,275.0,14.9,6,234.0,200,False,200,Zepto
Packaged Food,Pantai Dark Soy Sauce,275.0,14.9,6,234.0,200,False,200,Zepto
Packaged Food,Yoga Bar Peanut Butter Dark Chocolate Jar,249.0,0.0,4,249.0,400,False,400,Zepto
Packaged Food,Cantina Tabasco Green Sauce,140.0,15.0,6,119.0,60,False,60,Zepto
Packaged Food,Pantai Pad Thai Sauce (Non-Veg),325.0,9.8,5,293.0,200,False,200,Zepto
Packaged Food,Pantai Sweet Chilli Sauce,275.0,14.9,6,234.0,200,False,200,Zepto
Packaged Food,Ching's Secret Schezwan Instant Noodle,114.0,0.0,6,114.0,480,False,480,Zepto
Packaged Food,Yummiez Chicken Garlic Fingers Pouch,250.0,0.0,5,250.0,400,False,400,Zepto
Packaged Food,Pediasure Premium Chocolate Powdered Health Drink,610.0,0.0,2,610.0,400,False,400,Zepto
Packaged Food,Chings Secret Hot Garlic Instant Noodles,91.0,0.0,6,91.0,60,False,60,Zepto
Packaged Food,Godrej Yummiez Cheese Corn Nuggets ,230.0,0.0,4,230.0,400,False,400,Zepto
Packaged Food,Pantai Hot Chilli Sauce,275.0,14.9,6,234.0,200,False,200,Zepto
Packaged Food,Knorr International Mexican Tomato Corn Soup ,65.0,6.2,3,61.0,52,False,52,Zepto
Packaged Food,Bagrry's Fruit Fibre Muesli Mixed Fruit ,595.0,0.0,5,595.0,1000,False,1,Zepto
Packaged Food,MTR Roasted Vermicelli ,105.0,0.0,4,105.0,850,False,850,Zepto
Ice Cream & Desserts,Maggi 2 Minute Masala Noodles,12.0,0.0,6,12.0,70,False,70,Zepto
Ice Cream & Desserts,iD Idli & Dosa Batter ,80.0,15.0,6,68.0,1000,False,1,Zepto
Ice Cream & Desserts,iD Malabar Parota ,80.0,10.0,4,72.0,400,False,400,Zepto
Ice Cream & Desserts,iD Wheat Lachha Paratha,80.0,12.5,6,70.0,400,False,400,Zepto
Ice Cream & Desserts,McCain Aloo Tikki,110.0,4.5,6,105.0,400,False,400,Zepto
Ice Cream & Desserts,McCain Smiles Cripsy Happy Potatoes,120.0,5.0,6,114.0,415,False,415,Zepto
Ice Cream & Desserts,McCain Veggie Burger Patty,115.0,3.5,6,111.0,360,False,360,Zepto
Ice Cream & Desserts,McCain Veggie Fingers,117.0,5.1,6,111.0,400,False,400,Zepto
Ice Cream & Desserts,Amul Delicious Fat Spread - Cholesterol Free,18.0,5.6,6,17.0,100,False,100,Zepto
Ice Cream & Desserts,Whiskas Wet  Meal (Adult - Cat Food)  Chicken in Gravy,35.0,2.9,2,34.0,85,False,85,Zepto
Ice Cream & Desserts,McCain Chilli Garlic Potato Bites Crunchy Potato Nuggets,125.0,5.6,1,118.0,420,False,420,Zepto
Ice Cream & Desserts,Ching's Secret Instant Hot Garlic Noodles,15.0,0.0,3,15.0,60,False,60,Zepto
Ice Cream & Desserts,Veeba Eggless Mayonnaise,79.0,11.4,5,70.0,250,False,250,Zepto
Ice Cream & Desserts,Ching's Secret Instant Schezwan Noodles,15.0,0.0,6,15.0,60,False,60,Zepto
Ice Cream & Desserts,Veeba Pasta And Pizza Sauce,75.0,13.3,5,65.0,280,False,280,Zepto
Ice Cream & Desserts,Top Ramen  Noodles Curry Veg Pouch,20.0,0.0,1,20.0,70,False,70,Zepto
Ice Cream & Desserts,Saffola Veggie Twist Masala Oats,15.0,0.0,6,15.0,38,False,38,Zepto
Ice Cream & Desserts,Unibic Almond & Oats Protein Bar,40.0,17.5,4,33.0,30,False,30,Zepto
Ice Cream & Desserts,Quaker Oats,79.0,0.0,2,79.0,400,False,400,Zepto
Ice Cream & Desserts,Amul Delicious Fat Spread - Cholesterol Free,88.0,2.3,2,86.0,500,False,500,Zepto
Ice Cream & Desserts,McCain French Fries,120.0,5.0,1,114.0,420,False,420,Zepto
Ice Cream & Desserts,Ching's Secret Manchow Instant Soup,10.0,0.0,1,10.0,15,False,15,Zepto
Ice Cream & Desserts,McCain Potato Cheese Shotz,130.0,4.6,6,124.0,250,False,250,Zepto
Ice Cream & Desserts,McCain Masala - Fries,120.0,5.0,3,114.0,375,False,375,Zepto
Ice Cream & Desserts,Ching's Secret Schezwan Fried Rice Masala,15.0,0.0,6,15.0,20,False,20,Zepto
Ice Cream & Desserts,McCain New Mini Samosa with Cheese Pizza Style Filling,120.0,1.7,3,118.0,240,False,240,Zepto
Ice Cream & Desserts,McCain Chilli Cheesy Nuggets,130.0,4.6,1,124.0,250,False,250,Zepto
Ice Cream & Desserts,"Whiskas Adult (+1 Year) Dry Cat Food, Ocean Fish Flavour",430.0,10.0,6,387.0,1200,False,1,Zepto
Ice Cream & Desserts,Chings Instant Soup - Hot & Sour,10.0,0.0,1,10.0,15,False,15,Zepto
Ice Cream & Desserts,Amul Spray Infant Milk Food,197.0,2.0,6,193.0,500,False,500,Zepto
Ice Cream & Desserts,McCain Smiles - Pudina Chatka,120.0,5.0,3,114.0,375,False,375,Zepto
Ice Cream & Desserts,McCain French Fries Crisp & Delicious,175.0,4.6,3,167.0,750,False,750,Zepto
Ice Cream & Desserts,Ferrero Nutella Hazelnut Spread,220.0,5.9,2,207.0,180,False,180,Zepto
Ice Cream & Desserts,Lijjat Garlic Papad,60.0,5.0,5,57.0,200,False,200,Zepto
Ice Cream & Desserts,Switz Samosa Dough Sheets,90.0,4.4,6,86.0,50,False,50,Zepto
Ice Cream & Desserts,Amul Cheese Spread Creamy,85.0,5.9,6,80.0,180,False,180,Zepto
Ice Cream & Desserts,Maggi Imli Sauce Pichkoo,22.0,0.0,6,22.0,90,False,90,Zepto
Ice Cream & Desserts,Whiskas Kitten (2-12 months) Dry Cat Food Food Ocean Fish,385.0,9.9,5,347.0,1100,False,1100,Zepto
Ice Cream & Desserts,Chings Instant Soup - Sweet Corn Veg,10.0,0.0,2,10.0,15,False,15,Zepto
Ice Cream & Desserts,Whiskas Wet  Meal (Kitten - Cat Food)  Chicken in Gravy,35.0,5.7,2,33.0,85,False,85,Zepto
Ice Cream & Desserts,McCain Crazy Fries Masala MixHot 'n' Tangy,120.0,5.0,6,114.0,400,False,400,Zepto
Ice Cream & Desserts,The Whole Truth Double Cocoa Protein Bar No Sugar,100.0,10.0,6,90.0,52,False,52,Zepto
Ice Cream & Desserts,Amul Happy Treats French Fries,68.0,4.4,1,65.0,425,False,425,Zepto
Ice Cream & Desserts,Ferrero Nutella Hazeulnut Spread,380.0,6.1,5,357.0,350,False,350,Zepto
Ice Cream & Desserts,Veeba Chipolte Southwest Dressing,161.0,7.5,4,149.0,300,False,300,Zepto
Ice Cream & Desserts,Ching's Secret Manchow Noodles Instant Soup,15.0,0.0,6,15.0,20,False,20,Zepto
Ice Cream & Desserts,Yoga Bar Breakfast Protein Bar - Blueberry Pie,50.0,12.0,1,44.0,50,False,50,Zepto
Ice Cream & Desserts,Quaker Oats,199.0,7.5,6,184.0,1000,False,1,Zepto
Ice Cream & Desserts,The Whole Truth Mini Protein Bar - Coconut Cocoa No Added Sugar,55.0,25.5,6,41.0,27,False,27,Zepto
Ice Cream & Desserts,Switz Spring Roll Dough Sheets,90.0,4.4,6,86.0,1160,False,20,Zepto
Ice Cream & Desserts,Unibic Fruit & Nut Real Cranberries & Almonds Protein Bar,40.0,17.5,6,33.0,30,False,30,Zepto
Ice Cream & Desserts,Ching's Secret Tomato Instant Soup,10.0,0.0,1,10.0,16,False,15,Zepto
Ice Cream & Desserts,Chef's Basket Durum Wheat Elbow Pasta,160.0,50.0,6,80.0,500,False,500,Zepto
Ice Cream & Desserts,Sunfeast Yippee! Mood Masala Noodles,60.0,28.3,3,43.0,260,False,260,Zepto
Ice Cream & Desserts,MTR Breakfast Khatta Meetha Poha Mix,25.0,20.0,6,20.0,60,False,60,Zepto
Ice Cream & Desserts,Kellogg's Crunchy Fruit & Nut Breakfast Cereals Muesli,445.0,9.9,6,401.0,750,False,750,Zepto
Ice Cream & Desserts,Ching's Secret Chilli Vinegar,50.0,0.0,4,50.0,170,False,170,Zepto
Ice Cream & Desserts,Ching's Red Chilli Sauce,55.0,0.0,6,55.0,200,False,200,Zepto
Ice Cream & Desserts,Amul Lite Spread,40.0,2.5,5,39.0,100,False,100,Zepto
Ice Cream & Desserts,Borges Durum Wheat Fusilli Pasta ,250.0,0.0,3,250.0,500,False,500,Zepto
Ice Cream & Desserts,The Whole Truth Cranberry Mini Protein Bar No Sugar,55.0,20.0,6,44.0,27,False,27,Zepto
Ice Cream & Desserts,The Whole Truth Mini Protein Bar - Coffee Cocoa No Added Sugar,55.0,20.0,6,44.0,27,False,27,Zepto
Ice Cream & Desserts,Maggi Hot & Sweet Tomato Chilli Sauce,115.0,0.0,1,115.0,500,False,500,Zepto
Ice Cream & Desserts,Sunfeast YiPPee! Noodles - Magic Masala,96.0,5.2,4,91.0,540,False,540,Zepto
Ice Cream & Desserts,Chef's Basket Durum Wheat Fusilli Pasta,160.0,50.0,6,80.0,500,False,500,Zepto
Ice Cream & Desserts,Top Ramen Chicken Noodles,60.0,10.0,1,54.0,280,False,280,Zepto
Ice Cream & Desserts,Veeba Cheese and Chilli Sandwich Spread,89.0,11.2,6,79.0,275,False,275,Zepto
Ice Cream & Desserts,Ching’s Secret Chowmein Hakka Noodles Masala ,44.0,0.0,2,44.0,60,False,60,Zepto
Ice Cream & Desserts,Safal Frozen - Mixed Vegetables,110.0,4.5,2,105.0,1000,False,1,Zepto
Ice Cream & Desserts,MTR 3 Min Poha,25.0,0.0,6,25.0,60,False,60,Zepto
Ice Cream & Desserts,Ching's Manchurian Instant Noodles,15.0,0.0,5,15.0,60,False,60,Zepto
Ice Cream & Desserts,The Whole Truth Peanut Cocoa Mini Protein Bar No Sugar ,55.0,25.5,6,41.0,27,False,27,Zepto
Ice Cream & Desserts,Gits Pav Bhaji Ready to Eat,110.0,22.7,6,85.0,300,False,300,Zepto
Ice Cream & Desserts,McCain New Mini Samosa with Cheese Corn Style Filling,120.0,1.7,2,118.0,240,False,240,Zepto
Ice Cream & Desserts,Lijjat Udad Mini Papad,60.0,6.7,6,56.0,200,False,200,Zepto
Ice Cream & Desserts,McCain Herb & Garlic Crazy Fries Masala Mix ,120.0,5.0,5,114.0,400,False,400,Zepto
Ice Cream & Desserts,Yoga Bar Multigrain Energy Bar Nuts And Seeds,40.0,12.5,4,35.0,38,False,38,Zepto
Ice Cream & Desserts,"Ching's Secret Sauce, Green Chilli",55.0,0.0,5,55.0,190,False,190,Zepto
Ice Cream & Desserts,Veeba Pizza Topping,75.0,6.7,4,70.0,280,False,280,Zepto
Ice Cream & Desserts,Switz Paratha Puff,110.0,4.5,6,105.0,400,False,400,Zepto
Ice Cream & Desserts,"New Kellogg's Muesli with 21% Fruit, Nut & Seeds",325.0,6.2,6,305.0,500,False,500,Zepto
Ice Cream & Desserts,The Whole Truth Double Cocoa Mini Protein Bar No Sugar,55.0,20.0,5,44.0,27,False,27,Zepto
Ice Cream & Desserts,Sunfeast Yippee Tricolor Pasta Seasoning,28.0,17.9,1,23.0,65,False,65,Zepto
Ice Cream & Desserts,Wingreens Cheesy Chipotle Sauce,99.0,49.5,1,50.0,130,False,130,Zepto
Ice Cream & Desserts,Maggi Rich Tomato Ketchup,105.0,4.8,2,100.0,500,False,500,Zepto
Ice Cream & Desserts,The Whole Truth Dark Chocolate Peanut Butter - Creamy,235.0,26.0,6,174.0,325,False,325,Zepto
Ice Cream & Desserts,Godrej Yummiez Chicken Nuggets,325.0,9.8,1,293.0,500,False,500,Zepto
Ice Cream & Desserts,Go Cheese  Spread Plain,99.0,5.1,6,94.0,200,False,200,Zepto
Ice Cream & Desserts,Kellogg's Real Almond & Honey Corn Flakes,175.0,9.7,6,158.0,300,False,300,Zepto
Ice Cream & Desserts,The Whole Truth Vegan Almond Choco Fudge Energy Bar No Sugar,60.0,20.0,6,48.0,40,False,40,Zepto
Ice Cream & Desserts,Prasuma Vegetable Momos,270.0,0.0,5,270.0,24,False,24,Zepto
Ice Cream & Desserts,MTR Upma,50.0,10.0,6,45.0,160,False,160,Zepto
Ice Cream & Desserts,Ching's Schezwan Masala Instant Noodles,60.0,0.0,1,60.0,240,False,240,Zepto
Ice Cream & Desserts,The Whole Truth Cranberry Protein Bar No Sugar,100.0,26.0,6,74.0,52,False,52,Zepto
Ice Cream & Desserts,Saffola Yummy Masala Noodles ,20.0,0.0,2,20.0,46,False,46,Zepto
Ice Cream & Desserts,Veeba English Mustard,74.0,6.8,2,69.0,300,False,300,Zepto
Ice Cream & Desserts,Dabur Hommade Tamarind Paste,48.0,6.2,6,45.0,200,False,200,Zepto
Ice Cream & Desserts,Yoga Bar Breakfast Muesli - Almond Caramel (No Added Sugar),325.0,4.9,6,309.0,400,False,400,Zepto
Ice Cream & Desserts,The Whole Truth Mini Protein Bar - Peanut Butter No Added Sugar,55.0,25.5,6,41.0,27,False,27,Zepto
Ice Cream & Desserts,ITC Master Chef Crispy Chicken Fries ,170.0,4.7,3,162.0,280,False,280,Zepto
Ice Cream & Desserts,Kelloggs Corn Flakes,99.0,13.1,6,86.0,250,False,250,Zepto
Ice Cream & Desserts,Nissin Cup Noodles Tangy Tomato,50.0,10.0,2,45.0,70,False,70,Zepto
Ice Cream & Desserts,Smith & Jones White Pasta Sauce Mix,40.0,0.0,3,40.0,46,False,46,Zepto
Ice Cream & Desserts,Sunfeast Yippee! Pasta Treat - Sour Cream Onion,28.0,10.7,1,25.0,65,False,65,Zepto
Ice Cream & Desserts,Mothers Recipe Tamrind Date Chutney ,55.0,9.1,2,50.0,200,False,200,Zepto
Ice Cream & Desserts,Veeba Mint Mayonnaise,169.0,8.3,4,155.0,300,False,300,Zepto
Ice Cream & Desserts,Mccain Emotibites - Crispy Happy Potato Snack,130.0,0.8,6,129.0,415,False,415,Zepto
Ice Cream & Desserts,The Whole Truth Energy Bar Choco Cranberry Fudge,60.0,26.7,6,44.0,40,False,40,Zepto
Ice Cream & Desserts,Godrej Yummiez Chicken Lucknowi Seekh Kebab,260.0,10.0,4,234.0,400,False,400,Zepto
Ice Cream & Desserts,Prasuma Vegetable Momos,150.0,0.0,5,150.0,580,False,10,Zepto
Ice Cream & Desserts,Mother's Recipe Mixed Pickle,85.0,9.4,2,77.0,300,False,300,Zepto
Ice Cream & Desserts,Sunfeast Yippee! Pasta Treat - Sour Cream Onion,28.0,17.9,3,23.0,65,False,65,Zepto
Ice Cream & Desserts,The Whole Truth Peanut Cocoa Protein Bar No Sugar,100.0,26.0,6,74.0,52,False,52,Zepto
Ice Cream & Desserts,Yoga Bar Breakfast Muesli - Chocolate & Cranberry ,325.0,4.9,6,309.0,400,False,400,Zepto
Ice Cream & Desserts,Sunfeast YiPPee! Magic Masala Noodles,70.0,10.0,3,63.0,405,False,405,Zepto
Ice Cream & Desserts,Veeba Sweet Onion Sauce,141.0,14.2,4,121.0,350,False,350,Zepto
Ice Cream & Desserts,Quaker Oats Breakfast Cereals - With Flavour Mix Nutritious Rich Source Of Energy,49.0,8.2,6,45.0,200,False,200,Zepto
Ice Cream & Desserts,Mother's Recipe Tamarind Paste,50.0,2.0,6,49.0,200,False,200,Zepto
Ice Cream & Desserts,Yogabar No Added Sugar Protein Bar Brownie,125.0,15.2,4,106.0,60,False,60,Zepto
Ice Cream & Desserts,Bambino Popular Vermicelli ,40.0,2.5,3,39.0,400,False,400,Zepto
Ice Cream & Desserts,Ching's Secret Mix Veg Instant Soup,10.0,0.0,3,10.0,15,False,15,Zepto
Ice Cream & Desserts,Mother's Recipe Pickle - Red Stuffed Chilli,145.0,11.0,3,129.0,400,False,400,Zepto
Ice Cream & Desserts,Kellogg's No Added Sugar Muesli,335.0,11.0,6,298.0,500,False,500,Zepto
Ice Cream & Desserts,Veeba Salsa Dip,119.0,6.7,6,111.0,360,False,360,Zepto
Ice Cream & Desserts,Veeba Thousand Island Dressing,149.0,8.1,6,137.0,300,False,300,Zepto
Ice Cream & Desserts,Baggry's Crunchy Muesli Almond Raisins & Honey,130.0,0.0,5,130.0,200,False,200,Zepto
Ice Cream & Desserts,Knorr Chinese Hot And Sour Veg Soup,55.0,3.6,1,53.0,43,False,43,Zepto
Ice Cream & Desserts,Go Cheese Spread - Garlic,99.0,5.1,6,94.0,200,False,200,Zepto
Ice Cream & Desserts,The Whole Truth Peanut Butter With Dates - Creamy No Sugar,215.0,9.8,6,194.0,325,False,325,Zepto
Ice Cream & Desserts,Zorabian Chicken Smoked Ham,205.0,5.4,1,194.0,250,False,250,Zepto
Ice Cream & Desserts,Kissan Pineapple Jam,165.0,9.7,1,149.0,500,False,500,Zepto
Ice Cream & Desserts,Smith & Jones Masala Noodles,89.0,0.0,5,89.0,480,False,480,Zepto
Ice Cream & Desserts,Nestle Nestle Nan Pro Follow-Up Formula,650.0,0.0,6,650.0,400,False,400,Zepto
Ice Cream & Desserts,Sunfeast Yippee! Power Up Atta Noodles,96.0,15.6,6,81.0,280,False,280,Zepto
Ice Cream & Desserts,McCain Super Wedges,120.0,7.5,6,111.0,400,False,400,Zepto
Ice Cream & Desserts,"Kellogg's Crunchy Granola Honey, Almonds, Strawberries & Pumpkin Seeds",330.0,10.9,1,294.0,450,False,450,Zepto
Ice Cream & Desserts,Kellogg's Chocos,130.0,10.0,6,117.0,250,False,250,Zepto
Ice Cream & Desserts,Ching's Secret Just Soak - Whole Wheat Veg Hakka Noodle,32.0,0.0,3,32.0,150,False,150,Zepto
Ice Cream & Desserts,The Whole Truth Vegan Fig Apricot & Orange Energy Bar No Sugar,60.0,20.0,6,48.0,40,False,40,Zepto
Ice Cream & Desserts,Saffola Veggie Twist Masala Oats,195.0,12.3,2,171.0,500,False,500,Zepto
Ice Cream & Desserts,ITC Master Chef Classic Aloo Tikki,80.0,10.0,3,72.0,320,False,320,Zepto
Ice Cream & Desserts,Smith & Jones Pink Pasta Sauce Mix,40.0,0.0,4,40.0,46,False,46,Zepto
Ice Cream & Desserts,Wingreens Farms Chipotle Dip,200.0,25.0,1,150.0,180,False,180,Zepto
Ice Cream & Desserts,Kellogg's Real Almond & Honey Corn Flakes,550.0,5.5,3,520.0,1000,False,1,Zepto
Ice Cream & Desserts,Kellogg's Crunchy Granola Chocolate & Almonds,330.0,10.9,3,294.0,450,False,450,Zepto
Ice Cream & Desserts,Cornitos Cornitos Taco Shells - 6 Inches,160.0,20.0,4,128.0,180,False,180,Zepto
Ice Cream & Desserts,Ching's Secret Singapore Curry Instant Noodles,15.0,0.0,3,15.0,60,False,60,Zepto
Ice Cream & Desserts,Mother's Recipe Pickle - Mango,125.0,9.6,6,113.0,400,False,500,Zepto
Ice Cream & Desserts,Godrej Yummiez Chilli Chicken Sausages ,160.0,10.0,3,144.0,250,False,250,Zepto
Ice Cream & Desserts,Pedigree Dentastix  Dog Treat Oral Care for Adult Medium Breed ,175.0,20.0,6,140.0,180,False,180,Zepto
Ice Cream & Desserts,Maggi Hot & Sweet - Tomato Chilli Sauce,170.0,10.0,1,153.0,1000,False,1,Zepto
Ice Cream & Desserts,Ching's Secret Asian Hot Instant Soup,15.0,0.0,3,15.0,15,False,15,Zepto
Ice Cream & Desserts,Kellogg’s Chocos Protein And Fibre Of 1 Roti,499.0,11.0,6,444.0,1200,False,1,Zepto
Ice Cream & Desserts,Mother's Recipe Pickle - Mango,149.0,26.8,4,109.0,500,False,500,Zepto
Ice Cream & Desserts,Chings Secret Manchurian Instant Noodle,60.0,0.0,6,60.0,240,False,240,Zepto
Ice Cream & Desserts,Kellogg's Original Corn Flakes,310.0,6.5,6,290.0,875,False,875,Zepto
Ice Cream & Desserts,Ching's Singapore Curry Instant Noodles,60.0,0.0,4,60.0,240,False,240,Zepto
Ice Cream & Desserts,Kellogg's Almonds And Cranberries Granola,330.0,6.1,6,310.0,460,False,460,Zepto
Ice Cream & Desserts,Nestle Ceregrow Multigrain Cereal with Milk and Fruits - 3 to 6 years,292.0,0.0,6,292.0,300,False,300,Zepto
Ice Cream & Desserts,MTR 3 Minute Breakfast - Magic Masala Upma,25.0,0.0,6,25.0,60,False,60,Zepto
Ice Cream & Desserts,Smith & Jones Masala Noodles,68.0,10.3,5,61.0,360,False,360,Zepto
Ice Cream & Desserts,"Knorr Classic Tomato Soup With 100% Real Vegetabls, No Added Preservatives",55.0,0.0,6,55.0,53,False,53,Zepto
Ice Cream & Desserts,Godrej Yummiez Chicken Punjabi Tikka ,295.0,9.8,6,266.0,360,False,360,Zepto
Ice Cream & Desserts,Kellogg's Corn Flakes,425.0,9.9,1,383.0,1000,False,1,Zepto
Ice Cream & Desserts,Kelloggs Chocos,170.0,5.9,4,160.0,385,False,385,Zepto
Ice Cream & Desserts,Pedigree Puppy Dry Dog Food Food Chicken & Milk,290.0,20.0,6,232.0,1200,False,1200,Zepto
Ice Cream & Desserts,Ching's Secret Lemon Coriander Instant Soup,15.0,0.0,5,15.0,15,False,15,Zepto
Ice Cream & Desserts,Nestle Cerelac Baby Cereal With Milk Wheat-Rice Mixed Fruit,261.0,0.0,6,261.0,300,False,300,Zepto
Ice Cream & Desserts,Kelloggs Chocos - Moons & Stars,660.0,40.0,4,396.0,1200,False,1,Zepto
Ice Cream & Desserts,ITC Master Chef Chicken Galouti Kebab,170.0,4.7,2,162.0,210,False,210,Zepto
Ice Cream & Desserts,Yogabar 100% Pure Peanut Butter Creamy & Yummy Unsweetened,229.0,10.0,6,206.0,400,False,400,Zepto
Ice Cream & Desserts,Kitchens Of India Palak Paneer,130.0,30.0,6,91.0,285,False,285,Zepto
Ice Cream & Desserts,Kelloggs Chocos Fills Double Chocolat,99.0,11.1,6,88.0,175,False,175,Zepto
Ice Cream & Desserts,Soulfull Ragi Bites Choco Fills,169.0,5.3,4,160.0,250,False,250,Zepto
Ice Cream & Desserts,Figaro Sliced Black Olive ,179.0,0.0,6,179.0,450,False,450,Zepto
Ice Cream & Desserts,Veeba Barbeque Sauce,149.0,8.1,6,137.0,330,False,330,Zepto
Ice Cream & Desserts,The Whole Truth Vegan Mocha Almond Fudge Energy Bar No Sugar,60.0,20.0,6,48.0,40,False,40,Zepto
Ice Cream & Desserts,"The Whole Truth - Nuts, Fruits & Seeds Muesli",325.0,20.0,6,260.0,350,False,350,Zepto
Ice Cream & Desserts,Pantai Green Curry Paste,150.0,14.7,5,128.0,114,False,114,Zepto
Ice Cream & Desserts,Kelloggs Special K,210.0,8.6,5,192.0,435,False,435,Zepto
Ice Cream & Desserts,Moi Soi Sichuan Chilli Oil- For Stir Fry Marinade Spread & Dip,280.0,50.0,5,140.0,175,False,175,Zepto
Ice Cream & Desserts,Mother's Recipe Madras Appalam,50.0,10.0,6,45.0,100,False,100,Zepto
Ice Cream & Desserts,Top Ramen Masala Oat Masala,80.0,10.0,6,72.0,280,False,280,Zepto
Ice Cream & Desserts,Saffola Everyday Peppy Tomato Masala Oats,195.0,12.3,6,171.0,500,False,500,Zepto
Ice Cream & Desserts,"Ching's Secret Instant Noodles, Hot Garlic",60.0,0.0,4,60.0,240,False,240,Zepto
Ice Cream & Desserts,Kitchens Of India Chicken Chettinad,200.0,30.0,1,140.0,285,False,285,Zepto
Ice Cream & Desserts,Nestle Cerelac Wheat - Stage 1,190.0,0.0,6,190.0,300,False,300,Zepto
Ice Cream & Desserts,Sumeru Aloo Paratha,119.0,5.0,6,113.0,400,False,400,Zepto
Ice Cream & Desserts,ITC Master Chef Veggie Pizza Pocket,170.0,4.7,4,162.0,340,False,340,Zepto
Ice Cream & Desserts,Wingreens Farms Tangy Cheese Pita Chips & Mexican Salsa Dip,60.0,15.0,1,51.0,70,False,70,Zepto
Ice Cream & Desserts,Ching's Secret Manchow Soup,55.0,0.0,3,55.0,55,False,55,Zepto
Ice Cream & Desserts,Veeba Carrot & Cucumber Sandwich Spread,85.0,10.6,6,76.0,250,False,250,Zepto
Ice Cream & Desserts,Kellogg's Real Almond & Honey Corn Flakes,370.0,12.4,3,324.0,650,False,650,Zepto
Ice Cream & Desserts,Kitchens Of India Mughlai Paneer,160.0,30.0,4,112.0,285,False,285,Zepto
Ice Cream & Desserts,Ching's Secret Just Soak - Veg Hakka Noodles,30.0,0.0,5,30.0,150,False,150,Zepto
Ice Cream & Desserts,Ching's Secret Chowmein Hakka Noodles Masala,60.0,10.0,2,54.0,100,False,100,Zepto
Ice Cream & Desserts,The Whole Truth Dark Chocolate Peanut Butter - Crunchy,235.0,20.0,5,188.0,325,False,325,Zepto
Ice Cream & Desserts,Mother's Recipe Bhel Puri Chutney,55.0,9.1,4,50.0,200,False,200,Zepto
Ice Cream & Desserts,Kelloggs Chocos Moon & Stars,330.0,10.9,6,294.0,680,False,680,Zepto
Ice Cream & Desserts,Mother's Recipe Lime Pickle ,120.0,5.0,1,114.0,400,False,400,Zepto
Ice Cream & Desserts,Kitchens of India Dal Makhani,110.0,30.0,2,77.0,285,False,285,Zepto
Ice Cream & Desserts,Pantai Light Soy Sauce,275.0,14.9,5,234.0,200,False,200,Zepto
Ice Cream & Desserts,Ching's Secret Sweet Corn Soup,55.0,0.0,6,55.0,55,False,55,Zepto
Ice Cream & Desserts,"Top Ramen Noodles, Atta",80.0,0.0,1,80.0,280,False,280,Zepto
Ice Cream & Desserts,Cantina Tortilla Dip Sauce Sour Creamy Tex Mex,225.0,15.1,5,191.0,190,False,190,Zepto
Ice Cream & Desserts,Dabur Hommade - Rajasthan Ki Garlic Chutne,65.0,6.2,6,61.0,200,False,200,Zepto
Ice Cream & Desserts,MTR Seviyan Vermicelli ,42.0,0.0,2,42.0,400,False,400,Zepto
Ice Cream & Desserts,Pantai Oyster Sauce,275.0,14.9,4,234.0,200,False,200,Zepto
Ice Cream & Desserts,Go Cheese Spread - Four Pepper (Soft & Creamy),99.0,5.1,6,94.0,200,False,200,Zepto
Ice Cream & Desserts,MTR Ready To Eat Paneer Butter Masala,135.0,9.6,2,122.0,300,False,300,Zepto
Ice Cream & Desserts,Nestle Lactogen Stage 2 Follow-up Formula Powder,340.0,0.0,2,340.0,400,False,400,Zepto
Ice Cream & Desserts,Kellogg's Crunchy Bites Chocos,190.0,10.0,6,171.0,375,False,375,Zepto
Ice Cream & Desserts,Veeba Hot Sweet Tomato Chilli Sauce,104.0,20.2,3,83.0,500,False,500,Zepto
Ice Cream & Desserts,Borges Durum Wheat Pasta Superior Quality,250.0,40.4,6,149.0,500,False,500,Zepto
Ice Cream & Desserts,Funfoods Peanut Butter Crunchy,169.0,7.7,1,156.0,400,False,400,Zepto
Ice Cream & Desserts,Pantai Red Curry Paste,60.0,0.0,4,60.0,50,False,50,Zepto
Ice Cream & Desserts,ITC Master Chef Chicken Seekh Kabab,325.0,0.0,6,325.0,500,False,500,Zepto
Ice Cream & Desserts,Del Monte Pizza & Pasta Sauce Spout Pack,99.0,0.0,3,99.0,400,False,400,Zepto
Ice Cream & Desserts,Pantai Sriracha Red Chilli Sauce,225.0,15.1,6,191.0,200,False,200,Zepto
Ice Cream & Desserts,Hershey's Cocoa Spread,295.0,0.0,3,295.0,350,False,350,Zepto
Ice Cream & Desserts,Maggi Ghee Tadka Upma Express Pouch,25.0,0.0,6,25.0,65,False,65,Zepto
Ice Cream & Desserts,Ching's Secret Manchurian Noodles,91.0,0.0,5,91.0,360,False,360,Zepto
Ice Cream & Desserts,Kellogg's All Bran Wheat Flakes,220.0,6.8,5,205.0,425,False,425,Zepto
Ice Cream & Desserts,Yummiez Chicken Breakfast Sausages,150.0,0.0,3,150.0,250,False,250,Zepto
Ice Cream & Desserts,Pantai Red Curry Paste,150.0,14.7,3,128.0,114,False,114,Zepto
Ice Cream & Desserts,Bagrrys Muesli Crunchy Fruit & Nut With Cranberries,330.0,10.0,6,297.0,400,False,400,Zepto
Ice Cream & Desserts,Quaker Oats Pouch,276.0,10.1,6,248.0,1500,False,1,Zepto
Ice Cream & Desserts,Prasuma Momos -  Cheesy Spicy Veg,295.0,0.0,6,295.0,24,False,24,Zepto
Ice Cream & Desserts,Veeba Sriracha Chilli Garlic Sauce,149.0,8.1,5,137.0,320,False,320,Zepto
Ice Cream & Desserts,Ching's Secret Just Soak - Veg Hakka Noodles,115.0,0.0,6,115.0,600,False,600,Zepto
Ice Cream & Desserts,Moi Soi Kung Pao Sauce - For Stir Fry Marinade Spread & Dip,280.0,50.0,5,140.0,175,False,175,Zepto
Ice Cream & Desserts,Figaro Plain Green Olive ,179.0,0.0,6,179.0,450,False,450,Zepto
Ice Cream & Desserts,Mother's Recipe Gujrati Gorkeri Pickle,140.0,10.0,3,126.0,500,False,500,Zepto
Ice Cream & Desserts,Kellogg's Muesli 20% Nuts Delight,320.0,0.0,6,320.0,500,False,500,Zepto
Ice Cream & Desserts,Borges Farfalle Durum Wheat Pasta ,250.0,0.0,5,250.0,500,False,500,Zepto
Ice Cream & Desserts,Kellogg's Chocos,299.0,10.0,4,269.0,700,False,700,Zepto
Ice Cream & Desserts,Nestle Nan Pro 4 Follow Up Formula Powder For Older Infants ,620.0,0.0,1,620.0,400,False,400,Zepto
Ice Cream & Desserts,Veeba Truly Tomato Ketchup,99.0,20.2,6,79.0,500,False,500,Zepto
Ice Cream & Desserts,Ching's Secret Green Chilli Sauce,85.0,4.7,1,81.0,680,False,680,Zepto
Ice Cream & Desserts,MTR Roasted Vermicelli ,55.0,0.0,1,55.0,400,False,400,Zepto
Ice Cream & Desserts,Mother's Recipe Punjabi Teekha Mang Pickle,120.0,10.0,4,108.0,400,False,400,Zepto
Ice Cream & Desserts,Ching's Secret Hot Garlic Instant Noodles,114.0,0.0,6,114.0,480,False,480,Zepto
Ice Cream & Desserts,Kellogg's Real Honey Corn Flakes,290.0,7.9,5,267.0,630,False,630,Zepto
Ice Cream & Desserts,ITC Master Chef Lebanese Falafel Kebab,130.0,4.6,4,124.0,230,False,230,Zepto
Ice Cream & Desserts,Kelloggs Chocos Fills Double Chocolaty,185.0,10.8,5,165.0,250,False,250,Zepto
Ice Cream & Desserts,Organic India Apple Cider Vinegar,595.0,9.9,2,536.0,500,False,500,Zepto
Ice Cream & Desserts,Masala Oats Masala & Coriander ,195.0,9.7,5,176.0,500,False,500,Zepto
Ice Cream & Desserts,Ching's Secret  Noodles - Pad Thai Lemongras,200.0,0.0,5,200.0,130,False,130,Zepto
Ice Cream & Desserts,Bagrrys Fruit and Nut Muesli with Cranberries,499.0,0.0,5,499.0,750,False,750,Zepto
Ice Cream & Desserts,Kitchens Of India Yellow Dal Tadka,110.0,30.0,6,77.0,285,False,285,Zepto
Ice Cream & Desserts,Soulfull Vanilla Fills - Ragi Bites,169.0,5.3,6,160.0,250,False,250,Zepto
Ice Cream & Desserts,Pantai Teriyaki Sauce with Garlic,325.0,15.1,6,276.0,200,False,200,Zepto
Ice Cream & Desserts,Whiskas Adult Pocket Tuna Cat Food,410.0,0.0,1,410.0,1200,False,1,Zepto
Ice Cream & Desserts,Kitchens Of India Chicken Darbari ,200.0,30.0,4,140.0,285,False,285,Zepto
Ice Cream & Desserts,Soulfull Millet Muesli Fruit & Nut Almonds & Real Fruits,299.0,10.0,6,269.0,400,False,400,Zepto
Ice Cream & Desserts,Smith & Jones Red Pasta Sauce Mix,40.0,0.0,6,40.0,46,False,46,Zepto
Ice Cream & Desserts,Kellogg's Muesli Nuts Delight,425.0,9.9,3,383.0,750,False,750,Zepto
Ice Cream & Desserts,Kitchens of India Dal Bukhara Gravy Mix,110.0,30.0,6,77.0,285,False,285,Zepto
Ice Cream & Desserts,The Whole Truth Peanut Butter - Sweetened & Crunchy,215.0,20.0,6,172.0,325,False,325,Zepto
Ice Cream & Desserts,Remia Mayonnaise,230.0,0.0,6,230.0,241,False,241,Zepto
Ice Cream & Desserts,Ching's Secret Green Chilli Sauce,105.0,0.0,6,105.0,425,False,425,Zepto
Ice Cream & Desserts,Bagrrys Fruit N Fibre Muesli - Strawberry,595.0,0.0,1,595.0,1000,False,1,Zepto
Ice Cream & Desserts,Ching's Secret Tomato Oats Instant Soup,15.0,0.0,3,15.0,20,False,20,Zepto
Ice Cream & Desserts,Kellogg's Special K Original Corn Flakes,140.0,5.0,1,133.0,290,False,290,Zepto
Ice Cream & Desserts,Moi Soi  Black Bean Sauce - Dip Spread Stir Fry & Marinade,280.0,50.0,5,140.0,175,False,175,Zepto
Ice Cream & Desserts,Tong Garden Wasabi Green Peas,175.0,4.6,6,167.0,150,False,150,Zepto
Ice Cream & Desserts,Ching's Secret Red Chilli Sauce,105.0,0.0,4,105.0,440,False,440,Zepto
Ice Cream & Desserts,Ching's Instant Hot and Sour Soup,55.0,0.0,5,55.0,55,False,55,Zepto
Ice Cream & Desserts,Ching's Secret Noodles - Pad Thai Original,200.0,0.0,6,200.0,130,False,130,Zepto
Ice Cream & Desserts,Aashirvaad Instant Meals - Khatta Meetha Pohaa With Millets,55.0,30.9,5,38.0,80,False,80,Zepto
Ice Cream & Desserts,Del Monte Black Sliced Olives,250.0,0.0,1,250.0,450,False,450,Zepto
Ice Cream & Desserts,Kitchens Of India Murgh Methi,220.0,30.0,5,154.0,285,False,285,Zepto
Ice Cream & Desserts,Nestle Cerelac 5 Grains & Fruits Cereal,288.0,0.0,6,288.0,300,False,300,Zepto
Ice Cream & Desserts,The Whole Truth - 5 Grain Muesli No Added Sugar,325.0,20.0,6,260.0,350,False,350,Zepto
Ice Cream & Desserts,Ching's Secret  Pad Thai Noodles Green Curry,200.0,0.0,6,200.0,130,False,130,Zepto
Ice Cream & Desserts,Aashirvaad Suji Halwa With Jaggery,75.0,0.0,6,75.0,70,False,70,Zepto
Ice Cream & Desserts,Mother's Recipe Mango Pickle ,120.0,0.0,1,120.0,400,False,400,Zepto
Ice Cream & Desserts,Ching's Secret Pad Thai Noodles - Extra Hot Thai Chilli,200.0,0.0,6,200.0,130,False,130,Zepto
Ice Cream & Desserts,Kellogg's Special K Original Corn Flakes,399.0,11.0,6,355.0,900,False,900,Zepto
Ice Cream & Desserts,Knorr Sweet Corn Chicken Soup,55.0,0.0,2,55.0,42,False,42,Zepto
Ice Cream & Desserts,Ching's Secret Tomato Soup,55.0,0.0,6,55.0,55,False,55,Zepto
Ice Cream & Desserts,Funfoods Peanut Butter Creamy,169.0,0.0,1,169.0,400,False,400,Zepto
Ice Cream & Desserts,Japanese Choice Udon Noodles,295.0,9.8,6,266.0,250,False,250,Zepto
Ice Cream & Desserts,Kelloggs Muesli - With 22% Fruit Magic,320.0,10.0,5,288.0,500,False,500,Zepto
Ice Cream & Desserts,Dabur Hommade - Kalonji Tamatar Ki Chutney,65.0,6.2,6,61.0,200,False,200,Zepto
Ice Cream & Desserts,Kitchens Of India Dal Makhani,110.0,30.0,1,77.0,285,False,285,Zepto
Ice Cream & Desserts,Aashirvaad Suji Halwa With Jaggery,55.0,30.9,6,38.0,80,False,80,Zepto
Ice Cream & Desserts,Del Monte Green Chili Sauce,55.0,0.0,3,55.0,190,False,190,Zepto
Ice Cream & Desserts,Pedigree Dog Food Adult Chicken & Veg,660.0,10.0,1,594.0,3000,False,3,Zepto
Ice Cream & Desserts,Kellogg's Original Corn Flakes,185.0,5.4,6,175.0,475,False,475,Zepto
Ice Cream & Desserts,Pedigree Puppy Dry Dog Food Food Chicken & Milk,690.0,6.1,2,648.0,3000,False,3,Zepto
Ice Cream & Desserts,Kitchens Of India Rajma Masala,110.0,30.0,5,77.0,285,False,285,Zepto
Ice Cream & Desserts,Kitchen Of India Ready-To-Eat Pindi Channa,110.0,30.0,2,77.0,285,False,285,Zepto
Ice Cream & Desserts,Figaro Pitted Black Olive ,179.0,0.0,6,179.0,450,False,450,Zepto
Ice Cream & Desserts,Cantina Tabasco Red Sauce,140.0,15.0,6,119.0,60,False,60,Zepto
Ice Cream & Desserts,Mother's Recipe Pickle - Mixed,149.0,26.8,6,109.0,500,False,500,Zepto
Ice Cream & Desserts,Nestle Cerelac Baby Cereal with Milk 5 Grains & Vegetables from 18 to 24 Month,279.0,0.0,5,279.0,300,False,300,Zepto
Ice Cream & Desserts,Mother's Recipe Tamarind Paste,50.0,2.0,2,49.0,200,False,200,Zepto
Ice Cream & Desserts,Pedigree Meat Jerky Adult Dog Treat Barbecued Chicken,140.0,20.0,6,112.0,80,False,80,Zepto
Ice Cream & Desserts,Veeba Peri Peri Sauce,161.0,0.0,6,161.0,300,False,300,Zepto
Ice Cream & Desserts,Pantai Sriracha Yellow Chilli Sauce,225.0,15.1,6,191.0,200,False,200,Zepto
Ice Cream & Desserts,Praakritik Organic Jumbo Rolled Oats,190.0,11.1,6,169.0,500,False,500,Zepto
Ice Cream & Desserts,Ching's Secret Just Soak - Whole Wheat Veg Hakka Noodles,123.0,0.0,6,123.0,600,False,600,Zepto
Ice Cream & Desserts,Pantai Spring Roll Sauce,275.0,10.9,6,245.0,200,False,200,Zepto
Ice Cream & Desserts,MTR Vermicelli Payasam,75.0,0.0,6,75.0,180,False,180,Zepto
Ice Cream & Desserts,Bagrrys Corn Flakes,350.0,0.0,6,350.0,880,False,800,Zepto
Ice Cream & Desserts,MTR Ready To Eat Palak Paneer ,135.0,11.1,6,120.0,300,False,300,Zepto
Ice Cream & Desserts,Del Monte Red Chili Sauce,55.0,0.0,5,55.0,190,False,190,Zepto
Ice Cream & Desserts,Kitchens of India Mutter Paneer Mix,120.0,30.0,4,84.0,285,False,285,Zepto
Ice Cream & Desserts,Pantai Green Curry Paste,60.0,6.7,6,56.0,50,False,50,Zepto
Ice Cream & Desserts,The Laughing Cow Cheese Spread Plain,110.0,0.0,6,110.0,180,False,180,Zepto
Ice Cream & Desserts,MTR Dal Fry,110.0,0.0,5,110.0,300,False,300,Zepto
Ice Cream & Desserts,Pantai Fish Sauce,275.0,14.9,6,234.0,200,False,200,Zepto
Ice Cream & Desserts,Cantina Beans Mexican Beans,250.0,14.8,6,213.0,410,False,410,Zepto
Ice Cream & Desserts,Ching's Secret Manchurian Instant Noodle,114.0,0.0,6,114.0,480,False,480,Zepto
Ice Cream & Desserts,Remia Salad Italian Dressing ,230.0,0.0,6,230.0,250,False,250,Zepto
Ice Cream & Desserts,Yummiez Veg Cheese Fingers Pouch,230.0,0.0,4,230.0,400,False,400,Zepto
Ice Cream & Desserts,MTR Dal Makhani,110.0,0.0,4,110.0,300,False,300,Zepto
Ice Cream & Desserts,MTR Ready to Eat Pav Bhaji,110.0,0.0,6,110.0,300,False,300,Zepto
Ice Cream & Desserts,Weikfield Tomato Salsa Instant Pasta,25.0,0.0,1,25.0,77,False,77,Zepto
Ice Cream & Desserts,Nestlé CERELAC Baby Cereal with Milk,272.0,0.0,1,272.0,300,False,300,Zepto
Ice Cream & Desserts,Remia Salad Caesar Dressing,250.0,0.0,6,250.0,250,False,250,Zepto
Ice Cream & Desserts,Bagrrys Fruit N Fibre Muesli Mixed Fruit,330.0,0.0,6,330.0,500,False,500,Zepto
Ice Cream & Desserts,MTR Paneer Butter Masala & Veg Pulao,175.0,9.7,4,158.0,375,False,375,Zepto
Ice Cream & Desserts,Sundrop Cocoa Nut Hazelnut Chocolatey Spread,120.0,0.0,6,120.0,160,False,160,Zepto
Ice Cream & Desserts,Moi Soi Manchurian Sauce - For Stir Fry Marinade Spread & Dip,280.0,50.0,6,140.0,175,False,175,Zepto
Ice Cream & Desserts,Pedigree Dog Food Adult Meat & Rice,660.0,7.9,2,608.0,3000,False,3,Zepto
Ice Cream & Desserts,Pantai Sriracha Green Chilli Sauce,225.0,15.1,6,191.0,200,False,200,Zepto
Ice Cream & Desserts,Pantai Chilli Garlic Sauce,275.0,14.9,6,234.0,200,False,200,Zepto
Ice Cream & Desserts,Pantai Dark Soy Sauce,275.0,14.9,6,234.0,200,False,200,Zepto
Ice Cream & Desserts,Yoga Bar Peanut Butter Dark Chocolate Jar,249.0,0.0,4,249.0,400,False,400,Zepto
Ice Cream & Desserts,Cantina Tabasco Green Sauce,140.0,15.0,6,119.0,60,False,60,Zepto
Ice Cream & Desserts,Pantai Pad Thai Sauce (Non-Veg),325.0,9.8,5,293.0,200,False,200,Zepto
Ice Cream & Desserts,Pantai Sweet Chilli Sauce,275.0,14.9,6,234.0,200,False,200,Zepto
Ice Cream & Desserts,Ching's Secret Schezwan Instant Noodle,114.0,0.0,6,114.0,480,False,480,Zepto
Ice Cream & Desserts,Yummiez Chicken Garlic Fingers Pouch,250.0,0.0,5,250.0,400,False,400,Zepto
Ice Cream & Desserts,Pediasure Premium Chocolate Powdered Health Drink,610.0,0.0,2,610.0,400,False,400,Zepto
Ice Cream & Desserts,Chings Secret Hot Garlic Instant Noodles,91.0,0.0,6,91.0,60,False,60,Zepto
Ice Cream & Desserts,Godrej Yummiez Cheese Corn Nuggets ,230.0,0.0,4,230.0,400,False,400,Zepto
Ice Cream & Desserts,Pantai Hot Chilli Sauce,275.0,14.9,6,234.0,200,False,200,Zepto
Ice Cream & Desserts,Knorr International Mexican Tomato Corn Soup ,65.0,6.2,3,61.0,52,False,52,Zepto
Ice Cream & Desserts,Bagrry's Fruit Fibre Muesli Mixed Fruit ,595.0,0.0,5,595.0,1000,False,1,Zepto
Ice Cream & Desserts,MTR Roasted Vermicelli ,105.0,0.0,4,105.0,850,False,850,Zepto
Chocolates & Candies,Maggi 2 Minute Masala Noodles,12.0,0.0,6,12.0,70,False,70,Zepto
Chocolates & Candies,iD Idli & Dosa Batter ,80.0,15.0,6,68.0,1000,False,1,Zepto
Chocolates & Candies,iD Malabar Parota ,80.0,10.0,4,72.0,400,False,400,Zepto
Chocolates & Candies,iD Wheat Lachha Paratha,80.0,12.5,6,70.0,400,False,400,Zepto
Chocolates & Candies,McCain Aloo Tikki,110.0,4.5,6,105.0,400,False,400,Zepto
Chocolates & Candies,McCain Smiles Cripsy Happy Potatoes,120.0,5.0,6,114.0,415,False,415,Zepto
Chocolates & Candies,McCain Veggie Burger Patty,115.0,3.5,6,111.0,360,False,360,Zepto
Chocolates & Candies,McCain Veggie Fingers,117.0,5.1,6,111.0,400,False,400,Zepto
Chocolates & Candies,Amul Delicious Fat Spread - Cholesterol Free,18.0,5.6,6,17.0,100,False,100,Zepto
Chocolates & Candies,Whiskas Wet  Meal (Adult - Cat Food)  Chicken in Gravy,35.0,2.9,2,34.0,85,False,85,Zepto
Chocolates & Candies,McCain Chilli Garlic Potato Bites Crunchy Potato Nuggets,125.0,5.6,1,118.0,420,False,420,Zepto
Chocolates & Candies,Ching's Secret Instant Hot Garlic Noodles,15.0,0.0,3,15.0,60,False,60,Zepto
Chocolates & Candies,Veeba Eggless Mayonnaise,79.0,11.4,5,70.0,250,False,250,Zepto
Chocolates & Candies,Ching's Secret Instant Schezwan Noodles,15.0,0.0,6,15.0,60,False,60,Zepto
Chocolates & Candies,Veeba Pasta And Pizza Sauce,75.0,13.3,5,65.0,280,False,280,Zepto
Chocolates & Candies,Top Ramen  Noodles Curry Veg Pouch,20.0,0.0,1,20.0,70,False,70,Zepto
Chocolates & Candies,Saffola Veggie Twist Masala Oats,15.0,0.0,6,15.0,38,False,38,Zepto
Chocolates & Candies,Unibic Almond & Oats Protein Bar,40.0,17.5,4,33.0,30,False,30,Zepto
Chocolates & Candies,Quaker Oats,79.0,0.0,2,79.0,400,False,400,Zepto
Chocolates & Candies,Amul Delicious Fat Spread - Cholesterol Free,88.0,2.3,2,86.0,500,False,500,Zepto
Chocolates & Candies,McCain French Fries,120.0,5.0,1,114.0,420,False,420,Zepto
Chocolates & Candies,Ching's Secret Manchow Instant Soup,10.0,0.0,1,10.0,15,False,15,Zepto
Chocolates & Candies,McCain Potato Cheese Shotz,130.0,4.6,6,124.0,250,False,250,Zepto
Chocolates & Candies,McCain Masala - Fries,120.0,5.0,3,114.0,375,False,375,Zepto
Chocolates & Candies,Ching's Secret Schezwan Fried Rice Masala,15.0,0.0,6,15.0,20,False,20,Zepto
Chocolates & Candies,McCain New Mini Samosa with Cheese Pizza Style Filling,120.0,1.7,3,118.0,240,False,240,Zepto
Chocolates & Candies,McCain Chilli Cheesy Nuggets,130.0,4.6,1,124.0,250,False,250,Zepto
Chocolates & Candies,"Whiskas Adult (+1 Year) Dry Cat Food, Ocean Fish Flavour",430.0,10.0,6,387.0,1200,False,1,Zepto
Chocolates & Candies,Chings Instant Soup - Hot & Sour,10.0,0.0,1,10.0,15,False,15,Zepto
Chocolates & Candies,Amul Spray Infant Milk Food,197.0,2.0,6,193.0,500,False,500,Zepto
Chocolates & Candies,McCain Smiles - Pudina Chatka,120.0,5.0,3,114.0,375,False,375,Zepto
Chocolates & Candies,McCain French Fries Crisp & Delicious,175.0,4.6,3,167.0,750,False,750,Zepto
Chocolates & Candies,Ferrero Nutella Hazelnut Spread,220.0,5.9,2,207.0,180,False,180,Zepto
Chocolates & Candies,Lijjat Garlic Papad,60.0,5.0,5,57.0,200,False,200,Zepto
Chocolates & Candies,Switz Samosa Dough Sheets,90.0,4.4,6,86.0,50,False,50,Zepto
Chocolates & Candies,Amul Cheese Spread Creamy,85.0,5.9,6,80.0,180,False,180,Zepto
Chocolates & Candies,Maggi Imli Sauce Pichkoo,22.0,0.0,6,22.0,90,False,90,Zepto
Chocolates & Candies,Whiskas Kitten (2-12 months) Dry Cat Food Food Ocean Fish,385.0,9.9,5,347.0,1100,False,1100,Zepto
Chocolates & Candies,Chings Instant Soup - Sweet Corn Veg,10.0,0.0,2,10.0,15,False,15,Zepto
Chocolates & Candies,Whiskas Wet  Meal (Kitten - Cat Food)  Chicken in Gravy,35.0,5.7,2,33.0,85,False,85,Zepto
Chocolates & Candies,McCain Crazy Fries Masala MixHot 'n' Tangy,120.0,5.0,6,114.0,400,False,400,Zepto
Chocolates & Candies,The Whole Truth Double Cocoa Protein Bar No Sugar,100.0,10.0,6,90.0,52,False,52,Zepto
Chocolates & Candies,Amul Happy Treats French Fries,68.0,4.4,1,65.0,425,False,425,Zepto
Chocolates & Candies,Ferrero Nutella Hazeulnut Spread,380.0,6.1,5,357.0,350,False,350,Zepto
Chocolates & Candies,Veeba Chipolte Southwest Dressing,161.0,7.5,4,149.0,300,False,300,Zepto
Chocolates & Candies,Ching's Secret Manchow Noodles Instant Soup,15.0,0.0,6,15.0,20,False,20,Zepto
Chocolates & Candies,Yoga Bar Breakfast Protein Bar - Blueberry Pie,50.0,12.0,1,44.0,50,False,50,Zepto
Chocolates & Candies,Quaker Oats,199.0,7.5,6,184.0,1000,False,1,Zepto
Chocolates & Candies,The Whole Truth Mini Protein Bar - Coconut Cocoa No Added Sugar,55.0,25.5,6,41.0,27,False,27,Zepto
Chocolates & Candies,Switz Spring Roll Dough Sheets,90.0,4.4,6,86.0,1160,False,20,Zepto
Chocolates & Candies,Unibic Fruit & Nut Real Cranberries & Almonds Protein Bar,40.0,17.5,6,33.0,30,False,30,Zepto
Chocolates & Candies,Ching's Secret Tomato Instant Soup,10.0,0.0,1,10.0,16,False,15,Zepto
Chocolates & Candies,Chef's Basket Durum Wheat Elbow Pasta,160.0,50.0,6,80.0,500,False,500,Zepto
Chocolates & Candies,Sunfeast Yippee! Mood Masala Noodles,60.0,28.3,3,43.0,260,False,260,Zepto
Chocolates & Candies,MTR Breakfast Khatta Meetha Poha Mix,25.0,20.0,6,20.0,60,False,60,Zepto
Chocolates & Candies,Kellogg's Crunchy Fruit & Nut Breakfast Cereals Muesli,445.0,9.9,6,401.0,750,False,750,Zepto
Chocolates & Candies,Ching's Secret Chilli Vinegar,50.0,0.0,4,50.0,170,False,170,Zepto
Chocolates & Candies,Ching's Red Chilli Sauce,55.0,0.0,6,55.0,200,False,200,Zepto
Chocolates & Candies,Amul Lite Spread,40.0,2.5,5,39.0,100,False,100,Zepto
Chocolates & Candies,Borges Durum Wheat Fusilli Pasta ,250.0,0.0,3,250.0,500,False,500,Zepto
Chocolates & Candies,The Whole Truth Cranberry Mini Protein Bar No Sugar,55.0,20.0,6,44.0,27,False,27,Zepto
Chocolates & Candies,The Whole Truth Mini Protein Bar - Coffee Cocoa No Added Sugar,55.0,20.0,6,44.0,27,False,27,Zepto
Chocolates & Candies,Maggi Hot & Sweet Tomato Chilli Sauce,115.0,0.0,1,115.0,500,False,500,Zepto
Chocolates & Candies,Sunfeast YiPPee! Noodles - Magic Masala,96.0,5.2,4,91.0,540,False,540,Zepto
Chocolates & Candies,Chef's Basket Durum Wheat Fusilli Pasta,160.0,50.0,6,80.0,500,False,500,Zepto
Chocolates & Candies,Top Ramen Chicken Noodles,60.0,10.0,1,54.0,280,False,280,Zepto
Chocolates & Candies,Veeba Cheese and Chilli Sandwich Spread,89.0,11.2,6,79.0,275,False,275,Zepto
Chocolates & Candies,Ching’s Secret Chowmein Hakka Noodles Masala ,44.0,0.0,2,44.0,60,False,60,Zepto
Chocolates & Candies,Safal Frozen - Mixed Vegetables,110.0,4.5,2,105.0,1000,False,1,Zepto
Chocolates & Candies,MTR 3 Min Poha,25.0,0.0,6,25.0,60,False,60,Zepto
Chocolates & Candies,Ching's Manchurian Instant Noodles,15.0,0.0,5,15.0,60,False,60,Zepto
Chocolates & Candies,The Whole Truth Peanut Cocoa Mini Protein Bar No Sugar ,55.0,25.5,6,41.0,27,False,27,Zepto
Chocolates & Candies,Gits Pav Bhaji Ready to Eat,110.0,22.7,6,85.0,300,False,300,Zepto
Chocolates & Candies,McCain New Mini Samosa with Cheese Corn Style Filling,120.0,1.7,2,118.0,240,False,240,Zepto
Chocolates & Candies,Lijjat Udad Mini Papad,60.0,6.7,6,56.0,200,False,200,Zepto
Chocolates & Candies,McCain Herb & Garlic Crazy Fries Masala Mix ,120.0,5.0,5,114.0,400,False,400,Zepto
Chocolates & Candies,Yoga Bar Multigrain Energy Bar Nuts And Seeds,40.0,12.5,4,35.0,38,False,38,Zepto
Chocolates & Candies,"Ching's Secret Sauce, Green Chilli",55.0,0.0,5,55.0,190,False,190,Zepto
Chocolates & Candies,Veeba Pizza Topping,75.0,6.7,4,70.0,280,False,280,Zepto
Chocolates & Candies,Switz Paratha Puff,110.0,4.5,6,105.0,400,False,400,Zepto
Chocolates & Candies,"New Kellogg's Muesli with 21% Fruit, Nut & Seeds",325.0,6.2,6,305.0,500,False,500,Zepto
Chocolates & Candies,The Whole Truth Double Cocoa Mini Protein Bar No Sugar,55.0,20.0,5,44.0,27,False,27,Zepto
Chocolates & Candies,Sunfeast Yippee Tricolor Pasta Seasoning,28.0,17.9,1,23.0,65,False,65,Zepto
Chocolates & Candies,Wingreens Cheesy Chipotle Sauce,99.0,49.5,1,50.0,130,False,130,Zepto
Chocolates & Candies,Maggi Rich Tomato Ketchup,105.0,4.8,2,100.0,500,False,500,Zepto
Chocolates & Candies,The Whole Truth Dark Chocolate Peanut Butter - Creamy,235.0,26.0,6,174.0,325,False,325,Zepto
Chocolates & Candies,Godrej Yummiez Chicken Nuggets,325.0,9.8,1,293.0,500,False,500,Zepto
Chocolates & Candies,Go Cheese  Spread Plain,99.0,5.1,6,94.0,200,False,200,Zepto
Chocolates & Candies,Kellogg's Real Almond & Honey Corn Flakes,175.0,9.7,6,158.0,300,False,300,Zepto
Chocolates & Candies,The Whole Truth Vegan Almond Choco Fudge Energy Bar No Sugar,60.0,20.0,6,48.0,40,False,40,Zepto
Chocolates & Candies,Prasuma Vegetable Momos,270.0,0.0,5,270.0,24,False,24,Zepto
Chocolates & Candies,MTR Upma,50.0,10.0,6,45.0,160,False,160,Zepto
Chocolates & Candies,Ching's Schezwan Masala Instant Noodles,60.0,0.0,1,60.0,240,False,240,Zepto
Chocolates & Candies,The Whole Truth Cranberry Protein Bar No Sugar,100.0,26.0,6,74.0,52,False,52,Zepto
Chocolates & Candies,Saffola Yummy Masala Noodles ,20.0,0.0,2,20.0,46,False,46,Zepto
Chocolates & Candies,Veeba English Mustard,74.0,6.8,2,69.0,300,False,300,Zepto
Chocolates & Candies,Dabur Hommade Tamarind Paste,48.0,6.2,6,45.0,200,False,200,Zepto
Chocolates & Candies,Yoga Bar Breakfast Muesli - Almond Caramel (No Added Sugar),325.0,4.9,6,309.0,400,False,400,Zepto
Chocolates & Candies,The Whole Truth Mini Protein Bar - Peanut Butter No Added Sugar,55.0,25.5,6,41.0,27,False,27,Zepto
Chocolates & Candies,ITC Master Chef Crispy Chicken Fries ,170.0,4.7,3,162.0,280,False,280,Zepto
Chocolates & Candies,Kelloggs Corn Flakes,99.0,13.1,6,86.0,250,False,250,Zepto
Chocolates & Candies,Nissin Cup Noodles Tangy Tomato,50.0,10.0,2,45.0,70,False,70,Zepto
Chocolates & Candies,Smith & Jones White Pasta Sauce Mix,40.0,0.0,3,40.0,46,False,46,Zepto
Chocolates & Candies,Sunfeast Yippee! Pasta Treat - Sour Cream Onion,28.0,10.7,1,25.0,65,False,65,Zepto
Chocolates & Candies,Mothers Recipe Tamrind Date Chutney ,55.0,9.1,2,50.0,200,False,200,Zepto
Chocolates & Candies,Veeba Mint Mayonnaise,169.0,8.3,4,155.0,300,False,300,Zepto
Chocolates & Candies,Mccain Emotibites - Crispy Happy Potato Snack,130.0,0.8,6,129.0,415,False,415,Zepto
Chocolates & Candies,The Whole Truth Energy Bar Choco Cranberry Fudge,60.0,26.7,6,44.0,40,False,40,Zepto
Chocolates & Candies,Godrej Yummiez Chicken Lucknowi Seekh Kebab,260.0,10.0,4,234.0,400,False,400,Zepto
Chocolates & Candies,Prasuma Vegetable Momos,150.0,0.0,5,150.0,580,False,10,Zepto
Chocolates & Candies,Mother's Recipe Mixed Pickle,85.0,9.4,2,77.0,300,False,300,Zepto
Chocolates & Candies,Sunfeast Yippee! Pasta Treat - Sour Cream Onion,28.0,17.9,3,23.0,65,False,65,Zepto
Chocolates & Candies,The Whole Truth Peanut Cocoa Protein Bar No Sugar,100.0,26.0,6,74.0,52,False,52,Zepto
Chocolates & Candies,Yoga Bar Breakfast Muesli - Chocolate & Cranberry ,325.0,4.9,6,309.0,400,False,400,Zepto
Chocolates & Candies,Sunfeast YiPPee! Magic Masala Noodles,70.0,10.0,3,63.0,405,False,405,Zepto
Chocolates & Candies,Veeba Sweet Onion Sauce,141.0,14.2,4,121.0,350,False,350,Zepto
Chocolates & Candies,Quaker Oats Breakfast Cereals - With Flavour Mix Nutritious Rich Source Of Energy,49.0,8.2,6,45.0,200,False,200,Zepto
Chocolates & Candies,Mother's Recipe Tamarind Paste,50.0,2.0,6,49.0,200,False,200,Zepto
Chocolates & Candies,Yogabar No Added Sugar Protein Bar Brownie,125.0,15.2,4,106.0,60,False,60,Zepto
Chocolates & Candies,Bambino Popular Vermicelli ,40.0,2.5,3,39.0,400,False,400,Zepto
Chocolates & Candies,Ching's Secret Mix Veg Instant Soup,10.0,0.0,3,10.0,15,False,15,Zepto
Chocolates & Candies,Mother's Recipe Pickle - Red Stuffed Chilli,145.0,11.0,3,129.0,400,False,400,Zepto
Chocolates & Candies,Kellogg's No Added Sugar Muesli,335.0,11.0,6,298.0,500,False,500,Zepto
Chocolates & Candies,Veeba Salsa Dip,119.0,6.7,6,111.0,360,False,360,Zepto
Chocolates & Candies,Veeba Thousand Island Dressing,149.0,8.1,6,137.0,300,False,300,Zepto
Chocolates & Candies,Baggry's Crunchy Muesli Almond Raisins & Honey,130.0,0.0,5,130.0,200,False,200,Zepto
Chocolates & Candies,Knorr Chinese Hot And Sour Veg Soup,55.0,3.6,1,53.0,43,False,43,Zepto
Chocolates & Candies,Go Cheese Spread - Garlic,99.0,5.1,6,94.0,200,False,200,Zepto
Chocolates & Candies,The Whole Truth Peanut Butter With Dates - Creamy No Sugar,215.0,9.8,6,194.0,325,False,325,Zepto
Chocolates & Candies,Zorabian Chicken Smoked Ham,205.0,5.4,1,194.0,250,False,250,Zepto
Chocolates & Candies,Kissan Pineapple Jam,165.0,9.7,1,149.0,500,False,500,Zepto
Chocolates & Candies,Smith & Jones Masala Noodles,89.0,0.0,5,89.0,480,False,480,Zepto
Chocolates & Candies,Nestle Nestle Nan Pro Follow-Up Formula,650.0,0.0,6,650.0,400,False,400,Zepto
Chocolates & Candies,Sunfeast Yippee! Power Up Atta Noodles,96.0,15.6,6,81.0,280,False,280,Zepto
Chocolates & Candies,McCain Super Wedges,120.0,7.5,6,111.0,400,False,400,Zepto
Chocolates & Candies,"Kellogg's Crunchy Granola Honey, Almonds, Strawberries & Pumpkin Seeds",330.0,10.9,1,294.0,450,False,450,Zepto
Chocolates & Candies,Kellogg's Chocos,130.0,10.0,6,117.0,250,False,250,Zepto
Chocolates & Candies,Ching's Secret Just Soak - Whole Wheat Veg Hakka Noodle,32.0,0.0,3,32.0,150,False,150,Zepto
Chocolates & Candies,The Whole Truth Vegan Fig Apricot & Orange Energy Bar No Sugar,60.0,20.0,6,48.0,40,False,40,Zepto
Chocolates & Candies,Saffola Veggie Twist Masala Oats,195.0,12.3,2,171.0,500,False,500,Zepto
Chocolates & Candies,ITC Master Chef Classic Aloo Tikki,80.0,10.0,3,72.0,320,False,320,Zepto
Chocolates & Candies,Smith & Jones Pink Pasta Sauce Mix,40.0,0.0,4,40.0,46,False,46,Zepto
Chocolates & Candies,Wingreens Farms Chipotle Dip,200.0,25.0,1,150.0,180,False,180,Zepto
Chocolates & Candies,Kellogg's Real Almond & Honey Corn Flakes,550.0,5.5,3,520.0,1000,False,1,Zepto
Chocolates & Candies,Kellogg's Crunchy Granola Chocolate & Almonds,330.0,10.9,3,294.0,450,False,450,Zepto
Chocolates & Candies,Cornitos Cornitos Taco Shells - 6 Inches,160.0,20.0,4,128.0,180,False,180,Zepto
Chocolates & Candies,Ching's Secret Singapore Curry Instant Noodles,15.0,0.0,3,15.0,60,False,60,Zepto
Chocolates & Candies,Mother's Recipe Pickle - Mango,125.0,9.6,6,113.0,400,False,500,Zepto
Chocolates & Candies,Godrej Yummiez Chilli Chicken Sausages ,160.0,10.0,3,144.0,250,False,250,Zepto
Chocolates & Candies,Pedigree Dentastix  Dog Treat Oral Care for Adult Medium Breed ,175.0,20.0,6,140.0,180,False,180,Zepto
Chocolates & Candies,Maggi Hot & Sweet - Tomato Chilli Sauce,170.0,10.0,1,153.0,1000,False,1,Zepto
Chocolates & Candies,Ching's Secret Asian Hot Instant Soup,15.0,0.0,3,15.0,15,False,15,Zepto
Chocolates & Candies,Kellogg’s Chocos Protein And Fibre Of 1 Roti,499.0,11.0,6,444.0,1200,False,1,Zepto
Chocolates & Candies,Mother's Recipe Pickle - Mango,149.0,26.8,4,109.0,500,False,500,Zepto
Chocolates & Candies,Chings Secret Manchurian Instant Noodle,60.0,0.0,6,60.0,240,False,240,Zepto
Chocolates & Candies,Kellogg's Original Corn Flakes,310.0,6.5,6,290.0,875,False,875,Zepto
Chocolates & Candies,Ching's Singapore Curry Instant Noodles,60.0,0.0,4,60.0,240,False,240,Zepto
Chocolates & Candies,Kellogg's Almonds And Cranberries Granola,330.0,6.1,6,310.0,460,False,460,Zepto
Chocolates & Candies,Nestle Ceregrow Multigrain Cereal with Milk and Fruits - 3 to 6 years,292.0,0.0,6,292.0,300,False,300,Zepto
Chocolates & Candies,MTR 3 Minute Breakfast - Magic Masala Upma,25.0,0.0,6,25.0,60,False,60,Zepto
Chocolates & Candies,Smith & Jones Masala Noodles,68.0,10.3,5,61.0,360,False,360,Zepto
Chocolates & Candies,"Knorr Classic Tomato Soup With 100% Real Vegetabls, No Added Preservatives",55.0,0.0,6,55.0,53,False,53,Zepto
Chocolates & Candies,Godrej Yummiez Chicken Punjabi Tikka ,295.0,9.8,6,266.0,360,False,360,Zepto
Chocolates & Candies,Kellogg's Corn Flakes,425.0,9.9,1,383.0,1000,False,1,Zepto
Chocolates & Candies,Kelloggs Chocos,170.0,5.9,4,160.0,385,False,385,Zepto
Chocolates & Candies,Pedigree Puppy Dry Dog Food Food Chicken & Milk,290.0,20.0,6,232.0,1200,False,1200,Zepto
Chocolates & Candies,Ching's Secret Lemon Coriander Instant Soup,15.0,0.0,5,15.0,15,False,15,Zepto
Chocolates & Candies,Nestle Cerelac Baby Cereal With Milk Wheat-Rice Mixed Fruit,261.0,0.0,6,261.0,300,False,300,Zepto
Chocolates & Candies,Kelloggs Chocos - Moons & Stars,660.0,40.0,4,396.0,1200,False,1,Zepto
Chocolates & Candies,ITC Master Chef Chicken Galouti Kebab,170.0,4.7,2,162.0,210,False,210,Zepto
Chocolates & Candies,Yogabar 100% Pure Peanut Butter Creamy & Yummy Unsweetened,229.0,10.0,6,206.0,400,False,400,Zepto
Chocolates & Candies,Kitchens Of India Palak Paneer,130.0,30.0,6,91.0,285,False,285,Zepto
Chocolates & Candies,Kelloggs Chocos Fills Double Chocolat,99.0,11.1,6,88.0,175,False,175,Zepto
Chocolates & Candies,Soulfull Ragi Bites Choco Fills,169.0,5.3,4,160.0,250,False,250,Zepto
Chocolates & Candies,Figaro Sliced Black Olive ,179.0,0.0,6,179.0,450,False,450,Zepto
Chocolates & Candies,Veeba Barbeque Sauce,149.0,8.1,6,137.0,330,False,330,Zepto
Chocolates & Candies,The Whole Truth Vegan Mocha Almond Fudge Energy Bar No Sugar,60.0,20.0,6,48.0,40,False,40,Zepto
Chocolates & Candies,"The Whole Truth - Nuts, Fruits & Seeds Muesli",325.0,20.0,6,260.0,350,False,350,Zepto
Chocolates & Candies,Pantai Green Curry Paste,150.0,14.7,5,128.0,114,False,114,Zepto
Chocolates & Candies,Kelloggs Special K,210.0,8.6,5,192.0,435,False,435,Zepto
Chocolates & Candies,Moi Soi Sichuan Chilli Oil- For Stir Fry Marinade Spread & Dip,280.0,50.0,5,140.0,175,False,175,Zepto
Chocolates & Candies,Mother's Recipe Madras Appalam,50.0,10.0,6,45.0,100,False,100,Zepto
Chocolates & Candies,Top Ramen Masala Oat Masala,80.0,10.0,6,72.0,280,False,280,Zepto
Chocolates & Candies,Saffola Everyday Peppy Tomato Masala Oats,195.0,12.3,6,171.0,500,False,500,Zepto
Chocolates & Candies,"Ching's Secret Instant Noodles, Hot Garlic",60.0,0.0,4,60.0,240,False,240,Zepto
Chocolates & Candies,Kitchens Of India Chicken Chettinad,200.0,30.0,1,140.0,285,False,285,Zepto
Chocolates & Candies,Nestle Cerelac Wheat - Stage 1,190.0,0.0,6,190.0,300,False,300,Zepto
Chocolates & Candies,Sumeru Aloo Paratha,119.0,5.0,6,113.0,400,False,400,Zepto
Chocolates & Candies,ITC Master Chef Veggie Pizza Pocket,170.0,4.7,4,162.0,340,False,340,Zepto
Chocolates & Candies,Wingreens Farms Tangy Cheese Pita Chips & Mexican Salsa Dip,60.0,15.0,1,51.0,70,False,70,Zepto
Chocolates & Candies,Ching's Secret Manchow Soup,55.0,0.0,3,55.0,55,False,55,Zepto
Chocolates & Candies,Veeba Carrot & Cucumber Sandwich Spread,85.0,10.6,6,76.0,250,False,250,Zepto
Chocolates & Candies,Kellogg's Real Almond & Honey Corn Flakes,370.0,12.4,3,324.0,650,False,650,Zepto
Chocolates & Candies,Kitchens Of India Mughlai Paneer,160.0,30.0,4,112.0,285,False,285,Zepto
Chocolates & Candies,Ching's Secret Just Soak - Veg Hakka Noodles,30.0,0.0,5,30.0,150,False,150,Zepto
Chocolates & Candies,Ching's Secret Chowmein Hakka Noodles Masala,60.0,10.0,2,54.0,100,False,100,Zepto
Chocolates & Candies,The Whole Truth Dark Chocolate Peanut Butter - Crunchy,235.0,20.0,5,188.0,325,False,325,Zepto
Chocolates & Candies,Mother's Recipe Bhel Puri Chutney,55.0,9.1,4,50.0,200,False,200,Zepto
Chocolates & Candies,Kelloggs Chocos Moon & Stars,330.0,10.9,6,294.0,680,False,680,Zepto
Chocolates & Candies,Mother's Recipe Lime Pickle ,120.0,5.0,1,114.0,400,False,400,Zepto
Chocolates & Candies,Kitchens of India Dal Makhani,110.0,30.0,2,77.0,285,False,285,Zepto
Chocolates & Candies,Pantai Light Soy Sauce,275.0,14.9,5,234.0,200,False,200,Zepto
Chocolates & Candies,Ching's Secret Sweet Corn Soup,55.0,0.0,6,55.0,55,False,55,Zepto
Chocolates & Candies,"Top Ramen Noodles, Atta",80.0,0.0,1,80.0,280,False,280,Zepto
Chocolates & Candies,Cantina Tortilla Dip Sauce Sour Creamy Tex Mex,225.0,15.1,5,191.0,190,False,190,Zepto
Chocolates & Candies,Dabur Hommade - Rajasthan Ki Garlic Chutne,65.0,6.2,6,61.0,200,False,200,Zepto
Chocolates & Candies,MTR Seviyan Vermicelli ,42.0,0.0,2,42.0,400,False,400,Zepto
Chocolates & Candies,Pantai Oyster Sauce,275.0,14.9,4,234.0,200,False,200,Zepto
Chocolates & Candies,Go Cheese Spread - Four Pepper (Soft & Creamy),99.0,5.1,6,94.0,200,False,200,Zepto
Chocolates & Candies,MTR Ready To Eat Paneer Butter Masala,135.0,9.6,2,122.0,300,False,300,Zepto
Chocolates & Candies,Nestle Lactogen Stage 2 Follow-up Formula Powder,340.0,0.0,2,340.0,400,False,400,Zepto
Chocolates & Candies,Kellogg's Crunchy Bites Chocos,190.0,10.0,6,171.0,375,False,375,Zepto
Chocolates & Candies,Veeba Hot Sweet Tomato Chilli Sauce,104.0,20.2,3,83.0,500,False,500,Zepto
Chocolates & Candies,Borges Durum Wheat Pasta Superior Quality,250.0,40.4,6,149.0,500,False,500,Zepto
Chocolates & Candies,Funfoods Peanut Butter Crunchy,169.0,7.7,1,156.0,400,False,400,Zepto
Chocolates & Candies,Pantai Red Curry Paste,60.0,0.0,4,60.0,50,False,50,Zepto
Chocolates & Candies,ITC Master Chef Chicken Seekh Kabab,325.0,0.0,6,325.0,500,False,500,Zepto
Chocolates & Candies,Del Monte Pizza & Pasta Sauce Spout Pack,99.0,0.0,3,99.0,400,False,400,Zepto
Chocolates & Candies,Pantai Sriracha Red Chilli Sauce,225.0,15.1,6,191.0,200,False,200,Zepto
Chocolates & Candies,Hershey's Cocoa Spread,295.0,0.0,3,295.0,350,False,350,Zepto
Chocolates & Candies,Maggi Ghee Tadka Upma Express Pouch,25.0,0.0,6,25.0,65,False,65,Zepto
Chocolates & Candies,Ching's Secret Manchurian Noodles,91.0,0.0,5,91.0,360,False,360,Zepto
Chocolates & Candies,Kellogg's All Bran Wheat Flakes,220.0,6.8,5,205.0,425,False,425,Zepto
Chocolates & Candies,Yummiez Chicken Breakfast Sausages,150.0,0.0,3,150.0,250,False,250,Zepto
Chocolates & Candies,Pantai Red Curry Paste,150.0,14.7,3,128.0,114,False,114,Zepto
Chocolates & Candies,Bagrrys Muesli Crunchy Fruit & Nut With Cranberries,330.0,10.0,6,297.0,400,False,400,Zepto
Chocolates & Candies,Quaker Oats Pouch,276.0,10.1,6,248.0,1500,False,1,Zepto
Chocolates & Candies,Prasuma Momos -  Cheesy Spicy Veg,295.0,0.0,6,295.0,24,False,24,Zepto
Chocolates & Candies,Veeba Sriracha Chilli Garlic Sauce,149.0,8.1,5,137.0,320,False,320,Zepto
Chocolates & Candies,Ching's Secret Just Soak - Veg Hakka Noodles,115.0,0.0,6,115.0,600,False,600,Zepto
Chocolates & Candies,Moi Soi Kung Pao Sauce - For Stir Fry Marinade Spread & Dip,280.0,50.0,5,140.0,175,False,175,Zepto
Chocolates & Candies,Figaro Plain Green Olive ,179.0,0.0,6,179.0,450,False,450,Zepto
Chocolates & Candies,Mother's Recipe Gujrati Gorkeri Pickle,140.0,10.0,3,126.0,500,False,500,Zepto
Chocolates & Candies,Kellogg's Muesli 20% Nuts Delight,320.0,0.0,6,320.0,500,False,500,Zepto
Chocolates & Candies,Borges Farfalle Durum Wheat Pasta ,250.0,0.0,5,250.0,500,False,500,Zepto
Chocolates & Candies,Kellogg's Chocos,299.0,10.0,4,269.0,700,False,700,Zepto
Chocolates & Candies,Nestle Nan Pro 4 Follow Up Formula Powder For Older Infants ,620.0,0.0,1,620.0,400,False,400,Zepto
Chocolates & Candies,Veeba Truly Tomato Ketchup,99.0,20.2,6,79.0,500,False,500,Zepto
Chocolates & Candies,Ching's Secret Green Chilli Sauce,85.0,4.7,1,81.0,680,False,680,Zepto
Chocolates & Candies,MTR Roasted Vermicelli ,55.0,0.0,1,55.0,400,False,400,Zepto
Chocolates & Candies,Mother's Recipe Punjabi Teekha Mang Pickle,120.0,10.0,4,108.0,400,False,400,Zepto
Chocolates & Candies,Ching's Secret Hot Garlic Instant Noodles,114.0,0.0,6,114.0,480,False,480,Zepto
Chocolates & Candies,Kellogg's Real Honey Corn Flakes,290.0,7.9,5,267.0,630,False,630,Zepto
Chocolates & Candies,ITC Master Chef Lebanese Falafel Kebab,130.0,4.6,4,124.0,230,False,230,Zepto
Chocolates & Candies,Kelloggs Chocos Fills Double Chocolaty,185.0,10.8,5,165.0,250,False,250,Zepto
Chocolates & Candies,Organic India Apple Cider Vinegar,595.0,9.9,2,536.0,500,False,500,Zepto
Chocolates & Candies,Masala Oats Masala & Coriander ,195.0,9.7,5,176.0,500,False,500,Zepto
Chocolates & Candies,Ching's Secret  Noodles - Pad Thai Lemongras,200.0,0.0,5,200.0,130,False,130,Zepto
Chocolates & Candies,Bagrrys Fruit and Nut Muesli with Cranberries,499.0,0.0,5,499.0,750,False,750,Zepto
Chocolates & Candies,Kitchens Of India Yellow Dal Tadka,110.0,30.0,6,77.0,285,False,285,Zepto
Chocolates & Candies,Soulfull Vanilla Fills - Ragi Bites,169.0,5.3,6,160.0,250,False,250,Zepto
Chocolates & Candies,Pantai Teriyaki Sauce with Garlic,325.0,15.1,6,276.0,200,False,200,Zepto
Chocolates & Candies,Whiskas Adult Pocket Tuna Cat Food,410.0,0.0,1,410.0,1200,False,1,Zepto
Chocolates & Candies,Kitchens Of India Chicken Darbari ,200.0,30.0,4,140.0,285,False,285,Zepto
Chocolates & Candies,Soulfull Millet Muesli Fruit & Nut Almonds & Real Fruits,299.0,10.0,6,269.0,400,False,400,Zepto
Chocolates & Candies,Smith & Jones Red Pasta Sauce Mix,40.0,0.0,6,40.0,46,False,46,Zepto
Chocolates & Candies,Kellogg's Muesli Nuts Delight,425.0,9.9,3,383.0,750,False,750,Zepto
Chocolates & Candies,Kitchens of India Dal Bukhara Gravy Mix,110.0,30.0,6,77.0,285,False,285,Zepto
Chocolates & Candies,The Whole Truth Peanut Butter - Sweetened & Crunchy,215.0,20.0,6,172.0,325,False,325,Zepto
Chocolates & Candies,Remia Mayonnaise,230.0,0.0,6,230.0,241,False,241,Zepto
Chocolates & Candies,Ching's Secret Green Chilli Sauce,105.0,0.0,6,105.0,425,False,425,Zepto
Chocolates & Candies,Bagrrys Fruit N Fibre Muesli - Strawberry,595.0,0.0,1,595.0,1000,False,1,Zepto
Chocolates & Candies,Ching's Secret Tomato Oats Instant Soup,15.0,0.0,3,15.0,20,False,20,Zepto
Chocolates & Candies,Kellogg's Special K Original Corn Flakes,140.0,5.0,1,133.0,290,False,290,Zepto
Chocolates & Candies,Moi Soi  Black Bean Sauce - Dip Spread Stir Fry & Marinade,280.0,50.0,5,140.0,175,False,175,Zepto
Chocolates & Candies,Tong Garden Wasabi Green Peas,175.0,4.6,6,167.0,150,False,150,Zepto
Chocolates & Candies,Ching's Secret Red Chilli Sauce,105.0,0.0,4,105.0,440,False,440,Zepto
Chocolates & Candies,Ching's Instant Hot and Sour Soup,55.0,0.0,5,55.0,55,False,55,Zepto
Chocolates & Candies,Ching's Secret Noodles - Pad Thai Original,200.0,0.0,6,200.0,130,False,130,Zepto
Chocolates & Candies,Aashirvaad Instant Meals - Khatta Meetha Pohaa With Millets,55.0,30.9,5,38.0,80,False,80,Zepto
Chocolates & Candies,Del Monte Black Sliced Olives,250.0,0.0,1,250.0,450,False,450,Zepto
Chocolates & Candies,Kitchens Of India Murgh Methi,220.0,30.0,5,154.0,285,False,285,Zepto
Chocolates & Candies,Nestle Cerelac 5 Grains & Fruits Cereal,288.0,0.0,6,288.0,300,False,300,Zepto
Chocolates & Candies,The Whole Truth - 5 Grain Muesli No Added Sugar,325.0,20.0,6,260.0,350,False,350,Zepto
Chocolates & Candies,Ching's Secret  Pad Thai Noodles Green Curry,200.0,0.0,6,200.0,130,False,130,Zepto
Chocolates & Candies,Aashirvaad Suji Halwa With Jaggery,75.0,0.0,6,75.0,70,False,70,Zepto
Chocolates & Candies,Mother's Recipe Mango Pickle ,120.0,0.0,1,120.0,400,False,400,Zepto
Chocolates & Candies,Ching's Secret Pad Thai Noodles - Extra Hot Thai Chilli,200.0,0.0,6,200.0,130,False,130,Zepto
Chocolates & Candies,Kellogg's Special K Original Corn Flakes,399.0,11.0,6,355.0,900,False,900,Zepto
Chocolates & Candies,Knorr Sweet Corn Chicken Soup,55.0,0.0,2,55.0,42,False,42,Zepto
Chocolates & Candies,Ching's Secret Tomato Soup,55.0,0.0,6,55.0,55,False,55,Zepto
Chocolates & Candies,Funfoods Peanut Butter Creamy,169.0,0.0,1,169.0,400,False,400,Zepto
Chocolates & Candies,Japanese Choice Udon Noodles,295.0,9.8,6,266.0,250,False,250,Zepto
Chocolates & Candies,Kelloggs Muesli - With 22% Fruit Magic,320.0,10.0,5,288.0,500,False,500,Zepto
Chocolates & Candies,Dabur Hommade - Kalonji Tamatar Ki Chutney,65.0,6.2,6,61.0,200,False,200,Zepto
Chocolates & Candies,Kitchens Of India Dal Makhani,110.0,30.0,1,77.0,285,False,285,Zepto
Chocolates & Candies,Aashirvaad Suji Halwa With Jaggery,55.0,30.9,6,38.0,80,False,80,Zepto
Chocolates & Candies,Del Monte Green Chili Sauce,55.0,0.0,3,55.0,190,False,190,Zepto
Chocolates & Candies,Pedigree Dog Food Adult Chicken & Veg,660.0,10.0,1,594.0,3000,False,3,Zepto
Chocolates & Candies,Kellogg's Original Corn Flakes,185.0,5.4,6,175.0,475,False,475,Zepto
Chocolates & Candies,Pedigree Puppy Dry Dog Food Food Chicken & Milk,690.0,6.1,2,648.0,3000,False,3,Zepto
Chocolates & Candies,Kitchens Of India Rajma Masala,110.0,30.0,5,77.0,285,False,285,Zepto
Chocolates & Candies,Kitchen Of India Ready-To-Eat Pindi Channa,110.0,30.0,2,77.0,285,False,285,Zepto
Chocolates & Candies,Figaro Pitted Black Olive ,179.0,0.0,6,179.0,450,False,450,Zepto
Chocolates & Candies,Cantina Tabasco Red Sauce,140.0,15.0,6,119.0,60,False,60,Zepto
Chocolates & Candies,Mother's Recipe Pickle - Mixed,149.0,26.8,6,109.0,500,False,500,Zepto
Chocolates & Candies,Nestle Cerelac Baby Cereal with Milk 5 Grains & Vegetables from 18 to 24 Month,279.0,0.0,5,279.0,300,False,300,Zepto
Chocolates & Candies,Mother's Recipe Tamarind Paste,50.0,2.0,2,49.0,200,False,200,Zepto
Chocolates & Candies,Pedigree Meat Jerky Adult Dog Treat Barbecued Chicken,140.0,20.0,6,112.0,80,False,80,Zepto
Chocolates & Candies,Veeba Peri Peri Sauce,161.0,0.0,6,161.0,300,False,300,Zepto
Chocolates & Candies,Pantai Sriracha Yellow Chilli Sauce,225.0,15.1,6,191.0,200,False,200,Zepto
Chocolates & Candies,Praakritik Organic Jumbo Rolled Oats,190.0,11.1,6,169.0,500,False,500,Zepto
Chocolates & Candies,Ching's Secret Just Soak - Whole Wheat Veg Hakka Noodles,123.0,0.0,6,123.0,600,False,600,Zepto
Chocolates & Candies,Pantai Spring Roll Sauce,275.0,10.9,6,245.0,200,False,200,Zepto
Chocolates & Candies,MTR Vermicelli Payasam,75.0,0.0,6,75.0,180,False,180,Zepto
Chocolates & Candies,Bagrrys Corn Flakes,350.0,0.0,6,350.0,880,False,800,Zepto
Chocolates & Candies,MTR Ready To Eat Palak Paneer ,135.0,11.1,6,120.0,300,False,300,Zepto
Chocolates & Candies,Del Monte Red Chili Sauce,55.0,0.0,5,55.0,190,False,190,Zepto
Chocolates & Candies,Kitchens of India Mutter Paneer Mix,120.0,30.0,4,84.0,285,False,285,Zepto
Chocolates & Candies,Pantai Green Curry Paste,60.0,6.7,6,56.0,50,False,50,Zepto
Chocolates & Candies,The Laughing Cow Cheese Spread Plain,110.0,0.0,6,110.0,180,False,180,Zepto
Chocolates & Candies,MTR Dal Fry,110.0,0.0,5,110.0,300,False,300,Zepto
Chocolates & Candies,Pantai Fish Sauce,275.0,14.9,6,234.0,200,False,200,Zepto
Chocolates & Candies,Cantina Beans Mexican Beans,250.0,14.8,6,213.0,410,False,410,Zepto
Chocolates & Candies,Ching's Secret Manchurian Instant Noodle,114.0,0.0,6,114.0,480,False,480,Zepto
Chocolates & Candies,Remia Salad Italian Dressing ,230.0,0.0,6,230.0,250,False,250,Zepto
Chocolates & Candies,Yummiez Veg Cheese Fingers Pouch,230.0,0.0,4,230.0,400,False,400,Zepto
Chocolates & Candies,MTR Dal Makhani,110.0,0.0,4,110.0,300,False,300,Zepto
Chocolates & Candies,MTR Ready to Eat Pav Bhaji,110.0,0.0,6,110.0,300,False,300,Zepto
Chocolates & Candies,Weikfield Tomato Salsa Instant Pasta,25.0,0.0,1,25.0,77,False,77,Zepto
Chocolates & Candies,Nestlé CERELAC Baby Cereal with Milk,272.0,0.0,1,272.0,300,False,300,Zepto
Chocolates & Candies,Remia Salad Caesar Dressing,250.0,0.0,6,250.0,250,False,250,Zepto
Chocolates & Candies,Bagrrys Fruit N Fibre Muesli Mixed Fruit,330.0,0.0,6,330.0,500,False,500,Zepto
Chocolates & Candies,MTR Paneer Butter Masala & Veg Pulao,175.0,9.7,4,158.0,375,False,375,Zepto
Chocolates & Candies,Sundrop Cocoa Nut Hazelnut Chocolatey Spread,120.0,0.0,6,120.0,160,False,160,Zepto
Chocolates & Candies,Moi Soi Manchurian Sauce - For Stir Fry Marinade Spread & Dip,280.0,50.0,6,140.0,175,False,175,Zepto
Chocolates & Candies,Pedigree Dog Food Adult Meat & Rice,660.0,7.9,2,608.0,3000,False,3,Zepto
Chocolates & Candies,Pantai Sriracha Green Chilli Sauce,225.0,15.1,6,191.0,200,False,200,Zepto
Chocolates & Candies,Pantai Chilli Garlic Sauce,275.0,14.9,6,234.0,200,False,200,Zepto
Chocolates & Candies,Pantai Dark Soy Sauce,275.0,14.9,6,234.0,200,False,200,Zepto
Chocolates & Candies,Yoga Bar Peanut Butter Dark Chocolate Jar,249.0,0.0,4,249.0,400,False,400,Zepto
Chocolates & Candies,Cantina Tabasco Green Sauce,140.0,15.0,6,119.0,60,False,60,Zepto
Chocolates & Candies,Pantai Pad Thai Sauce (Non-Veg),325.0,9.8,5,293.0,200,False,200,Zepto
Chocolates & Candies,Pantai Sweet Chilli Sauce,275.0,14.9,6,234.0,200,False,200,Zepto
Chocolates & Candies,Ching's Secret Schezwan Instant Noodle,114.0,0.0,6,114.0,480,False,480,Zepto
Chocolates & Candies,Yummiez Chicken Garlic Fingers Pouch,250.0,0.0,5,250.0,400,False,400,Zepto
Chocolates & Candies,Pediasure Premium Chocolate Powdered Health Drink,610.0,0.0,2,610.0,400,False,400,Zepto
Chocolates & Candies,Chings Secret Hot Garlic Instant Noodles,91.0,0.0,6,91.0,60,False,60,Zepto
Chocolates & Candies,Godrej Yummiez Cheese Corn Nuggets ,230.0,0.0,4,230.0,400,False,400,Zepto
Chocolates & Candies,Pantai Hot Chilli Sauce,275.0,14.9,6,234.0,200,False,200,Zepto
Chocolates & Candies,Knorr International Mexican Tomato Corn Soup ,65.0,6.2,3,61.0,52,False,52,Zepto
Chocolates & Candies,Bagrry's Fruit Fibre Muesli Mixed Fruit ,595.0,0.0,5,595.0,1000,False,1,Zepto
Chocolates & Candies,MTR Roasted Vermicelli ,105.0,0.0,4,105.0,850,False,850,Zepto
"Meats, Fish & Eggs",Arden Eggs White,97.0,0.0,4,97.0,696,False,12,Zepto
"Meats, Fish & Eggs",Arden Eggs White,65.0,15.4,4,55.0,348,False,6,Zepto
"Meats, Fish & Eggs",Arden Eggs Brown,85.0,7.1,4,79.0,348,False,6,Zepto
"Meats, Fish & Eggs",Godrej Real Good Chicken Whole Pre-Cut,300.0,10.0,4,270.0,1000,False,1,Zepto
"Meats, Fish & Eggs",Zorabian Chicken Breast Boneless,145.0,8.3,3,133.0,250,False,250,Zepto
"Meats, Fish & Eggs",Godrej Real Good Chicken Curry Cut,175.0,9.7,3,158.0,500,False,500,Zepto
"Meats, Fish & Eggs",TGFC Chicken Curry Cut Fresh,249.0,25.3,1,186.0,500,False,500,Zepto
"Meats, Fish & Eggs",Arden Desi Eggs,110.0,13.6,4,95.0,348,False,6,Zepto
"Meats, Fish & Eggs",Godrej Real Good Chicken Breast Boneless,275.0,9.8,6,248.0,450,False,450,Zepto
"Meats, Fish & Eggs",Fresh Chicken Boneless Cubes (Halal),215.0,5.1,1,204.0,500,False,500,Zepto
"Meats, Fish & Eggs",Godrej Real Good Chicken Kheema,255.0,9.8,3,230.0,450,False,450,Zepto
"Meats, Fish & Eggs",Suguna Sharp Egg ,72.0,13.9,3,62.0,348,False,6,Zepto
"Meats, Fish & Eggs",TGFC Bombay Duck Whole Cleaned,319.0,14.1,1,274.0,500,False,500,Zepto
"Meats, Fish & Eggs",Zorabian Pre Cut Chicken Skinless (Half),165.0,0.0,1,165.0,500,False,500,Zepto
"Meats, Fish & Eggs",Godrej Real Good Chicken Drumstick ,265.0,9.8,2,239.0,500,False,500,Zepto
"Meats, Fish & Eggs",Suguna Active - DHA,72.0,13.9,4,62.0,348,False,6,Zepto
"Meats, Fish & Eggs",Godrej Real Good Chicken Marinated Lollipop ,200.0,10.0,2,180.0,580,False,10,Zepto
"Meats, Fish & Eggs",Godrej Yummiez Chicken Nuggets,325.0,9.8,1,293.0,500,False,500,Zepto
"Meats, Fish & Eggs",Eastern Chicken Masala,70.0,7.1,3,65.0,100,False,100,Zepto
"Meats, Fish & Eggs",Ching's Chicken Chilli Masala,10.0,0.0,6,10.0,20,False,20,Zepto
"Meats, Fish & Eggs",Fresh Chicken Whole Leg - Skinless (Halal),165.0,4.8,1,157.0,500,False,500,Zepto
"Meats, Fish & Eggs",Ceres Foods Fish Mustard Instant Liquid Masala,220.0,50.0,6,110.0,200,False,200,Zepto
"Meats, Fish & Eggs",TGFC Tilapia Curry Cut,259.0,43.2,1,147.0,500,False,500,Zepto
"Meats, Fish & Eggs",Godrej Yummiez Chicken Lucknowi Seekh Kebab,260.0,10.0,4,234.0,400,False,400,Zepto
"Meats, Fish & Eggs",Godrej Real Good Marinated Hot & Grill Chicken,245.0,9.8,2,221.0,450,False,450,Zepto
"Meats, Fish & Eggs",Everest Meat Masala Powder,74.0,9.5,3,67.0,100,False,100,Zepto
"Meats, Fish & Eggs",Suguna Heart- Omega3,72.0,13.9,4,62.0,348,False,6,Zepto
"Meats, Fish & Eggs",Everest Powder - Egg Curry Masala,40.0,2.5,6,39.0,50,False,50,Zepto
"Meats, Fish & Eggs",TGFC Chicken Boneless Fresh Whole,261.0,14.9,1,222.0,500,False,500,Zepto
"Meats, Fish & Eggs",Zorabian Chicken Smoked Ham,205.0,5.4,1,194.0,250,False,250,Zepto
"Meats, Fish & Eggs",Suguna Fit Egg,120.0,43.3,4,68.0,348,False,6,Zepto
"Meats, Fish & Eggs",Everest Tandoori Chicken Masala,39.0,2.6,5,38.0,50,False,50,Zepto
"Meats, Fish & Eggs",Godrej Yummiez Chilli Chicken Sausages ,160.0,10.0,3,144.0,250,False,250,Zepto
"Meats, Fish & Eggs",Godrej Yummiez Chicken Punjabi Tikka ,295.0,9.8,6,266.0,360,False,360,Zepto
"Meats, Fish & Eggs",Eastern Fish Masala,48.0,2.1,5,47.0,100,False,100,Zepto
"Meats, Fish & Eggs",TGFC Catla Bengali Cut,290.0,29.7,1,204.0,500,False,500,Zepto
"Meats, Fish & Eggs",Godrej Real Good Chicken Leg Boneless,275.0,9.8,3,248.0,450,False,450,Zepto
"Meats, Fish & Eggs",TGFC Rohu Bengali Cut,249.0,28.1,1,179.0,500,False,500,Zepto
"Meats, Fish & Eggs",Godrej Real Good Chicken Lollypop,175.0,9.7,1,158.0,580,False,10,Zepto
"Meats, Fish & Eggs",Godrej Real Good Chicken Liver Sealed ,75.0,9.3,1,68.0,200,False,200,Zepto
"Meats, Fish & Eggs",Everest Tandoori Chicken Masala,74.0,9.5,3,67.0,100,False,100,Zepto
"Meats, Fish & Eggs",Fresh Mutton Mince - Kheema (Halal),515.0,3.9,1,495.0,500,False,500,Zepto
"Meats, Fish & Eggs",Fresh Mutton Curry Cut Cubes (Halal),465.0,4.9,1,442.0,500,False,500,Zepto
"Meats, Fish & Eggs",Ceres Foods Laal Maas Instant Liquid Masala,220.0,50.0,5,110.0,200,False,200,Zepto
"Meats, Fish & Eggs",Godrej Real Good Chicken Legs ,210.0,10.0,1,189.0,116,False,2,Zepto
"Meats, Fish & Eggs",Yummiez Chicken Breakfast Sausages,150.0,0.0,3,150.0,250,False,250,Zepto
"Meats, Fish & Eggs",TGFC Basa Fillets,329.0,24.9,1,247.0,500,False,500,Zepto
"Meats, Fish & Eggs",Zorabian Chicken Legs Skinless,210.0,0.0,1,210.0,450,False,450,Zepto
"Meats, Fish & Eggs",Ceres Foods Nalli Nihari Instant Liquid Masala,220.0,50.0,6,110.0,200,False,200,Zepto
"Meats, Fish & Eggs",Yummiez Chicken Garlic Fingers Pouch,250.0,0.0,5,250.0,400,False,400,Zepto
"Meats, Fish & Eggs",Suhana Spice Mix - Chicken Biryani,66.0,0.0,6,66.0,50,False,50,Zepto
Biscuits,Britannia Good Day Cashew Cookies,10.0,0.0,6,10.0,60,False,58,Zepto
Biscuits,Britannia 50-50 Maska Chaska Biscuits,32.0,3.1,6,31.0,120,False,120,Zepto
Biscuits,Dukes Waffy Chocolate Wafers,45.0,51.1,4,22.0,60,False,75,Zepto
Biscuits,Britannia Nutri Choice Digestive Biscuit,45.0,0.0,1,45.0,200,False,150,Zepto
Biscuits,Britannia Goodday Chocochip Cookies,120.0,17.5,5,99.0,400,False,400,Zepto
Biscuits,Britannia Good Day Pista Badam,45.0,2.2,1,44.0,200,False,200,Zepto
Biscuits,Cadbury Chocobakes Chocolate Filled Cookies ,30.0,0.0,5,30.0,75,False,75,Zepto
Biscuits,Dukes Waffy Strawberry Roll,150.0,50.0,3,75.0,250,False,250,Zepto
Biscuits,Parle Monaco Classic Salty Biscuits,70.0,0.0,4,70.0,400,False,400,Zepto
Biscuits,Dukes Waffy Orange Wafers,45.0,51.1,5,22.0,60,False,75,Zepto
Biscuits,Britannia Good Day Pista Badam,20.0,0.0,6,20.0,100,False,100,Zepto
Biscuits,Britannia Milk Bikis Biscuits Packet,20.0,0.0,3,20.0,200,False,200,Zepto
Biscuits,Britannia Toastea (Premium Bake Rusk),65.0,0.0,6,65.0,400,False,400,Zepto
Biscuits,Dukes Waffy Strawberry Wafers,45.0,51.1,2,22.0,60,False,75,Zepto
Biscuits,Britannia Toastea Premium Bake Rusk,35.0,0.0,3,35.0,182,False,182,Zepto
Biscuits,Lotte Choco Pie ,80.0,10.0,3,72.0,168,False,168,Zepto
Biscuits,Bauli Moonfils Choco Veg Puff Roll,15.0,0.0,2,15.0,45,False,45,Zepto
Biscuits,Sunfeast Dark Fantasy Choco Fills Cookies Packet,150.0,15.3,3,127.0,300,False,300,Zepto
Biscuits,Britannia 50-50 Maska Chaska Biscuit,75.0,10.0,6,67.5,300,False,300,Zepto
Biscuits,Britannnia 50-50 Sweet & Salty Biscuit,25.0,0.0,4,25.0,200,False,200,Zepto
Biscuits,Britannia Good Day Chunky Cookies,50.0,15.0,6,42.5,120,False,120,Zepto
Biscuits,Sunfeast Marie Light,23.0,13.0,1,20.0,200,False,200,Zepto
Biscuits,Britannia Bourbon Biscuit Buy 4 Get 1 Free,80.0,10.0,2,72.0,500,False,500,Zepto
Biscuits,The Bake Shop Whole Wheat Oats Khari,65.0,6.2,5,61.0,200,False,200,Zepto
Biscuits,Britannia Nutri Choice Oats Milk Almond Biscuit,25.0,10.0,6,22.5,75,False,75,Zepto
Biscuits,Sunfeast Dark Fantasy Choco Creme,80.0,27.5,4,58.0,300,False,300,Zepto
Biscuits,Lotte Choco Pie Chocolate Cake,25.0,0.0,6,25.0,56,False,56,Zepto
Biscuits,Sunfeast Mom's Magic Cashew & Almond Cookies Packet,30.0,10.0,3,27.0,200,False,200,Zepto
Biscuits,Unibic SugarFree - Oatmeal Cookies,50.0,16.0,3,42.0,75,False,75,Zepto
Biscuits,Parle Hide & Seek Cookies With Added Almonds,30.0,3.3,1,29.0,100,False,100,Zepto
Biscuits,Unibic Fruit & Nut Cookies,25.0,8.0,3,23.0,67,False,67,Zepto
Biscuits,Sunfeast Yumfills Whoopie Pie,140.0,25.0,5,105.0,253,False,276,Zepto
Biscuits,Britannia Toastea Premium Bake Rusk,110.0,14.5,1,94.0,700,False,700,Zepto
Biscuits,McVitie's Marie biscuits with Goodness of Calcium,30.0,0.0,6,30.0,250,False,250,Zepto
Biscuits,Britannia Treat Croissant Vanilla Creme Roll,20.0,10.0,2,18.0,47,False,47,Zepto
Biscuits,Unibic Honey Oatmeal Cookies,25.0,8.0,6,23.0,75,False,75,Zepto
Biscuits,Britannia Good Day Choco Chip Cookies,30.0,3.3,6,29.0,100,False,100,Zepto
Biscuits,The Bake Shop Masala Cheese Crackers,95.0,6.3,3,89.0,100,False,100,Zepto
Biscuits,Britannia Pure Magic Vanilla Creme Biscuit,35.0,17.1,4,29.0,100,False,100,Zepto
Biscuits,Open Secret Assorted Story Box,105.0,22.9,4,81.0,75,False,75,Zepto
Biscuits,Cadbury Oreo Dipped Biscuit,70.0,10.0,1,63.0,150,False,150,Zepto
Biscuits,Sunfeast Farmlite Oats & Almonds Biscuits Packet,60.0,10.0,3,54.0,150,False,150,Zepto
Biscuits,Unibic SugarFree - Butter Cookies,50.0,16.0,6,42.0,75,False,75,Zepto
Biscuits,Britannia Good Day Cashew Cookies Packet,120.0,12.0,6,105.6,600,False,600,Zepto
Biscuits,Dukes Sour & Cream Onion Nibbles Baked,55.0,25.5,3,41.0,150,False,150,Zepto
Biscuits,Britannia Treat Croissant Vanilla Creme Roll,20.0,0.0,6,20.0,47,False,47,Zepto
Biscuits,Parle Hide & Seek Choco Rolls,50.0,2.0,4,49.0,120,False,120,Zepto
Biscuits,Britannia Treat Creme Wafers - Vanilla,45.0,11.1,6,40.0,60,False,1,Zepto
Biscuits,Parle Rusk Elaichi,48.0,2.1,6,47.0,300,False,300,Zepto
Biscuits,Lotte Choco Pie ,140.0,6.4,2,131.0,336,False,336,Zepto
Biscuits,Sunfeast Mom's Magic Cashew & Almond Biscuits,120.0,15.0,6,102.0,600,False,600,Zepto
Biscuits,Unibic Cashew Cookies,25.0,8.0,6,23.0,75,False,75,Zepto
Biscuits,Parle Monaco Jeffs Zeera Biscuit,60.0,10.0,4,54.0,200,False,200,Zepto
Biscuits,"Unibic Snack Bar - Multigrain, Choco",40.0,17.5,6,33.0,30,False,30,Zepto
Biscuits,The Bake Shop Methi Khari Simply Delicious,65.0,6.2,2,61.0,200,False,200,Zepto
Biscuits,Britannia Treat Jimjam Family Pack (Buy 4 Get 1 Free),100.0,0.0,6,100.0,500,False,500,Zepto
Biscuits,Open Secret Choco Almond Tiffin Pack,35.0,22.9,3,27.0,25,False,25,Zepto
Biscuits,Lotte Choco Pie ,150.0,20.0,6,120.0,696,False,12,Zepto
Biscuits,Baker Street Suji Rusk Large Pack,30.0,10.0,6,27.0,200,False,200,Zepto
Biscuits,Parle Hide & Seek Choco Rolls,30.0,0.0,1,30.0,75,False,75,Zepto
Biscuits,Sunfeast Dark Fantasy Vanilla Creme,80.0,15.0,6,68.0,300,False,300,Zepto
Biscuits,Britannia Treat Burst Choco Creme Fills,30.0,0.0,3,30.0,120,False,120,Zepto
Biscuits,Parle Milano Mixed Berries Cookies,35.0,2.9,3,34.0,75,False,75,Zepto
Biscuits,Karachi Bakery Cashew Biscuits ,210.0,5.2,4,199.0,400,False,400,Zepto
Biscuits,Britannia Pure Magic Choco Lush Cookies,120.0,20.0,4,96.0,300,False,300,Zepto
Biscuits,Britannia Treart Creme Wafers Chocolate,45.0,11.1,6,40.0,60,False,1,Zepto
Biscuits,Unibic Daily Digestive (Multigrain Cookies),30.0,6.7,6,28.0,75,False,75,Zepto
Biscuits,Cadbury Chocobakes Choc Filled Cookies,60.0,0.0,6,60.0,150,False,150,Zepto
Biscuits,The Bake Shop Whole Wheat Multigrain Toast (Rusk),60.0,6.7,2,56.0,200,False,200,Zepto
Biscuits,Unibic Choco Kiss Cookies,45.0,15.6,5,38.0,75,False,75,Zepto
Biscuits,Britannia Treat Creme Wafers - Orange,45.0,11.1,6,40.0,60,False,60,Zepto
Biscuits,Bauli Moonfills Pack of 4,60.0,10.0,6,54.0,180,False,190,Zepto
Biscuits,Unibic Oatmeal Digestive Cookies ,50.0,6.0,6,47.0,150,False,150,Zepto
Biscuits,Orion Choco Pie - Chocolate Coated Soft Biscuit,150.0,25.3,2,112.0,336,False,336,Zepto
Biscuits,Britannia Good Day Cashew Cookies Pack Of 6,120.0,10.0,6,108.0,120,False,120,Zepto
Biscuits,Parle Fab Bourbon,30.0,0.0,3,30.0,150,False,150,Zepto
Biscuits,Open Secret White Choco Tiffin Pack,35.0,22.9,1,27.0,25,False,25,Zepto
Biscuits,The Bake Shop Whole Wheat Bread Sticks,60.0,6.7,1,56.0,100,False,100,Zepto
Biscuits,Unibic Assorted Cookies ,149.0,8.1,6,137.0,450,False,450,Zepto
Biscuits,The Bake Shop Milk & Raisin Toast (Rusk),60.0,6.7,4,56.0,200,False,200,Zepto
Biscuits,Lotte Choco Pie Cocoa Pie,90.0,10.0,6,81.0,168,False,168,Zepto
Biscuits,Bauli Moonfils Veg - Strawberry,15.0,0.0,5,15.0,45,False,47,Zepto
Biscuits,The Bake Shop Masala Lavash,75.0,6.7,6,70.0,100,False,200,Zepto
Biscuits,Britannia Good Day Nut Cookies,30.0,0.0,6,30.0,120,False,120,Zepto
Biscuits,Sunfeast Mom's Magic Rich Butter Cookies,30.0,10.0,6,27.0,200,False,200,Zepto
Biscuits,The Bake Shop Whole Wheat Toast (Rusk) ,60.0,6.7,4,56.0,200,False,200,Zepto
Biscuits,Open Secret Peanut Butter Story Box,105.0,22.9,6,81.0,75,False,75,Zepto
Biscuits,Open Secret White Choco Story Box,105.0,22.9,6,81.0,75,False,75,Zepto
Biscuits,The Bake Shop Whole Wheat Multigrain Lavash,75.0,6.7,3,70.0,100,False,200,Zepto
Biscuits,McVitie's Oat Cookies,45.0,0.0,2,45.0,120,False,120,Zepto
Biscuits,Britannia Tiger Krunch Biscuits,120.0,0.0,4,120.0,400,False,400,Zepto
Biscuits,McVitie's Butter Cookies,30.0,10.0,6,27.0,200,False,200,Zepto
Biscuits,Bauli Moonfils Strawberry,15.0,0.0,5,15.0,45,False,45,Zepto
Biscuits,Britannia Good Day Butter Cookies,80.0,10.0,6,72.0,600,False,600,Zepto
Biscuits,Parle Hide & Seek Choco Rolls,60.0,0.0,1,60.0,120,False,120,Zepto
Biscuits,The Bake Shop Jeera Ajwain Bread Sticks,60.0,6.7,6,56.0,100,False,100,Zepto
Biscuits,Parle Fab!o Vanilla Creme Sandwich Biscuit,30.0,3.3,6,29.0,120,False,120,Zepto
Biscuits,Sunfeast Farmlite Nuts Digestive,70.0,11.4,6,62.0,250,False,250,Zepto
Biscuits,Britannia Pure Magic - Chocolush,35.0,2.9,6,34.0,100,False,100,Zepto
Biscuits,The Bake Shop Maska & Multigrain Cheese Crackers,130.0,10.8,3,116.0,100,False,150,Zepto
Biscuits,Britannia Nutri Choice Ragi Cookies,70.0,10.0,6,63.0,150,False,150,Zepto
Biscuits,Sunfeast Farmlite 5 Seed Digestive,60.0,0.0,2,60.0,250,False,250,Zepto
Biscuits,Dukes Nibbles - Ranch Crackers,50.0,0.0,6,50.0,150,False,150,Zepto
Biscuits,Danish Butter Cookies,350.0,0.0,1,350.0,400,False,400,Zepto
Biscuits,The Bake Shop Sesame Seed Crackers,130.0,10.8,4,116.0,100,False,150,Zepto
Personal Care,Clove Sensitive Toothpaste with Anti-Sensitivity & Fluoride Formulation,160.0,35.0,3,104.0,80,False,80,Zepto
Personal Care,Dettol Original Germ Protection Alcohol Based Hand Sanitizer,25.0,0.0,6,25.0,50,False,50,Zepto
Personal Care,Colgate Visible White Toothpaste,115.0,10.4,6,103.0,100,False,100,Zepto
Personal Care,Dettol SKincare Handwash Value Refill,109.0,3.7,6,105.0,750,False,750,Zepto
Personal Care,Savlon Herbal Sensitive Liquid Handwash Refill Pouch,115.0,4.3,6,110.0,750,False,500,Zepto
Personal Care,Colgate Total 12 Whole Mouth Protection Toothpaste,120.0,10.0,6,108.0,120,False,120,Zepto
Personal Care,Lux International Creamy White Soap Bar,35.0,2.9,6,34.0,75,False,75,Zepto
Personal Care,Colgate Herbal Toothpaste,114.0,18.4,2,93.0,200,False,200,Zepto
Personal Care,Nivea Men Deodorant Fresh Active 48h Long lasting Freshness,225.0,24.9,6,169.0,150,False,150,Zepto
Personal Care,Dabur Meswak Toothpaste,58.0,5.2,6,55.0,100,False,100,Zepto
Personal Care,Colgate Max Fresh Cooling Crystals Toothpaste,101.0,5.9,2,95.0,150,False,150,Zepto
Personal Care,Indulekha Bhringa Hair Oil,432.0,15.0,6,367.0,100,False,100,Zepto
Personal Care,Colgate Sensitive Soft Bristles Toothbrush,50.0,0.0,6,50.0,58,False,1,Zepto
Personal Care,Pears Pure & Gentle Glycerin Bath Soap,75.0,0.0,6,75.0,125,False,125,Zepto
Personal Care,Vaseline Skin Protecting Jelly,79.0,13.9,6,68.0,50,False,50,Zepto
Personal Care,Dettol Original Germ Protection Bathing Soap Bar,166.0,5.4,4,157.0,375,False,375,Zepto
Personal Care,Dettol Intense Cool Soap (B4G1),260.0,5.0,6,247.0,625,False,625,Zepto
Personal Care,Livon Anti-Frizz Serum,250.0,10.0,3,225.0,100,False,100,Zepto
Personal Care,Lifebuoy Germ Protection Care Soap Bar,30.0,3.3,3,29.0,100,False,125,Zepto
Personal Care,Lux International Creamy White Soap Bar,70.0,10.0,6,63.0,125,False,125,Zepto
Personal Care,Godrej Nupur – 100% Pure Henna (Mehendi),10.0,0.0,6,10.0,18,False,18,Zepto
Personal Care,Glow & Lovely Advanced Multivitamin Face Cream,213.0,10.8,6,190.0,110,False,110,Zepto
Personal Care,Set Wet Style Vertical Hold Hair Gel,50.0,10.0,4,45.0,50,False,50,Zepto
Personal Care,"Godrej Expert Rich Crème, Natural Black",30.0,0.0,6,30.0,20,False,20,Zepto
Personal Care,Nycil Germ Expert Cool Herbal Talc,130.0,8.5,1,119.0,150,False,200,Zepto
Personal Care,Godrej Expert Creme Hair Natural Brown Colour ,30.0,0.0,6,30.0,20,False,20,Zepto
Personal Care,Veet Sensitive Skin Hair Removal Cream,135.0,5.2,6,128.0,50,False,50,Zepto
Personal Care,Closeup Everfresh+ Anti-Germ Gel Toothpaste Red Hot,50.0,2.0,1,49.0,80,False,80,Zepto
Personal Care,Pears Pure And Gentle Value Pack Of 3 Bathing Soap,199.0,6.5,5,186.0,375,False,375,Zepto
Personal Care,Gillette Presto Ready Shaver 5 Cartridges ,88.0,6.8,6,82.0,290,False,5,Zepto
Personal Care,Closeup Everfresh+ Anti-Germ Gel Toothpaste Red Hot,160.0,10.0,4,144.0,300,False,300,Zepto
Personal Care,"Godrej Expert Rich Crème, Dark Brown",30.0,0.0,4,30.0,20,False,20,Zepto
Personal Care,Nivea Soft Light Moisturizer for Face Hand & Body Non-Sticky Cream with Vitamin E & Jojoba Oil ,185.0,15.1,3,157.0,100,False,100,Zepto
Personal Care,Fiama Gel Bar Celebration Pack Buy 4 Get 1 Free,290.0,10.0,6,261.0,625,False,625,Zepto
Personal Care,Gillette Sensitive Shaving Foam,225.0,6.7,4,210.0,418,False,418,Zepto
Personal Care,Dove Hair Fall Rescue Shampoo,150.0,6.0,5,141.0,180,False,180,Zepto
Personal Care,Gillette Mach 3 Mens Razor Blades,499.0,7.8,4,460.0,232,False,4,Zepto
Personal Care,Palmolive Aroma Absolute Relax Shower Gel,199.0,20.1,2,159.0,250,False,250,Zepto
Personal Care,Godrej Protekt Germ Fighter Handwash,99.0,0.0,6,99.0,750,False,750,Zepto
Personal Care,Dettol Hand Sanitizer,100.0,5.0,6,95.0,200,False,200,Zepto
Personal Care,Dabur Amla Hair Oil,88.0,0.0,2,88.0,180,False,180,Zepto
Personal Care,Dettol Original Liquid Handwash,89.0,4.5,6,85.0,200,False,200,Zepto
Personal Care,L'Oreal Paris Total Repair 5 Conditioner,199.0,0.0,6,199.0,192,False,180,Zepto
Personal Care,Patanjali Saundarya Aloe Vera Gel,90.0,0.0,5,90.0,150,False,150,Zepto
Personal Care,Head & Shoulders 2 In 1 Anti Dandruff Shampoo Conditioner ,195.0,10.8,4,174.0,180,False,180,Zepto
Personal Care,Clean & Clear Pimple Clearing Face Wash,130.0,10.0,2,117.0,80,False,80,Zepto
Personal Care,Himalaya Anti Dandruff Shampoo,140.0,8.6,2,128.0,200,False,200,Zepto
Personal Care,Stayfree Secure Dry Cover Regular Sanitary Pad With Wings,30.0,3.3,6,29.0,406,False,7,Zepto
Personal Care,Savlon Moisture Shield Hand Wash,99.0,4.0,6,95.0,750,False,750,Zepto
Personal Care,Dove Intense Repair Conditioner,190.0,14.7,6,162.0,175,False,80,Zepto
Personal Care,Dabur Gulabari Rose Glow Face Cleanse,75.0,5.3,4,71.0,100,False,100,Zepto
Personal Care,Parachute Jasmine Hair Oil,82.0,9.8,6,74.0,190,False,190,Zepto
Personal Care,Johnson's Baby Skincare Wipes,79.0,6.3,6,74.0,1160,False,20,Zepto
Personal Care,Dettol Skincare Liquid Hand Wash,79.0,0.0,6,79.0,200,False,200,Zepto
Personal Care,Old Spice Original Lather Shaving Cream,75.0,9.3,6,68.0,70,False,70,Zepto
Personal Care,Veet Hair Removal Cream Dry Skin,135.0,5.2,5,128.0,50,False,50,Zepto
Personal Care,L'Oreal Paris Total Repair 5 Shampoo,265.0,0.0,2,265.0,396,False,360,Zepto
Personal Care,Fiama Menthol & Magnolia Cooling Gel Bar Soap,160.0,11.9,6,141.0,375,False,375,Zepto
Personal Care,Nivea Lip Balm Original Care for 24h Moisture with Shea Butter & Natural Oils,140.0,15.0,6,119.0,5,False,4,Zepto
Personal Care,Oral-B Charcoal Deep Clean Stain Removal Toothbrush Soft,99.0,0.0,3,99.0,232,False,4,Zepto
Personal Care,Neutrogena Ultra Sheer Dry Touch SPF 50+ Sunblock Sunscreen Lotion,250.0,10.0,3,225.0,30,False,30,Zepto
Personal Care,Clinic Plus Strong & Long Health Shampoo,499.0,10.0,3,449.0,650,False,650,Zepto
Personal Care,Johnson's Baby No More Tears Baby Shampoo,98.0,0.0,5,98.0,100,False,100,Zepto
Personal Care,Colgate Zig Zag Toothbrush,120.0,0.0,3,120.0,348,False,6,Zepto
Personal Care,Savlon Moisture Shield Germ Protection Handwash Refill (Buy 1 Get 1 Free),189.0,0.0,6,189.0,1500,False,1500,Zepto
Personal Care,Colgate Sensitive Everyday Protection Anticavity Toothpaste,75.0,0.0,6,75.0,40,False,40,Zepto
Personal Care,Whisper Ultra Soft XL+ Sanitary Pads,330.0,2.1,6,323.0,30,False,30,Zepto
Personal Care,Garnier Colour Naturals Hair Colour - 1 Natural Black,80.0,0.0,1,80.0,60,False,60,Zepto
Personal Care,Axe Pulse Men's Deodorant,210.0,0.0,6,210.0,150,False,150,Zepto
Personal Care,Colgate Zigzag Charcoal Soft Bristle Toothbrush - 4 Pcs,99.0,0.0,6,99.0,232,False,4,Zepto
Personal Care,Whisper Ultra Clean Wings XL+  Pouch,449.0,7.6,6,415.0,44,False,44,Zepto
Personal Care,Whisper Choice Regular Sanitary Pads,90.0,0.0,6,90.0,1160,False,20,Zepto
Personal Care,Axe Dark Temptation Men's Deodorant,210.0,7.6,5,194.0,150,False,150,Zepto
Personal Care,Head & Shoulders Anti-Dandruff Smooth & Silky Shampoo,150.0,0.0,4,150.0,180,False,180,Zepto
Personal Care,Clinic Plus Strength & Shine Shampoo With Egg Protein ,105.0,0.0,2,105.0,175,False,175,Zepto
Personal Care,Engage M1 Perfume Spray for Men ,210.0,7.6,6,194.0,120,False,120,Zepto
Personal Care,Tresemme Keratin Smooth Conditioner,380.0,0.0,3,380.0,340,False,340,Zepto
Personal Care,"Garnier Color Naturals Crème Hair Color, Shade 5 Light Brown",180.0,0.0,1,180.0,100,False,100,Zepto
Personal Care,Origami Aloe Vera Wipes,75.0,13.3,4,65.0,25,False,25,Zepto
Personal Care,"Engage Drizzle Deodorant For Women, Floral And Lavender, Skin Friendly",195.0,10.8,6,174.0,150,False,150,Zepto
Personal Care,Gellette Presto Ready Shaver,20.0,0.0,1,20.0,58,False,1,Zepto
Personal Care,Colgate Max Fresh Plax Mouthwash - Fresh Mint,150.0,20.0,5,120.0,250,False,250,Zepto
Personal Care,Colgate Zig Zag Charcoal Medium Toothbrush 4 Pcs,99.0,0.0,6,99.0,232,False,4,Zepto
Personal Care,Godrej Protekt,99.0,0.0,3,99.0,750,False,750,Zepto
Personal Care,Colgate Total Charcoal Anticavity Toothpaste,110.0,10.0,3,99.0,120,False,120,Zepto
Personal Care,Colgate Kids 0-2 Extra Soft Tooth Brush,30.0,16.7,6,25.0,58,False,1,Zepto
Personal Care,Gillete Mach3 ,260.0,10.0,6,234.0,116,False,2,Zepto
Personal Care,Maybelline New York Colossal Kajal Black,149.0,0.0,2,149.0,0,False,0,Zepto
Personal Care,Godrej Cinthol Lime Talc,55.0,0.0,3,55.0,100,False,100,Zepto
Personal Care,Hamam Soap Bar Neem Tulsi and Aloe Vera,58.0,0.0,6,58.0,150,False,150,Zepto
Personal Care,"Godrej Expert Rich Crème, Burgundy",33.0,0.0,6,33.0,20,False,20,Zepto
Personal Care,Colgate Gentle Sensitive+ Toothbrush Pack Of 4,120.0,10.0,4,108.0,232,False,4,Zepto
Personal Care,Nivea Creme All Season Multi-Purpose Cream ,175.0,10.3,4,157.0,100,False,100,Zepto
Personal Care,Oral-B Charcoal Deep Clean Stain Removal Toothbrush Medium,99.0,0.0,1,99.0,232,False,4,Zepto
Personal Care,Mamaearth 100% Natural Berry Blast Kids Toothpaste,149.0,10.1,4,134.0,50,False,50,Zepto
Personal Care,HImalaya Gentle Baby Wipes,200.0,10.0,3,180.0,72,False,72,Zepto
Personal Care,Stayfree Dry Max All Night XL Dry Cover Sanitary Pads,340.0,12.4,6,298.0,28,False,28,Zepto
Personal Care,"L'Oreal Paris Excellence Creme Hair Color, 1 Black",620.0,0.0,1,620.0,172,False,172,Zepto
Personal Care,Fem Fairness Naturals Saffron Skin Bleach,85.0,15.3,4,72.0,64,False,64,Zepto
Personal Care,Engage Woman Blush Body Deo Spray,195.0,10.8,5,174.0,150,False,150,Zepto
Personal Care,Dove Pink Rosa Beauty Bathinhg Bar,60.0,0.0,6,60.0,100,False,100,Zepto
Personal Care,Sebamed Cleansing Bar,99.0,10.1,4,89.0,100,False,100,Zepto
Personal Care,Pampers Premium Care Pants - Large,1099.0,18.2,2,899.0,44,False,44,Zepto
Personal Care,Nivea Women Deodorant Fresh Natural Long Lasting Freshness & 48h Protection,199.0,20.1,2,159.0,150,False,150,Zepto
Personal Care,"L'Oreal Paris Excellence Creme Hair Color, 3 Dark Brown/Natural Darkest Brown",620.0,0.0,6,620.0,172,False,172,Zepto
Personal Care,Patanjali Kesh Kanti Natural Hair Cleanser,75.0,9.3,4,68.0,200,False,200,Zepto
Personal Care,Godrej No.1 Bathing Soap – Lime & Aloe Vera,149.0,0.0,6,149.0,600,False,600,Zepto
Personal Care,Pantene Advanced Control Hair Fall Solution Shampoo,120.0,6.7,5,112.0,180,False,180,Zepto
Personal Care,Veet Full Body Waxing Kit For Dry Skin,235.0,7.2,6,218.0,1160,False,20,Zepto
Personal Care,Johnson's Baby Skincare Wipes,245.0,9.8,6,221.0,72,False,72,Zepto
Personal Care,Gillette Lemon Lime Shaving Foam,199.0,11.1,4,177.0,196,False,196,Zepto
Personal Care,Old Spice After Shave Lotion Musk,215.0,7.0,3,200.0,100,False,100,Zepto
Personal Care,Whisper Ultra Soft Air Fresh Sanitary Pads (XL) with Wings,315.0,0.0,4,315.0,30,False,30,Zepto
Personal Care,Himalaya Baby Powder,80.0,8.8,4,73.0,100,False,100,Zepto
Personal Care,Fiama Men's Refreshing Pulse Shower Gel,225.0,20.0,4,180.0,250,False,250,Zepto
Personal Care,Whisper Ultra Clean XL Plus Sanitary Pad,175.0,0.0,5,175.0,870,False,15,Zepto
Personal Care,Johnson's Baby Powder,143.0,0.0,6,143.0,200,False,200,Zepto
Personal Care,Dove Cream Beauty Bathing Bar,235.0,9.8,6,212.0,125,False,125,Zepto
Personal Care,Patanjali Kesh Kanti Shikakai Hair Cleanser,95.0,0.0,4,95.0,200,False,200,Zepto
Personal Care,L'Oreal Paris Color Protect Conditioner,199.0,0.0,3,199.0,192,False,192,Zepto
Personal Care,Nivea Men Active Clean with Active Charcoal Shower Gel for Body Face & Hair,199.0,4.0,5,191.0,250,False,250,Zepto
Personal Care,L'Oreal 6 Oil Nourish Conditioner,135.0,0.0,1,135.0,192,False,192,Zepto
Personal Care,Godrej Easy Natural Black Hair Colour,25.0,0.0,5,25.0,20,False,20,Zepto
Personal Care,Dabur Gulabari Rose Water Daily Glow,80.0,6.2,2,75.0,250,False,250,Zepto
Personal Care,Himalaya Purifying Neem Face Wash,170.0,10.0,6,153.0,150,False,150,Zepto
Personal Care,Fem Fairness Naturals Gold Skin Bleach,65.0,9.2,3,59.0,24,False,24,Zepto
Personal Care,Whisper Choice Ultra XL Sanitary Pad,133.0,2.3,5,130.0,1160,False,20,Zepto
Personal Care,Dove Dandruff Care Shampoo,158.0,7.0,5,147.0,180,False,180,Zepto
Personal Care,Head & Shoulders Anti Dandruff Anti Hairfall Shampoo,285.0,0.0,5,285.0,340,False,240,Zepto
Personal Care,L'Oreal Casting Creme Ebony Black Hair Color,550.0,0.0,6,550.0,159,False,87,Zepto
Personal Care,Mamaearth Onion Hair Oil,399.0,10.0,6,359.0,150,False,150,Zepto
Personal Care,L'Oreal Paris Casting Creme Gloss Hair Color (Dark Brown 400),550.0,0.0,4,550.0,159,False,159,Zepto
Personal Care,Palmolive Naturals Sea Minerals Liquid Hand Wash,99.0,10.1,6,89.0,250,False,250,Zepto
Personal Care,Oral-B Extra Soft Bristles Sensitive ,98.0,0.0,4,98.0,232,False,4,Zepto
Personal Care,Engage M3 Perfume Spray for Men,200.0,10.0,3,180.0,120,False,120,Zepto
Personal Care,Mamaearth Deeply Nourishing wash for Babies,199.0,0.0,4,199.0,200,False,200,Zepto
Personal Care,Dettol Original Soap (B4G1),260.0,5.0,6,247.0,625,False,625,Zepto
Personal Care,Woodward's Gripe Water,75.0,0.0,6,75.0,200,False,200,Zepto
Personal Care,"MamyPoko Pants Extra Absorb Diapers, New Born",299.0,6.7,5,279.0,28,False,28,Zepto
Personal Care,Johnson's Baby Soap,70.0,0.0,6,70.0,100,False,100,Zepto
Personal Care,Engage M4 Perfume Spray For Men,200.0,10.0,6,180.0,120,False,120,Zepto
Personal Care,Fem Fairness Naturals Hair Removal Cream Fair & Soft - Gold,65.0,10.8,4,58.0,40,False,40,Zepto
Personal Care,Dove Hair Fall Rescue Conditioner,190.0,0.0,4,190.0,175,False,175,Zepto
Personal Care,Himalaya Anti Hair Fall Shampoo,130.0,12.3,2,114.0,200,False,200,Zepto
Personal Care,Fiama Peach & Avocado Gel Bar,176.0,10.2,3,158.0,375,False,375,Zepto
Personal Care,Pears Pure & Gentle Value Pack Of 4 Bathing Soap ,125.0,0.0,6,125.0,75,False,75,Zepto
Personal Care,Fiama Fresh Hand Wash,150.0,6.7,3,140.0,400,False,400,Zepto
Personal Care,Palmolive Black Orchid And Milk Liquid Hand Wash,99.0,10.1,6,89.0,250,False,250,Zepto
Personal Care,Oral-B Criss Cross Medium Toothbrush (Buy 2 Get 2 Free),160.0,0.0,5,160.0,232,False,4,Zepto
Personal Care,Gillette Mach 3 Turbo Razor,349.0,6.9,5,325.0,58,False,1,Zepto
Personal Care,Himalaya Baby Lotion,165.0,12.1,3,145.0,200,False,200,Zepto
Personal Care,Head & Shoulders 2-in-1 Cool Menthol Anti Dandruff Shampoo + Conditioner,375.0,0.0,1,375.0,340,False,180,Zepto
Personal Care,Sunsilk Lusciously Thick & Long Shampoo,249.0,6.0,6,234.0,340,False,340,Zepto
Personal Care,Fiama Di Wills Men's Refreshing Pulse Shower Gel,225.0,4.9,3,214.0,250,False,250,Zepto
Personal Care,Sebamed Anti - Dandruff Shampoo,600.0,10.0,2,540.0,200,False,200,Zepto
Personal Care,Listerine Cool Mint Mouthwash - Mild Taste,150.0,10.0,6,135.0,250,False,250,Zepto
Personal Care,"L'Oreal Paris Excellence Creme Hair Color, 4.25 Aishwarya's Brown",620.0,0.0,6,620.0,172,False,172,Zepto
Personal Care,Himalaya Gentle Baby Bath,165.0,9.1,6,150.0,200,False,200,Zepto
Personal Care,"L'Oreal Paris Casting Creme Gloss Hair Color, Medium Brown 500",550.0,0.0,4,550.0,160,False,159,Zepto
Personal Care,L'Oreal Paris Color Protect Shampoo,282.0,0.0,3,282.0,360,False,360,Zepto
Personal Care,Fiama Di Wills Lemongrass & Jojoba Gel Bar,176.0,10.2,6,158.0,375,False,375,Zepto
Personal Care,Colgate Plax Peppermint Mouthwash,150.0,20.0,5,120.0,250,False,250,Zepto
Personal Care,Dove Daily Shine Conditioner,90.0,10.0,1,81.0,80,False,80,Zepto
Personal Care,Patanjali Kesh Kanti Anti Dandruff Hair Cleanser,110.0,0.0,6,110.0,200,False,200,Zepto
Personal Care,Old Spice Original After Shave Lotion,250.0,0.0,1,250.0,150,False,150,Zepto
Personal Care,Dove Hair Fall Rescue Shampoo,137.0,10.2,4,123.0,180,False,180,Zepto
Personal Care,Dettol Clinical Strength Hand Sanitizer Liquid,250.0,10.0,6,225.0,500,False,500,Zepto
Personal Care,Nivea Soft Light Moisturizer for Face Hand & Body Non-Sticky Cream with Vitamin E & Jojoba Oil,399.0,20.1,3,319.0,300,False,300,Zepto
Personal Care,Comfy Baby Pants XL 12-17 kg,429.0,15.2,1,364.0,24,False,24,Zepto
Personal Care,Dettol Liquid Handwash With Free Liquid,99.0,0.0,6,99.0,200,False,200,Zepto
Personal Care,Nivea Body Milk Lotion for Very Dry Skin,399.0,20.1,6,319.0,400,False,400,Zepto
Personal Care,Lakme Sun Expert,225.0,0.0,6,225.0,60,False,60,Zepto
Personal Care,Head & shoulders Anti Dandruff Shampoo Cool Menthol,170.0,0.0,6,170.0,180,False,180,Zepto
Personal Care,Godrej Nupur Henna,75.0,0.0,5,75.0,150,False,120,Zepto
Personal Care,Johnson's Baby Lotion,100.0,0.0,4,100.0,100,False,100,Zepto
Personal Care,Himalaya Anti Dandruff Shampoo,140.0,10.0,1,126.0,200,False,200,Zepto
Personal Care,Maybelline New York Colossal Kajal Super Black,300.0,8.3,3,275.0,0,False,0,Zepto
Personal Care,Stayfree Dry-Max All Night Ultra-Dry Sanitary Pad,90.0,10.0,6,81.0,406,False,7,Zepto
Personal Care,Dove Daily Shine Shampoo,645.0,5.1,3,612.0,650,False,650,Zepto
Personal Care,Godrej Easy 5 Minute Natural Brown 4 Hair Colour,29.0,0.0,5,29.0,20,False,20,Zepto
Personal Care,Colgate Sensitive Plus Enamel Toothpaste Tube,140.0,0.0,6,140.0,160,False,160,Zepto
Personal Care,Colgate Max Fresh Peppermint Toothpaste ,182.0,15.4,6,154.0,300,False,300,Zepto
Personal Care,Pond's Light Moisturiser,309.0,10.0,6,278.0,250,False,250,Zepto
Personal Care,Engage Mate For Man Deo Spray,195.0,10.8,5,174.0,150,False,150,Zepto
Personal Care,Pantene Advanced Hair Fall Solution Shampoo - Total Damage Care,120.0,0.0,5,120.0,180,False,180,Zepto
Personal Care,Whisper Choice Regular Wing Sanitary Pad,30.0,0.0,2,30.0,406,False,7,Zepto
Personal Care,Colgate Slim Soft Charcoal Toothbrush,150.0,18.0,4,123.0,232,False,4,Zepto
Personal Care,Fiama Scents Juniper & Geranium Body Wash,199.0,6.5,5,186.0,250,False,250,Zepto
Personal Care,Mamaearth Ubtan Body Lotion,399.0,15.0,4,339.0,400,False,400,Zepto
Personal Care,Godrej Aer Power Pocket - Long Lasting Bathroom Fragrance Floral Delight,55.0,0.0,6,55.0,10,False,10,Zepto
Personal Care,Himalaya Anti-Hair Fall Shampoo,230.0,18.3,1,188.0,400,False,400,Zepto
Personal Care,Nivea Soft Light Moisturizer for Face Hand & Body Non-Sticky Cream with Vitamin E & Jojoba Oil,310.0,15.2,6,263.0,200,False,200,Zepto
Personal Care,Engage M2 Perfume Spray For Men,200.0,10.0,6,180.0,120,False,120,Zepto
Personal Care,Listerine Cool Mint Mouthwash - Mild Taste,150.0,10.0,6,135.0,250,False,250,Zepto
Personal Care,Mamaearth Ubtan Face Scrub Turmeric & Walnut,349.0,10.0,1,314.0,100,False,100,Zepto
Personal Care,Himalaya Purifying Neem Face Wash Tube,270.0,15.2,6,229.0,300,False,300,Zepto
Personal Care,Johnson's Baby Top To Toe Bath Body Wash,165.0,0.0,4,165.0,210,False,210,Zepto
Personal Care,Gillette Mach 3 Start,249.0,0.0,6,249.0,116,False,2,Zepto
Personal Care,Scalpe Pro Anti dandruff Shampoo 100ml,185.0,0.0,2,185.0,100,False,100,Zepto
Personal Care,Johnson's Baby Cream,150.0,0.0,6,150.0,100,False,100,Zepto
Personal Care,Johnson's Baby Soap,105.0,0.0,6,105.0,150,False,150,Zepto
Personal Care,Himalaya Gentle Baby Shampoo,320.0,17.2,6,265.0,400,False,400,Zepto
Personal Care,L'Oreal Paris Shine Masque Royal Jelly Hair Colour,550.0,0.0,3,550.0,88,False,87,Zepto
Personal Care,Engage Rush Deodorant For Men,190.0,11.1,6,169.0,150,False,150,Zepto
Personal Care,Clean & Clear Foaming Face Wash,140.0,10.0,4,126.0,100,False,100,Zepto
Personal Care,Dettol Lather Shaving Cream,75.0,5.3,6,71.0,78,False,78,Zepto
Personal Care,Gillette Classic Regular Pre Shave Foam,199.0,0.0,4,199.0,196,False,196,Zepto
Personal Care,Dove Daily Shine Conditioner,190.0,0.0,6,190.0,175,False,180,Zepto
Personal Care,Johnson's Baby Shampoo,180.0,0.0,6,180.0,200,False,200,Zepto
Personal Care,Park Avenue Beer Shampoo ,155.0,9.7,4,140.0,180,False,180,Zepto
Personal Care,Pantene Advanced Hair Fall Solution Silky Smooth Care Shampoo,120.0,6.7,6,112.0,180,False,180,Zepto
Personal Care,Fem Fairness Naturals Hair Removal Cream Fair & Soft - Rose,65.0,10.8,6,58.0,40,False,40,Zepto
Personal Care,Sunsilk Stunning Black Shine Shampoo,555.0,6.1,6,521.0,650,False,650,Zepto
Personal Care,Dabur Meswak Toothpaste,100.0,0.0,1,100.0,200,False,200,Zepto
Personal Care,Patanjali Kesh Kanti Reetha Hair Cleanser,85.0,0.0,5,85.0,200,False,200,Zepto
Personal Care,Nivea Lip Balm Soft Rose for 24h Moisture with Natural Oils Delicate Rose Shine,185.0,8.6,6,169.0,5,False,4,Zepto
Personal Care,Santoor Total Skin Care Soap With Sandal & Turmeric,180.0,0.0,6,180.0,600,False,600,Zepto
Personal Care,"L'Oreal Paris Excellence Creme Hair Color, 4 Natural Brown/Natural Dark Brown",620.0,0.0,1,620.0,172,False,172,Zepto
Personal Care,Gillette Pre Shave Foam - Classic Regular Skin,225.0,0.0,6,225.0,418,False,418,Zepto
Personal Care,Fiama Di Wills Shower Gel Patchouli & Macadamia,199.0,10.1,6,179.0,250,False,250,Zepto
Personal Care,Listerine Fresh Burst Mouthwash,140.0,10.0,4,126.0,250,False,250,Zepto
Personal Care,Nivea Cocoa Nourish Body Lotion With Coconut Oil & Cocoa Butter For Very Dry Skin ,299.0,17.4,5,247.0,200,False,200,Zepto
Personal Care,Pantene Hair Fall Control Shampoo,240.0,7.9,2,221.0,340,False,340,Zepto
Personal Care,Fogg Master - Royal Intense,250.0,0.0,5,250.0,120,False,120,Zepto
Personal Care,TRESemme Smooth And Shine Conditioner,220.0,0.0,5,220.0,190,False,190,Zepto
Personal Care,Whisper Ultra Clean XL Plus Sanitary Pad,155.0,0.0,6,155.0,870,False,15,Zepto
Personal Care,"Colgate Kids Toothpaste - 6+ Years, Strawberry Flavour",93.0,5.4,6,88.0,80,False,80,Zepto
Personal Care,Nivea Soft Moisturizing Cream,310.0,12.3,1,272.0,200,False,200,Zepto
Personal Care,Patanjali Kesh Kanti Aloe Vera Hair Cleanser,85.0,0.0,5,85.0,200,False,200,Zepto
Personal Care,Neutrogena Deep Clean Foaming Cleanser,130.0,11.5,2,115.0,50,False,50,Zepto
Personal Care,Clean & Clear Morning Energy Berry Face Wash,155.0,6.5,6,145.0,100,False,100,Zepto
Personal Care,Pampers Premium Care New Baby Pants,320.0,0.0,4,320.0,24,False,24,Zepto
Personal Care,Vaseline Intensive Care Aloe Fresh,225.0,9.8,6,203.0,200,False,200,Zepto
Personal Care,L'Oreal Paris Dream Lengths Shampoo,149.0,0.0,6,149.0,192,False,192,Zepto
Personal Care,Johnson's Baby Oil,115.0,0.0,4,115.0,100,False,100,Zepto
Personal Care,Engage Man Rush Deodorant,195.0,9.7,6,176.0,150,False,150,Zepto
Personal Care,Pantene Advanced Hair Fall Solution Shampoo - Total Damage Care,264.0,0.0,6,264.0,340,False,340,Zepto
Personal Care,Whisper Daily Liners Clean and Fresh,105.0,0.0,4,105.0,1160,False,20,Zepto
Personal Care,Himalaya Men Pimple Clear Neem Face Wash,180.0,9.4,2,163.0,100,False,100,Zepto
Personal Care,Pantene Adv Hairfall Solution Conditioner Silky Smooth,190.0,0.0,5,190.0,200,False,200,Zepto
Personal Care,Himalaya Prickly Heat Baby Powder,90.0,10.0,6,81.0,100,False,100,Zepto
Personal Care,Mamaearth Daily Moisturizing Lotion For Babies,199.0,0.0,6,199.0,200,False,200,Zepto
Personal Care,Stayfree Advanced XL Ultra Comfort Sanitary napkins with Wings,175.0,0.0,3,175.0,812,False,14,Zepto
Personal Care,Pampers Premium Care Pants - Medium,1099.0,18.2,6,899.0,54,False,54,Zepto
Personal Care,Fiama Men's Refreshing Pulse Shower Gel,199.0,10.1,6,179.0,250,False,250,Zepto
Personal Care,Vaseline Original Skin Protecting Jelly,125.0,10.4,6,112.0,100,False,100,Zepto
Personal Care,Clean & Clear Foaming Face Wash,180.0,10.0,6,162.0,150,False,150,Zepto
Personal Care,Fiama Lemongrass and Jojoba Shower Gel,225.0,20.0,6,180.0,250,False,250,Zepto
Personal Care,Oral-B Charcoal Cross Cross Extra Soft Toothbrush (Buy 2 Get 1 Free),180.0,0.0,1,180.0,174,False,3,Zepto
Personal Care,Listerine Fresh Burst Mouthwash,285.0,7.7,6,263.0,500,False,500,Zepto
Personal Care,Veet Full Body Waxing Kit,235.0,7.2,6,218.0,1160,False,20,Zepto
Personal Care,Listerine Original Mouthwash,55.0,9.1,6,50.0,80,False,80,Zepto
Personal Care,Santoor Almond Soft With Sandal & Almond Milk,180.0,0.0,2,180.0,625,False,625,Zepto
Personal Care,Nivea Body Shea Smooth with Shea Butter for Dry Skin,425.0,20.0,5,340.0,400,False,9,Zepto
Personal Care,Neutrogena Deep Clean Facial Cleanser,130.0,0.0,4,130.0,50,False,50,Zepto
Personal Care,"L'Oreal Paris Excellence Creme Hair Color, 3.16 Burgundy",550.0,0.0,3,550.0,159,False,172,Zepto
Personal Care,Johnson's Baby Powder,235.0,0.0,6,235.0,400,False,400,Zepto
Personal Care,Bombay Shaving Company Charcoal Face Wash,249.0,0.0,4,249.0,100,False,100,Zepto
Personal Care,Colgate Kids 2+ Years Extra Soft Toothbrush,20.0,0.0,3,20.0,58,False,1,Zepto
Personal Care,Veet Hair Removal Cream (Normal Skin),135.0,5.2,6,128.0,50,False,50,Zepto
Personal Care,Dove Daily Shine Shampoo,240.0,0.0,4,240.0,340,False,340,Zepto
Personal Care,L'Oreal Anti Hair Fall Conditioner,199.0,0.0,6,199.0,192,False,192,Zepto
Personal Care,Nivea Body Lotion Aloe Hydration For Normal Skin ,275.0,10.2,6,247.0,200,False,200,Zepto
Personal Care,Pampers Pants - Large,1549.0,45.2,3,849.0,82,False,82,Zepto
Personal Care,"Engage Urge Deodorant For Men, Citrus And Woody, Skin Friendly",195.0,10.8,6,174.0,150,False,150,Zepto
Personal Care,Head & Shoulders 2 In 1 Anti Dandruff Smooth & Silky Shampoo+Conditioner,375.0,10.9,6,334.0,340,False,340,Zepto
Personal Care,Fem Fairness Natural Gold Skin Bleach,85.0,7.1,4,79.0,64,False,64,Zepto
Personal Care,Engage Deo Frost,195.0,9.7,6,176.0,150,False,150,Zepto
Personal Care,Stayfree Secure XL Size Sanitary Napkins,115.0,0.0,5,115.0,1160,False,20,Zepto
Personal Care,Pampers Pants - Medium,699.0,21.5,1,549.0,50,False,50,Zepto
Personal Care,Pampers Active Baby Diapers New Born Extra Small ,1099.0,22.7,3,849.0,72,False,72,Zepto
Personal Care,"Nivea Creme, All Season Multi-Purpose Cream",175.0,9.7,6,158.0,100,False,100,Zepto
Personal Care,Woodwards Gripe Water ,50.0,0.0,4,50.0,130,False,130,Zepto
Personal Care,Clean & Clear Morning Energy Aqua Splash Face Wash,145.0,9.7,5,131.0,100,False,100,Zepto
Personal Care,Sunsilk Lusciously Thick & Long Shampoo,555.0,6.1,6,521.0,650,False,650,Zepto
Personal Care,Mamaearth Skin Correct Face Serum,599.0,15.0,1,509.0,30,False,30,Zepto
Personal Care,Chik Hairfall Prevent Egg Shampoo,178.0,0.0,6,178.0,340,False,340,Zepto
Personal Care,Pantene Silky Smooth Care Shampoo,225.0,6.7,3,210.0,340,False,340,Zepto
Personal Care,"Garnier Skin Naturals, Micellar Cleansing Water",199.0,5.0,4,189.0,125,False,125,Zepto
Personal Care,Set Wet Swag Avatar Deodorant & Body Spray Perfume For Men,199.0,0.0,1,199.0,150,False,150,Zepto
Personal Care,Pampers All Round Protection Pants - Medium,699.0,17.7,6,575.0,50,False,50,Zepto
Personal Care,Set Wet Deodrant Charm Avatar,199.0,0.0,1,199.0,150,False,150,Zepto
Personal Care,Nupur Heena Mehandi,199.0,0.0,6,199.0,500,False,500,Zepto
Personal Care,Head & Shoulders 2-in-1 Active Protect Shampoo,375.0,9.9,6,338.0,340,False,340,Zepto
Personal Care,Gillette Mach 3 Turbo Cartridges,649.0,10.9,6,578.0,232,False,4,Zepto
Personal Care,TRESemme Smooth And Shine Conditioner,210.0,13.3,1,182.0,190,False,190,Zepto
Personal Care,Bombay Shaving Company Sensitive Cartridges,375.0,0.0,2,375.0,116,False,2,Zepto
Personal Care,Himalaya Baby Lotion,300.0,12.0,1,264.0,400,False,400,Zepto
Personal Care,Old Spice Lime Lather Shaving Cream,75.0,0.0,6,75.0,70,False,70,Zepto
Personal Care,Colgate Sensitive Plus Anticavity Toothpaste ,140.0,10.0,6,126.0,70,False,70,Zepto
Personal Care,Colgate Toothpaste For Kids Motu Oatlu,93.0,0.0,6,93.0,80,False,80,Zepto
Personal Care,Pantene Total Damage Care Shampoo,120.0,0.0,6,120.0,180,False,180,Zepto
Personal Care,Himalaya Moisturising Aloe Vera Facial Wipes,100.0,10.0,6,90.0,25,False,25,Zepto
Personal Care,Savlon Moisture Shield Hand Wash,69.0,0.0,5,69.0,200,False,200,Zepto
Personal Care,Pampers Active Baby Diapers New Born Extra Small,360.0,10.0,6,324.0,24,False,24,Zepto
Personal Care,Himalaya Anti Dandruff Shampoo,260.0,18.1,1,213.0,400,False,400,Zepto
Personal Care,Himalaya Anti Hair Fall Shampoo,490.0,25.1,4,367.0,700,False,700,Zepto
Personal Care,Johnson's Baby Oil,200.0,0.0,6,200.0,200,False,200,Zepto
Personal Care,Vaseline Intensive Care Deep Moisture Body Lotion,325.0,0.0,4,325.0,400,False,400,Zepto
Personal Care,L'Oreal Paris Dream Lengths Conditioner,199.0,0.0,1,199.0,193,False,193,Zepto
Personal Care,Nivea Soft Light Moisturizing Cream,185.0,15.1,6,157.0,100,False,100,Zepto
Personal Care,Whisper Ultra Soft XL+ Sanitary Pads,555.0,0.0,1,555.0,60,False,60,Zepto
Personal Care,Palmolive Feel The Massage Shower Gel,249.0,20.1,6,199.0,250,False,250,Zepto
Personal Care,L'Oreal Paris Dream Lengths Conditioner,209.0,0.0,3,209.0,193,False,193,Zepto
Personal Care,Head & Shoulders Anti-Dandruff Smooth & Silky Shampoo,285.0,6.7,6,266.0,340,False,340,Zepto
Personal Care,Mamaearth Moisturizing Baby Bath Soap,249.0,0.0,4,249.0,150,False,150,Zepto
Personal Care,Listerine Original Mouthwash,150.0,10.0,6,135.0,250,False,250,Zepto
Personal Care,Himalaya Gentle Baby Shampoo,170.0,14.1,6,146.0,200,False,200,Zepto
Personal Care,Dove Dryness Care Shampoo,268.0,6.0,1,252.0,340,False,340,Zepto
Personal Care,Dove Hair Fall Rescue Shampoo,280.0,15.7,6,236.0,340,False,340,Zepto
Personal Care,Head & Shoulders Anti Dandruff Shampoo Cool Menthol,295.0,9.8,6,266.0,340,False,340,Zepto
Personal Care,Bombay Shaving Company Defender Razor,345.0,0.0,6,345.0,58,False,1,Zepto
Personal Care,"Head & Shoulders Shampoo + Conditioner - 2-In-1, Cool Menthol",365.0,0.0,1,365.0,340,False,340,Zepto
Personal Care,Himalaya Baby Nourishing Massage Oil,200.0,20.0,2,160.0,200,False,250,Zepto
Personal Care,Himalaya Baby Powder,235.0,20.0,6,188.0,400,False,400,Zepto
Personal Care,Fogg Paradise Fragrant Body Spray For Women ,250.0,0.0,6,250.0,150,False,150,Zepto
Personal Care,Revive Revive Liquid,71.0,0.0,6,71.0,200,False,200,Zepto
Personal Care,Pantene Hairfall Control Conditioner,190.0,6.3,6,178.0,200,False,200,Zepto
Personal Care,Mamaearth Vitamin C Face Toner,399.0,0.0,1,399.0,200,False,200,Zepto
Personal Care,Himalaya Diaper Rash Cream,80.0,10.0,2,72.0,20,False,20,Zepto
Personal Care,Fogg Royal Fragrance Spray,230.0,0.0,4,230.0,150,False,120,Zepto
Personal Care,Dove Pink Rosa Beauty Bathing Bar,245.0,9.8,6,221.0,100,False,100,Zepto
Personal Care,Dove Dryness Care Conditioner Frizzy & Dry Hair,90.0,6.7,4,84.0,80,False,80,Zepto
Paan Corner,Clove Sensitive Toothpaste with Anti-Sensitivity & Fluoride Formulation,160.0,35.0,3,104.0,80,False,80,Zepto
Paan Corner,Dettol Original Germ Protection Alcohol Based Hand Sanitizer,25.0,0.0,6,25.0,50,False,50,Zepto
Paan Corner,Colgate Visible White Toothpaste,115.0,10.4,6,103.0,100,False,100,Zepto
Paan Corner,Dettol SKincare Handwash Value Refill,109.0,3.7,6,105.0,750,False,750,Zepto
Paan Corner,Savlon Herbal Sensitive Liquid Handwash Refill Pouch,115.0,4.3,6,110.0,750,False,500,Zepto
Paan Corner,Colgate Total 12 Whole Mouth Protection Toothpaste,120.0,10.0,6,108.0,120,False,120,Zepto
Paan Corner,Lux International Creamy White Soap Bar,35.0,2.9,6,34.0,75,False,75,Zepto
Paan Corner,Colgate Herbal Toothpaste,114.0,18.4,2,93.0,200,False,200,Zepto
Paan Corner,Nivea Men Deodorant Fresh Active 48h Long lasting Freshness,225.0,24.9,6,169.0,150,False,150,Zepto
Paan Corner,Dabur Meswak Toothpaste,58.0,5.2,6,55.0,100,False,100,Zepto
Paan Corner,Colgate Max Fresh Cooling Crystals Toothpaste,101.0,5.9,2,95.0,150,False,150,Zepto
Paan Corner,Indulekha Bhringa Hair Oil,432.0,15.0,6,367.0,100,False,100,Zepto
Paan Corner,Colgate Sensitive Soft Bristles Toothbrush,50.0,0.0,6,50.0,58,False,1,Zepto
Paan Corner,Pears Pure & Gentle Glycerin Bath Soap,75.0,0.0,6,75.0,125,False,125,Zepto
Paan Corner,Vaseline Skin Protecting Jelly,79.0,13.9,6,68.0,50,False,50,Zepto
Paan Corner,Dettol Original Germ Protection Bathing Soap Bar,166.0,5.4,4,157.0,375,False,375,Zepto
Paan Corner,Dettol Intense Cool Soap (B4G1),260.0,5.0,6,247.0,625,False,625,Zepto
Paan Corner,Livon Anti-Frizz Serum,250.0,10.0,3,225.0,100,False,100,Zepto
Paan Corner,Lifebuoy Germ Protection Care Soap Bar,30.0,3.3,3,29.0,100,False,125,Zepto
Paan Corner,Lux International Creamy White Soap Bar,70.0,10.0,6,63.0,125,False,125,Zepto
Paan Corner,Godrej Nupur – 100% Pure Henna (Mehendi),10.0,0.0,6,10.0,18,False,18,Zepto
Paan Corner,Glow & Lovely Advanced Multivitamin Face Cream,213.0,10.8,6,190.0,110,False,110,Zepto
Paan Corner,Set Wet Style Vertical Hold Hair Gel,50.0,10.0,4,45.0,50,False,50,Zepto
Paan Corner,"Godrej Expert Rich Crème, Natural Black",30.0,0.0,6,30.0,20,False,20,Zepto
Paan Corner,Nycil Germ Expert Cool Herbal Talc,130.0,8.5,1,119.0,150,False,200,Zepto
Paan Corner,Godrej Expert Creme Hair Natural Brown Colour ,30.0,0.0,6,30.0,20,False,20,Zepto
Paan Corner,Veet Sensitive Skin Hair Removal Cream,135.0,5.2,6,128.0,50,False,50,Zepto
Paan Corner,Closeup Everfresh+ Anti-Germ Gel Toothpaste Red Hot,50.0,2.0,1,49.0,80,False,80,Zepto
Paan Corner,Pears Pure And Gentle Value Pack Of 3 Bathing Soap,199.0,6.5,5,186.0,375,False,375,Zepto
Paan Corner,Gillette Presto Ready Shaver 5 Cartridges ,88.0,6.8,6,82.0,290,False,5,Zepto
Paan Corner,Closeup Everfresh+ Anti-Germ Gel Toothpaste Red Hot,160.0,10.0,4,144.0,300,False,300,Zepto
Paan Corner,"Godrej Expert Rich Crème, Dark Brown",30.0,0.0,4,30.0,20,False,20,Zepto
Paan Corner,Nivea Soft Light Moisturizer for Face Hand & Body Non-Sticky Cream with Vitamin E & Jojoba Oil ,185.0,15.1,3,157.0,100,False,100,Zepto
Paan Corner,Fiama Gel Bar Celebration Pack Buy 4 Get 1 Free,290.0,10.0,6,261.0,625,False,625,Zepto
Paan Corner,Gillette Sensitive Shaving Foam,225.0,6.7,4,210.0,418,False,418,Zepto
Paan Corner,Dove Hair Fall Rescue Shampoo,150.0,6.0,5,141.0,180,False,180,Zepto
Paan Corner,Gillette Mach 3 Mens Razor Blades,499.0,7.8,4,460.0,232,False,4,Zepto
Paan Corner,Palmolive Aroma Absolute Relax Shower Gel,199.0,20.1,2,159.0,250,False,250,Zepto
Paan Corner,Godrej Protekt Germ Fighter Handwash,99.0,0.0,6,99.0,750,False,750,Zepto
Paan Corner,Dettol Hand Sanitizer,100.0,5.0,6,95.0,200,False,200,Zepto
Paan Corner,Dabur Amla Hair Oil,88.0,0.0,2,88.0,180,False,180,Zepto
Paan Corner,Dettol Original Liquid Handwash,89.0,4.5,6,85.0,200,False,200,Zepto
Paan Corner,L'Oreal Paris Total Repair 5 Conditioner,199.0,0.0,6,199.0,192,False,180,Zepto
Paan Corner,Patanjali Saundarya Aloe Vera Gel,90.0,0.0,5,90.0,150,False,150,Zepto
Paan Corner,Head & Shoulders 2 In 1 Anti Dandruff Shampoo Conditioner ,195.0,10.8,4,174.0,180,False,180,Zepto
Paan Corner,Clean & Clear Pimple Clearing Face Wash,130.0,10.0,2,117.0,80,False,80,Zepto
Paan Corner,Himalaya Anti Dandruff Shampoo,140.0,8.6,2,128.0,200,False,200,Zepto
Paan Corner,Stayfree Secure Dry Cover Regular Sanitary Pad With Wings,30.0,3.3,6,29.0,406,False,7,Zepto
Paan Corner,Savlon Moisture Shield Hand Wash,99.0,4.0,6,95.0,750,False,750,Zepto
Paan Corner,Dove Intense Repair Conditioner,190.0,14.7,6,162.0,175,False,80,Zepto
Paan Corner,Dabur Gulabari Rose Glow Face Cleanse,75.0,5.3,4,71.0,100,False,100,Zepto
Paan Corner,Parachute Jasmine Hair Oil,82.0,9.8,6,74.0,190,False,190,Zepto
Paan Corner,Johnson's Baby Skincare Wipes,79.0,6.3,6,74.0,1160,False,20,Zepto
Paan Corner,Dettol Skincare Liquid Hand Wash,79.0,0.0,6,79.0,200,False,200,Zepto
Paan Corner,Old Spice Original Lather Shaving Cream,75.0,9.3,6,68.0,70,False,70,Zepto
Paan Corner,Veet Hair Removal Cream Dry Skin,135.0,5.2,5,128.0,50,False,50,Zepto
Paan Corner,L'Oreal Paris Total Repair 5 Shampoo,265.0,0.0,2,265.0,396,False,360,Zepto
Paan Corner,Fiama Menthol & Magnolia Cooling Gel Bar Soap,160.0,11.9,6,141.0,375,False,375,Zepto
Paan Corner,Nivea Lip Balm Original Care for 24h Moisture with Shea Butter & Natural Oils,140.0,15.0,6,119.0,5,False,4,Zepto
Paan Corner,Oral-B Charcoal Deep Clean Stain Removal Toothbrush Soft,99.0,0.0,3,99.0,232,False,4,Zepto
Paan Corner,Neutrogena Ultra Sheer Dry Touch SPF 50+ Sunblock Sunscreen Lotion,250.0,10.0,3,225.0,30,False,30,Zepto
Paan Corner,Clinic Plus Strong & Long Health Shampoo,499.0,10.0,3,449.0,650,False,650,Zepto
Paan Corner,Johnson's Baby No More Tears Baby Shampoo,98.0,0.0,5,98.0,100,False,100,Zepto
Paan Corner,Colgate Zig Zag Toothbrush,120.0,0.0,3,120.0,348,False,6,Zepto
Paan Corner,Savlon Moisture Shield Germ Protection Handwash Refill (Buy 1 Get 1 Free),189.0,0.0,6,189.0,1500,False,1500,Zepto
Paan Corner,Colgate Sensitive Everyday Protection Anticavity Toothpaste,75.0,0.0,6,75.0,40,False,40,Zepto
Paan Corner,Whisper Ultra Soft XL+ Sanitary Pads,330.0,2.1,6,323.0,30,False,30,Zepto
Paan Corner,Garnier Colour Naturals Hair Colour - 1 Natural Black,80.0,0.0,1,80.0,60,False,60,Zepto
Paan Corner,Axe Pulse Men's Deodorant,210.0,0.0,6,210.0,150,False,150,Zepto
Paan Corner,Colgate Zigzag Charcoal Soft Bristle Toothbrush - 4 Pcs,99.0,0.0,6,99.0,232,False,4,Zepto
Paan Corner,Whisper Ultra Clean Wings XL+  Pouch,449.0,7.6,6,415.0,44,False,44,Zepto
Paan Corner,Whisper Choice Regular Sanitary Pads,90.0,0.0,6,90.0,1160,False,20,Zepto
Paan Corner,Axe Dark Temptation Men's Deodorant,210.0,7.6,5,194.0,150,False,150,Zepto
Paan Corner,Head & Shoulders Anti-Dandruff Smooth & Silky Shampoo,150.0,0.0,4,150.0,180,False,180,Zepto
Paan Corner,Clinic Plus Strength & Shine Shampoo With Egg Protein ,105.0,0.0,2,105.0,175,False,175,Zepto
Paan Corner,Engage M1 Perfume Spray for Men ,210.0,7.6,6,194.0,120,False,120,Zepto
Paan Corner,Tresemme Keratin Smooth Conditioner,380.0,0.0,3,380.0,340,False,340,Zepto
Paan Corner,"Garnier Color Naturals Crème Hair Color, Shade 5 Light Brown",180.0,0.0,1,180.0,100,False,100,Zepto
Paan Corner,Origami Aloe Vera Wipes,75.0,13.3,4,65.0,25,False,25,Zepto
Paan Corner,"Engage Drizzle Deodorant For Women, Floral And Lavender, Skin Friendly",195.0,10.8,6,174.0,150,False,150,Zepto
Paan Corner,Gellette Presto Ready Shaver,20.0,0.0,1,20.0,58,False,1,Zepto
Paan Corner,Colgate Max Fresh Plax Mouthwash - Fresh Mint,150.0,20.0,5,120.0,250,False,250,Zepto
Paan Corner,Colgate Zig Zag Charcoal Medium Toothbrush 4 Pcs,99.0,0.0,6,99.0,232,False,4,Zepto
Paan Corner,Godrej Protekt,99.0,0.0,3,99.0,750,False,750,Zepto
Paan Corner,Colgate Total Charcoal Anticavity Toothpaste,110.0,10.0,3,99.0,120,False,120,Zepto
Paan Corner,Colgate Kids 0-2 Extra Soft Tooth Brush,30.0,16.7,6,25.0,58,False,1,Zepto
Paan Corner,Gillete Mach3 ,260.0,10.0,6,234.0,116,False,2,Zepto
Paan Corner,Maybelline New York Colossal Kajal Black,149.0,0.0,2,149.0,0,False,0,Zepto
Paan Corner,Godrej Cinthol Lime Talc,55.0,0.0,3,55.0,100,False,100,Zepto
Paan Corner,Hamam Soap Bar Neem Tulsi and Aloe Vera,58.0,0.0,6,58.0,150,False,150,Zepto
Paan Corner,"Godrej Expert Rich Crème, Burgundy",33.0,0.0,6,33.0,20,False,20,Zepto
Paan Corner,Colgate Gentle Sensitive+ Toothbrush Pack Of 4,120.0,10.0,4,108.0,232,False,4,Zepto
Paan Corner,Nivea Creme All Season Multi-Purpose Cream ,175.0,10.3,4,157.0,100,False,100,Zepto
Paan Corner,Oral-B Charcoal Deep Clean Stain Removal Toothbrush Medium,99.0,0.0,1,99.0,232,False,4,Zepto
Paan Corner,Mamaearth 100% Natural Berry Blast Kids Toothpaste,149.0,10.1,4,134.0,50,False,50,Zepto
Paan Corner,HImalaya Gentle Baby Wipes,200.0,10.0,3,180.0,72,False,72,Zepto
Paan Corner,Stayfree Dry Max All Night XL Dry Cover Sanitary Pads,340.0,12.4,6,298.0,28,False,28,Zepto
Paan Corner,"L'Oreal Paris Excellence Creme Hair Color, 1 Black",620.0,0.0,1,620.0,172,False,172,Zepto
Paan Corner,Fem Fairness Naturals Saffron Skin Bleach,85.0,15.3,4,72.0,64,False,64,Zepto
Paan Corner,Engage Woman Blush Body Deo Spray,195.0,10.8,5,174.0,150,False,150,Zepto
Paan Corner,Dove Pink Rosa Beauty Bathinhg Bar,60.0,0.0,6,60.0,100,False,100,Zepto
Paan Corner,Sebamed Cleansing Bar,99.0,10.1,4,89.0,100,False,100,Zepto
Paan Corner,Pampers Premium Care Pants - Large,1099.0,18.2,2,899.0,44,False,44,Zepto
Paan Corner,Nivea Women Deodorant Fresh Natural Long Lasting Freshness & 48h Protection,199.0,20.1,2,159.0,150,False,150,Zepto
Paan Corner,"L'Oreal Paris Excellence Creme Hair Color, 3 Dark Brown/Natural Darkest Brown",620.0,0.0,6,620.0,172,False,172,Zepto
Paan Corner,Patanjali Kesh Kanti Natural Hair Cleanser,75.0,9.3,4,68.0,200,False,200,Zepto
Paan Corner,Godrej No.1 Bathing Soap – Lime & Aloe Vera,149.0,0.0,6,149.0,600,False,600,Zepto
Paan Corner,Pantene Advanced Control Hair Fall Solution Shampoo,120.0,6.7,5,112.0,180,False,180,Zepto
Paan Corner,Veet Full Body Waxing Kit For Dry Skin,235.0,7.2,6,218.0,1160,False,20,Zepto
Paan Corner,Johnson's Baby Skincare Wipes,245.0,9.8,6,221.0,72,False,72,Zepto
Paan Corner,Gillette Lemon Lime Shaving Foam,199.0,11.1,4,177.0,196,False,196,Zepto
Paan Corner,Old Spice After Shave Lotion Musk,215.0,7.0,3,200.0,100,False,100,Zepto
Paan Corner,Whisper Ultra Soft Air Fresh Sanitary Pads (XL) with Wings,315.0,0.0,4,315.0,30,False,30,Zepto
Paan Corner,Himalaya Baby Powder,80.0,8.8,4,73.0,100,False,100,Zepto
Paan Corner,Fiama Men's Refreshing Pulse Shower Gel,225.0,20.0,4,180.0,250,False,250,Zepto
Paan Corner,Whisper Ultra Clean XL Plus Sanitary Pad,175.0,0.0,5,175.0,870,False,15,Zepto
Paan Corner,Johnson's Baby Powder,143.0,0.0,6,143.0,200,False,200,Zepto
Paan Corner,Dove Cream Beauty Bathing Bar,235.0,9.8,6,212.0,125,False,125,Zepto
Paan Corner,Patanjali Kesh Kanti Shikakai Hair Cleanser,95.0,0.0,4,95.0,200,False,200,Zepto
Paan Corner,L'Oreal Paris Color Protect Conditioner,199.0,0.0,3,199.0,192,False,192,Zepto
Paan Corner,Nivea Men Active Clean with Active Charcoal Shower Gel for Body Face & Hair,199.0,4.0,5,191.0,250,False,250,Zepto
Paan Corner,L'Oreal 6 Oil Nourish Conditioner,135.0,0.0,1,135.0,192,False,192,Zepto
Paan Corner,Godrej Easy Natural Black Hair Colour,25.0,0.0,5,25.0,20,False,20,Zepto
Paan Corner,Dabur Gulabari Rose Water Daily Glow,80.0,6.2,2,75.0,250,False,250,Zepto
Paan Corner,Himalaya Purifying Neem Face Wash,170.0,10.0,6,153.0,150,False,150,Zepto
Paan Corner,Fem Fairness Naturals Gold Skin Bleach,65.0,9.2,3,59.0,24,False,24,Zepto
Paan Corner,Whisper Choice Ultra XL Sanitary Pad,133.0,2.3,5,130.0,1160,False,20,Zepto
Paan Corner,Dove Dandruff Care Shampoo,158.0,7.0,5,147.0,180,False,180,Zepto
Paan Corner,Head & Shoulders Anti Dandruff Anti Hairfall Shampoo,285.0,0.0,5,285.0,340,False,240,Zepto
Paan Corner,L'Oreal Casting Creme Ebony Black Hair Color,550.0,0.0,6,550.0,159,False,87,Zepto
Paan Corner,Mamaearth Onion Hair Oil,399.0,10.0,6,359.0,150,False,150,Zepto
Paan Corner,L'Oreal Paris Casting Creme Gloss Hair Color (Dark Brown 400),550.0,0.0,4,550.0,159,False,159,Zepto
Paan Corner,Palmolive Naturals Sea Minerals Liquid Hand Wash,99.0,10.1,6,89.0,250,False,250,Zepto
Paan Corner,Oral-B Extra Soft Bristles Sensitive ,98.0,0.0,4,98.0,232,False,4,Zepto
Paan Corner,Engage M3 Perfume Spray for Men,200.0,10.0,3,180.0,120,False,120,Zepto
Paan Corner,Mamaearth Deeply Nourishing wash for Babies,199.0,0.0,4,199.0,200,False,200,Zepto
Paan Corner,Dettol Original Soap (B4G1),260.0,5.0,6,247.0,625,False,625,Zepto
Paan Corner,Woodward's Gripe Water,75.0,0.0,6,75.0,200,False,200,Zepto
Paan Corner,"MamyPoko Pants Extra Absorb Diapers, New Born",299.0,6.7,5,279.0,28,False,28,Zepto
Paan Corner,Johnson's Baby Soap,70.0,0.0,6,70.0,100,False,100,Zepto
Paan Corner,Engage M4 Perfume Spray For Men,200.0,10.0,6,180.0,120,False,120,Zepto
Paan Corner,Fem Fairness Naturals Hair Removal Cream Fair & Soft - Gold,65.0,10.8,4,58.0,40,False,40,Zepto
Paan Corner,Dove Hair Fall Rescue Conditioner,190.0,0.0,4,190.0,175,False,175,Zepto
Paan Corner,Himalaya Anti Hair Fall Shampoo,130.0,12.3,2,114.0,200,False,200,Zepto
Paan Corner,Fiama Peach & Avocado Gel Bar,176.0,10.2,3,158.0,375,False,375,Zepto
Paan Corner,Pears Pure & Gentle Value Pack Of 4 Bathing Soap ,125.0,0.0,6,125.0,75,False,75,Zepto
Paan Corner,Fiama Fresh Hand Wash,150.0,6.7,3,140.0,400,False,400,Zepto
Paan Corner,Palmolive Black Orchid And Milk Liquid Hand Wash,99.0,10.1,6,89.0,250,False,250,Zepto
Paan Corner,Oral-B Criss Cross Medium Toothbrush (Buy 2 Get 2 Free),160.0,0.0,5,160.0,232,False,4,Zepto
Paan Corner,Gillette Mach 3 Turbo Razor,349.0,6.9,5,325.0,58,False,1,Zepto
Paan Corner,Himalaya Baby Lotion,165.0,12.1,3,145.0,200,False,200,Zepto
Paan Corner,Head & Shoulders 2-in-1 Cool Menthol Anti Dandruff Shampoo + Conditioner,375.0,0.0,1,375.0,340,False,180,Zepto
Paan Corner,Sunsilk Lusciously Thick & Long Shampoo,249.0,6.0,6,234.0,340,False,340,Zepto
Paan Corner,Fiama Di Wills Men's Refreshing Pulse Shower Gel,225.0,4.9,3,214.0,250,False,250,Zepto
Paan Corner,Sebamed Anti - Dandruff Shampoo,600.0,10.0,2,540.0,200,False,200,Zepto
Paan Corner,Listerine Cool Mint Mouthwash - Mild Taste,150.0,10.0,6,135.0,250,False,250,Zepto
Paan Corner,"L'Oreal Paris Excellence Creme Hair Color, 4.25 Aishwarya's Brown",620.0,0.0,6,620.0,172,False,172,Zepto
Paan Corner,Himalaya Gentle Baby Bath,165.0,9.1,6,150.0,200,False,200,Zepto
Paan Corner,"L'Oreal Paris Casting Creme Gloss Hair Color, Medium Brown 500",550.0,0.0,4,550.0,160,False,159,Zepto
Paan Corner,L'Oreal Paris Color Protect Shampoo,282.0,0.0,3,282.0,360,False,360,Zepto
Paan Corner,Fiama Di Wills Lemongrass & Jojoba Gel Bar,176.0,10.2,6,158.0,375,False,375,Zepto
Paan Corner,Colgate Plax Peppermint Mouthwash,150.0,20.0,5,120.0,250,False,250,Zepto
Paan Corner,Dove Daily Shine Conditioner,90.0,10.0,1,81.0,80,False,80,Zepto
Paan Corner,Patanjali Kesh Kanti Anti Dandruff Hair Cleanser,110.0,0.0,6,110.0,200,False,200,Zepto
Paan Corner,Old Spice Original After Shave Lotion,250.0,0.0,1,250.0,150,False,150,Zepto
Paan Corner,Dove Hair Fall Rescue Shampoo,137.0,10.2,4,123.0,180,False,180,Zepto
Paan Corner,Dettol Clinical Strength Hand Sanitizer Liquid,250.0,10.0,6,225.0,500,False,500,Zepto
Paan Corner,Nivea Soft Light Moisturizer for Face Hand & Body Non-Sticky Cream with Vitamin E & Jojoba Oil,399.0,20.1,3,319.0,300,False,300,Zepto
Paan Corner,Comfy Baby Pants XL 12-17 kg,429.0,15.2,1,364.0,24,False,24,Zepto
Paan Corner,Dettol Liquid Handwash With Free Liquid,99.0,0.0,6,99.0,200,False,200,Zepto
Paan Corner,Nivea Body Milk Lotion for Very Dry Skin,399.0,20.1,6,319.0,400,False,400,Zepto
Paan Corner,Lakme Sun Expert,225.0,0.0,6,225.0,60,False,60,Zepto
Paan Corner,Head & shoulders Anti Dandruff Shampoo Cool Menthol,170.0,0.0,6,170.0,180,False,180,Zepto
Paan Corner,Godrej Nupur Henna,75.0,0.0,5,75.0,150,False,120,Zepto
Paan Corner,Johnson's Baby Lotion,100.0,0.0,4,100.0,100,False,100,Zepto
Paan Corner,Himalaya Anti Dandruff Shampoo,140.0,10.0,1,126.0,200,False,200,Zepto
Paan Corner,Maybelline New York Colossal Kajal Super Black,300.0,8.3,3,275.0,0,False,0,Zepto
Paan Corner,Stayfree Dry-Max All Night Ultra-Dry Sanitary Pad,90.0,10.0,6,81.0,406,False,7,Zepto
Paan Corner,Dove Daily Shine Shampoo,645.0,5.1,3,612.0,650,False,650,Zepto
Paan Corner,Godrej Easy 5 Minute Natural Brown 4 Hair Colour,29.0,0.0,5,29.0,20,False,20,Zepto
Paan Corner,Colgate Sensitive Plus Enamel Toothpaste Tube,140.0,0.0,6,140.0,160,False,160,Zepto
Paan Corner,Colgate Max Fresh Peppermint Toothpaste ,182.0,15.4,6,154.0,300,False,300,Zepto
Paan Corner,Pond's Light Moisturiser,309.0,10.0,6,278.0,250,False,250,Zepto
Paan Corner,Engage Mate For Man Deo Spray,195.0,10.8,5,174.0,150,False,150,Zepto
Paan Corner,Pantene Advanced Hair Fall Solution Shampoo - Total Damage Care,120.0,0.0,5,120.0,180,False,180,Zepto
Paan Corner,Whisper Choice Regular Wing Sanitary Pad,30.0,0.0,2,30.0,406,False,7,Zepto
Paan Corner,Colgate Slim Soft Charcoal Toothbrush,150.0,18.0,4,123.0,232,False,4,Zepto
Paan Corner,Fiama Scents Juniper & Geranium Body Wash,199.0,6.5,5,186.0,250,False,250,Zepto
Paan Corner,Mamaearth Ubtan Body Lotion,399.0,15.0,4,339.0,400,False,400,Zepto
Paan Corner,Godrej Aer Power Pocket - Long Lasting Bathroom Fragrance Floral Delight,55.0,0.0,6,55.0,10,False,10,Zepto
Paan Corner,Himalaya Anti-Hair Fall Shampoo,230.0,18.3,1,188.0,400,False,400,Zepto
Paan Corner,Nivea Soft Light Moisturizer for Face Hand & Body Non-Sticky Cream with Vitamin E & Jojoba Oil,310.0,15.2,6,263.0,200,False,200,Zepto
Paan Corner,Engage M2 Perfume Spray For Men,200.0,10.0,6,180.0,120,False,120,Zepto
Paan Corner,Listerine Cool Mint Mouthwash - Mild Taste,150.0,10.0,6,135.0,250,False,250,Zepto
Paan Corner,Mamaearth Ubtan Face Scrub Turmeric & Walnut,349.0,10.0,1,314.0,100,False,100,Zepto
Paan Corner,Himalaya Purifying Neem Face Wash Tube,270.0,15.2,6,229.0,300,False,300,Zepto
Paan Corner,Johnson's Baby Top To Toe Bath Body Wash,165.0,0.0,4,165.0,210,False,210,Zepto
Paan Corner,Gillette Mach 3 Start,249.0,0.0,6,249.0,116,False,2,Zepto
Paan Corner,Scalpe Pro Anti dandruff Shampoo 100ml,185.0,0.0,2,185.0,100,False,100,Zepto
Paan Corner,Johnson's Baby Cream,150.0,0.0,6,150.0,100,False,100,Zepto
Paan Corner,Johnson's Baby Soap,105.0,0.0,6,105.0,150,False,150,Zepto
Paan Corner,Himalaya Gentle Baby Shampoo,320.0,17.2,6,265.0,400,False,400,Zepto
Paan Corner,L'Oreal Paris Shine Masque Royal Jelly Hair Colour,550.0,0.0,3,550.0,88,False,87,Zepto
Paan Corner,Engage Rush Deodorant For Men,190.0,11.1,6,169.0,150,False,150,Zepto
Paan Corner,Clean & Clear Foaming Face Wash,140.0,10.0,4,126.0,100,False,100,Zepto
Paan Corner,Dettol Lather Shaving Cream,75.0,5.3,6,71.0,78,False,78,Zepto
Paan Corner,Gillette Classic Regular Pre Shave Foam,199.0,0.0,4,199.0,196,False,196,Zepto
Paan Corner,Dove Daily Shine Conditioner,190.0,0.0,6,190.0,175,False,180,Zepto
Paan Corner,Johnson's Baby Shampoo,180.0,0.0,6,180.0,200,False,200,Zepto
Paan Corner,Park Avenue Beer Shampoo ,155.0,9.7,4,140.0,180,False,180,Zepto
Paan Corner,Pantene Advanced Hair Fall Solution Silky Smooth Care Shampoo,120.0,6.7,6,112.0,180,False,180,Zepto
Paan Corner,Fem Fairness Naturals Hair Removal Cream Fair & Soft - Rose,65.0,10.8,6,58.0,40,False,40,Zepto
Paan Corner,Sunsilk Stunning Black Shine Shampoo,555.0,6.1,6,521.0,650,False,650,Zepto
Paan Corner,Dabur Meswak Toothpaste,100.0,0.0,1,100.0,200,False,200,Zepto
Paan Corner,Patanjali Kesh Kanti Reetha Hair Cleanser,85.0,0.0,5,85.0,200,False,200,Zepto
Paan Corner,Nivea Lip Balm Soft Rose for 24h Moisture with Natural Oils Delicate Rose Shine,185.0,8.6,6,169.0,5,False,4,Zepto
Paan Corner,Santoor Total Skin Care Soap With Sandal & Turmeric,180.0,0.0,6,180.0,600,False,600,Zepto
Paan Corner,"L'Oreal Paris Excellence Creme Hair Color, 4 Natural Brown/Natural Dark Brown",620.0,0.0,1,620.0,172,False,172,Zepto
Paan Corner,Gillette Pre Shave Foam - Classic Regular Skin,225.0,0.0,6,225.0,418,False,418,Zepto
Paan Corner,Fiama Di Wills Shower Gel Patchouli & Macadamia,199.0,10.1,6,179.0,250,False,250,Zepto
Paan Corner,Listerine Fresh Burst Mouthwash,140.0,10.0,4,126.0,250,False,250,Zepto
Paan Corner,Nivea Cocoa Nourish Body Lotion With Coconut Oil & Cocoa Butter For Very Dry Skin ,299.0,17.4,5,247.0,200,False,200,Zepto
Paan Corner,Pantene Hair Fall Control Shampoo,240.0,7.9,2,221.0,340,False,340,Zepto
Paan Corner,Fogg Master - Royal Intense,250.0,0.0,5,250.0,120,False,120,Zepto
Paan Corner,TRESemme Smooth And Shine Conditioner,220.0,0.0,5,220.0,190,False,190,Zepto
Paan Corner,Whisper Ultra Clean XL Plus Sanitary Pad,155.0,0.0,6,155.0,870,False,15,Zepto
Paan Corner,"Colgate Kids Toothpaste - 6+ Years, Strawberry Flavour",93.0,5.4,6,88.0,80,False,80,Zepto
Paan Corner,Nivea Soft Moisturizing Cream,310.0,12.3,1,272.0,200,False,200,Zepto
Paan Corner,Patanjali Kesh Kanti Aloe Vera Hair Cleanser,85.0,0.0,5,85.0,200,False,200,Zepto
Paan Corner,Neutrogena Deep Clean Foaming Cleanser,130.0,11.5,2,115.0,50,False,50,Zepto
Paan Corner,Clean & Clear Morning Energy Berry Face Wash,155.0,6.5,6,145.0,100,False,100,Zepto
Paan Corner,Pampers Premium Care New Baby Pants,320.0,0.0,4,320.0,24,False,24,Zepto
Paan Corner,Vaseline Intensive Care Aloe Fresh,225.0,9.8,6,203.0,200,False,200,Zepto
Paan Corner,L'Oreal Paris Dream Lengths Shampoo,149.0,0.0,6,149.0,192,False,192,Zepto
Paan Corner,Johnson's Baby Oil,115.0,0.0,4,115.0,100,False,100,Zepto
Paan Corner,Engage Man Rush Deodorant,195.0,9.7,6,176.0,150,False,150,Zepto
Paan Corner,Pantene Advanced Hair Fall Solution Shampoo - Total Damage Care,264.0,0.0,6,264.0,340,False,340,Zepto
Paan Corner,Whisper Daily Liners Clean and Fresh,105.0,0.0,4,105.0,1160,False,20,Zepto
Paan Corner,Himalaya Men Pimple Clear Neem Face Wash,180.0,9.4,2,163.0,100,False,100,Zepto
Paan Corner,Pantene Adv Hairfall Solution Conditioner Silky Smooth,190.0,0.0,5,190.0,200,False,200,Zepto
Paan Corner,Himalaya Prickly Heat Baby Powder,90.0,10.0,6,81.0,100,False,100,Zepto
Paan Corner,Mamaearth Daily Moisturizing Lotion For Babies,199.0,0.0,6,199.0,200,False,200,Zepto
Paan Corner,Stayfree Advanced XL Ultra Comfort Sanitary napkins with Wings,175.0,0.0,3,175.0,812,False,14,Zepto
Paan Corner,Pampers Premium Care Pants - Medium,1099.0,18.2,6,899.0,54,False,54,Zepto
Paan Corner,Fiama Men's Refreshing Pulse Shower Gel,199.0,10.1,6,179.0,250,False,250,Zepto
Paan Corner,Vaseline Original Skin Protecting Jelly,125.0,10.4,6,112.0,100,False,100,Zepto
Paan Corner,Clean & Clear Foaming Face Wash,180.0,10.0,6,162.0,150,False,150,Zepto
Paan Corner,Fiama Lemongrass and Jojoba Shower Gel,225.0,20.0,6,180.0,250,False,250,Zepto
Paan Corner,Oral-B Charcoal Cross Cross Extra Soft Toothbrush (Buy 2 Get 1 Free),180.0,0.0,1,180.0,174,False,3,Zepto
Paan Corner,Listerine Fresh Burst Mouthwash,285.0,7.7,6,263.0,500,False,500,Zepto
Paan Corner,Veet Full Body Waxing Kit,235.0,7.2,6,218.0,1160,False,20,Zepto
Paan Corner,Listerine Original Mouthwash,55.0,9.1,6,50.0,80,False,80,Zepto
Paan Corner,Santoor Almond Soft With Sandal & Almond Milk,180.0,0.0,2,180.0,625,False,625,Zepto
Paan Corner,Nivea Body Shea Smooth with Shea Butter for Dry Skin,425.0,20.0,5,340.0,400,False,9,Zepto
Paan Corner,Neutrogena Deep Clean Facial Cleanser,130.0,0.0,4,130.0,50,False,50,Zepto
Paan Corner,"L'Oreal Paris Excellence Creme Hair Color, 3.16 Burgundy",550.0,0.0,3,550.0,159,False,172,Zepto
Paan Corner,Johnson's Baby Powder,235.0,0.0,6,235.0,400,False,400,Zepto
Paan Corner,Bombay Shaving Company Charcoal Face Wash,249.0,0.0,4,249.0,100,False,100,Zepto
Paan Corner,Colgate Kids 2+ Years Extra Soft Toothbrush,20.0,0.0,3,20.0,58,False,1,Zepto
Paan Corner,Veet Hair Removal Cream (Normal Skin),135.0,5.2,6,128.0,50,False,50,Zepto
Paan Corner,Dove Daily Shine Shampoo,240.0,0.0,4,240.0,340,False,340,Zepto
Paan Corner,L'Oreal Anti Hair Fall Conditioner,199.0,0.0,6,199.0,192,False,192,Zepto
Paan Corner,Nivea Body Lotion Aloe Hydration For Normal Skin ,275.0,10.2,6,247.0,200,False,200,Zepto
Paan Corner,Pampers Pants - Large,1549.0,45.2,3,849.0,82,False,82,Zepto
Paan Corner,"Engage Urge Deodorant For Men, Citrus And Woody, Skin Friendly",195.0,10.8,6,174.0,150,False,150,Zepto
Paan Corner,Head & Shoulders 2 In 1 Anti Dandruff Smooth & Silky Shampoo+Conditioner,375.0,10.9,6,334.0,340,False,340,Zepto
Paan Corner,Fem Fairness Natural Gold Skin Bleach,85.0,7.1,4,79.0,64,False,64,Zepto
Paan Corner,Engage Deo Frost,195.0,9.7,6,176.0,150,False,150,Zepto
Paan Corner,Stayfree Secure XL Size Sanitary Napkins,115.0,0.0,5,115.0,1160,False,20,Zepto
Paan Corner,Pampers Pants - Medium,699.0,21.5,1,549.0,50,False,50,Zepto
Paan Corner,Pampers Active Baby Diapers New Born Extra Small ,1099.0,22.7,3,849.0,72,False,72,Zepto
Paan Corner,"Nivea Creme, All Season Multi-Purpose Cream",175.0,9.7,6,158.0,100,False,100,Zepto
Paan Corner,Woodwards Gripe Water ,50.0,0.0,4,50.0,130,False,130,Zepto
Paan Corner,Clean & Clear Morning Energy Aqua Splash Face Wash,145.0,9.7,5,131.0,100,False,100,Zepto
Paan Corner,Sunsilk Lusciously Thick & Long Shampoo,555.0,6.1,6,521.0,650,False,650,Zepto
Paan Corner,Mamaearth Skin Correct Face Serum,599.0,15.0,1,509.0,30,False,30,Zepto
Paan Corner,Chik Hairfall Prevent Egg Shampoo,178.0,0.0,6,178.0,340,False,340,Zepto
Paan Corner,Pantene Silky Smooth Care Shampoo,225.0,6.7,3,210.0,340,False,340,Zepto
Paan Corner,"Garnier Skin Naturals, Micellar Cleansing Water",199.0,5.0,4,189.0,125,False,125,Zepto
Paan Corner,Set Wet Swag Avatar Deodorant & Body Spray Perfume For Men,199.0,0.0,1,199.0,150,False,150,Zepto
Paan Corner,Pampers All Round Protection Pants - Medium,699.0,17.7,6,575.0,50,False,50,Zepto
Paan Corner,Set Wet Deodrant Charm Avatar,199.0,0.0,1,199.0,150,False,150,Zepto
Paan Corner,Nupur Heena Mehandi,199.0,0.0,6,199.0,500,False,500,Zepto
Paan Corner,Head & Shoulders 2-in-1 Active Protect Shampoo,375.0,9.9,6,338.0,340,False,340,Zepto
Paan Corner,Gillette Mach 3 Turbo Cartridges,649.0,10.9,6,578.0,232,False,4,Zepto
Paan Corner,TRESemme Smooth And Shine Conditioner,210.0,13.3,1,182.0,190,False,190,Zepto
Paan Corner,Bombay Shaving Company Sensitive Cartridges,375.0,0.0,2,375.0,116,False,2,Zepto
Paan Corner,Himalaya Baby Lotion,300.0,12.0,1,264.0,400,False,400,Zepto
Paan Corner,Old Spice Lime Lather Shaving Cream,75.0,0.0,6,75.0,70,False,70,Zepto
Paan Corner,Colgate Sensitive Plus Anticavity Toothpaste ,140.0,10.0,6,126.0,70,False,70,Zepto
Paan Corner,Colgate Toothpaste For Kids Motu Oatlu,93.0,0.0,6,93.0,80,False,80,Zepto
Paan Corner,Pantene Total Damage Care Shampoo,120.0,0.0,6,120.0,180,False,180,Zepto
Paan Corner,Himalaya Moisturising Aloe Vera Facial Wipes,100.0,10.0,6,90.0,25,False,25,Zepto
Paan Corner,Savlon Moisture Shield Hand Wash,69.0,0.0,5,69.0,200,False,200,Zepto
Paan Corner,Pampers Active Baby Diapers New Born Extra Small,360.0,10.0,6,324.0,24,False,24,Zepto
Paan Corner,Himalaya Anti Dandruff Shampoo,260.0,18.1,1,213.0,400,False,400,Zepto
Paan Corner,Himalaya Anti Hair Fall Shampoo,490.0,25.1,4,367.0,700,False,700,Zepto
Paan Corner,Johnson's Baby Oil,200.0,0.0,6,200.0,200,False,200,Zepto
Paan Corner,Vaseline Intensive Care Deep Moisture Body Lotion,325.0,0.0,4,325.0,400,False,400,Zepto
Paan Corner,L'Oreal Paris Dream Lengths Conditioner,199.0,0.0,1,199.0,193,False,193,Zepto
Paan Corner,Nivea Soft Light Moisturizing Cream,185.0,15.1,6,157.0,100,False,100,Zepto
Paan Corner,Whisper Ultra Soft XL+ Sanitary Pads,555.0,0.0,1,555.0,60,False,60,Zepto
Paan Corner,Palmolive Feel The Massage Shower Gel,249.0,20.1,6,199.0,250,False,250,Zepto
Paan Corner,L'Oreal Paris Dream Lengths Conditioner,209.0,0.0,3,209.0,193,False,193,Zepto
Paan Corner,Head & Shoulders Anti-Dandruff Smooth & Silky Shampoo,285.0,6.7,6,266.0,340,False,340,Zepto
Paan Corner,Mamaearth Moisturizing Baby Bath Soap,249.0,0.0,4,249.0,150,False,150,Zepto
Paan Corner,Listerine Original Mouthwash,150.0,10.0,6,135.0,250,False,250,Zepto
Paan Corner,Himalaya Gentle Baby Shampoo,170.0,14.1,6,146.0,200,False,200,Zepto
Paan Corner,Dove Dryness Care Shampoo,268.0,6.0,1,252.0,340,False,340,Zepto
Paan Corner,Dove Hair Fall Rescue Shampoo,280.0,15.7,6,236.0,340,False,340,Zepto
Paan Corner,Head & Shoulders Anti Dandruff Shampoo Cool Menthol,295.0,9.8,6,266.0,340,False,340,Zepto
Paan Corner,Bombay Shaving Company Defender Razor,345.0,0.0,6,345.0,58,False,1,Zepto
Paan Corner,"Head & Shoulders Shampoo + Conditioner - 2-In-1, Cool Menthol",365.0,0.0,1,365.0,340,False,340,Zepto
Paan Corner,Himalaya Baby Nourishing Massage Oil,200.0,20.0,2,160.0,200,False,250,Zepto
Paan Corner,Himalaya Baby Powder,235.0,20.0,6,188.0,400,False,400,Zepto
Paan Corner,Fogg Paradise Fragrant Body Spray For Women ,250.0,0.0,6,250.0,150,False,150,Zepto
Paan Corner,Revive Revive Liquid,71.0,0.0,6,71.0,200,False,200,Zepto
Paan Corner,Pantene Hairfall Control Conditioner,190.0,6.3,6,178.0,200,False,200,Zepto
Paan Corner,Mamaearth Vitamin C Face Toner,399.0,0.0,1,399.0,200,False,200,Zepto
Paan Corner,Himalaya Diaper Rash Cream,80.0,10.0,2,72.0,20,False,20,Zepto
Paan Corner,Fogg Royal Fragrance Spray,230.0,0.0,4,230.0,150,False,120,Zepto
Paan Corner,Dove Pink Rosa Beauty Bathing Bar,245.0,9.8,6,221.0,100,False,100,Zepto
Paan Corner,Dove Dryness Care Conditioner Frizzy & Dry Hair,90.0,6.7,4,84.0,80,False,80,Zepto
Home & Cleaning,Surf Excel Stain Eraser,18.0,0.0,1,18.0,150,False,150,Zepto
Home & Cleaning,Colin Glass and Surface Cleaner Liquid Spray Regular,96.0,7.3,6,89.0,500,False,500,Zepto
Home & Cleaning,A1 Biodegradable Garbage Dustbin Bags,69.0,0.0,6,69.0,30,False,30,Zepto
Home & Cleaning,"Mortein Cockroach Killer Spray, Crawling insect killer with Deep-Reach Nozzle",189.0,5.3,2,179.0,425,False,425,Zepto
Home & Cleaning,Pril Perfect Lime Dishwash Liquid,190.0,7.9,4,175.0,750,False,750,Zepto
Home & Cleaning,Dettol Antiseptic Disinfectant Liquid,66.0,0.0,6,66.0,125,False,125,Zepto
Home & Cleaning,Godrej Aer Power Pocket Berry Rush,55.0,0.0,3,55.0,10,False,10,Zepto
Home & Cleaning,Hit Cockroach Killer Spray ,101.0,3.0,4,98.0,200,False,200,Zepto
Home & Cleaning,Vim Dishwash Liquid Gel Lemon,185.0,5.4,1,175.0,750,False,750,Zepto
Home & Cleaning,"Harpic Disinfectant Toilet Cleaner Liquid, Original - 1 L",178.0,0.0,6,178.0,1000,False,1,Zepto
Home & Cleaning,Odomos Mosquito Repellent Cream ,50.0,8.0,6,46.0,50,False,50,Zepto
Home & Cleaning,Harpic Disinfectant Bathroom Cleaner Liquid Lemon,189.0,5.3,6,179.0,1000,False,1,Zepto
Home & Cleaning,Eveready AA pack of 10 ,150.0,4.7,6,143.0,580,False,10,Zepto
Home & Cleaning,Cherry Blossom Liquid Wax Polish,98.0,5.1,6,93.0,75,False,75,Zepto
Home & Cleaning,Gala Scrubber Cleaner Home Everyday Scrub,35.0,2.9,6,34.0,58,False,1,Zepto
Home & Cleaning,Hit Flower Lime Fragrance Insect Killer Spray,182.0,3.3,6,176.0,400,False,400,Zepto
Home & Cleaning,Harpic Hygienic Toilet Cleaner Rim Block Jasmine,82.0,6.1,4,77.0,26,False,26,Zepto
Home & Cleaning,Om Bhakti - Pancha Deepa Oil ,199.0,10.1,6,179.0,1000,False,1,Zepto
Home & Cleaning,Ariel Complete Detergent Washing Powder 500 g  + 200 g Free,135.0,0.0,6,135.0,500,False,500,Zepto
Home & Cleaning,Surf Excel Matic Top Load Detergent Powder,200.0,6.0,1,188.0,1000,False,1,Zepto
Home & Cleaning,Harpic Flushmatic In-Cistern Toilet Cleaner Blocks Marine,154.0,7.1,4,143.0,100,False,100,Zepto
Home & Cleaning,Eveready 1012 Carbon Zinc AAA Battery,150.0,4.7,2,143.0,580,False,10,Zepto
Home & Cleaning,Surf Excel Matic Front Load Detergent Liquid,225.0,1.8,6,221.0,1000,False,1,Zepto
Home & Cleaning,Origami Kitchen Towels 2 In 1 Quilted 2ply,140.0,10.0,6,126.0,116,False,2,Zepto
Home & Cleaning,Oxi Green Phenyl - Pine ,82.0,9.8,6,74.0,1000,False,1,Zepto
Home & Cleaning,Surf Excel Easy Wash Detergent Liquid,170.0,0.6,6,169.0,1000,False,1,Zepto
Home & Cleaning,Uno Playing Card Game,149.0,9.4,2,135.0,58,False,1,Zepto
Home & Cleaning,Chakaachak Mini Cloth Brush,40.0,2.5,1,39.0,58,False,1,Zepto
Home & Cleaning,Chakaachak Super Scrub Pad (Pack of 3),35.0,2.9,2,34.0,174,False,3,Zepto
Home & Cleaning,Colin Glass and Surface Cleaner Liquid Spray Regular,62.0,6.5,5,58.0,250,False,250,Zepto
Home & Cleaning,Om Bhakti Cow Dung Cakes ,16.0,0.0,6,16.0,290,False,5,Zepto
Home & Cleaning,Dettol Antiseptic Liquid,33.0,0.0,4,33.0,60,False,60,Zepto
Home & Cleaning,Harpic Hygienic Toilet Cleaner Rim Block Citrus,82.0,6.1,6,77.0,26,False,26,Zepto
Home & Cleaning,Eveready Ultima Alkaline AA Cell Battery-6 Pc Pack,210.0,10.0,6,189.0,348,False,6,Zepto
Home & Cleaning,Mangaldeep Rose Puja Agarbatti ,65.0,9.2,4,59.0,120,False,120,Zepto
Home & Cleaning,Ariel Matic Top Load Detergent Washing Powder,225.0,0.0,6,225.0,1000,False,1,Zepto
Home & Cleaning,Gala Cloth Poccha/Mop,125.0,9.6,6,113.0,58,False,1,Zepto
Home & Cleaning,Chakaachak Floor Cleaning Pocha,50.0,2.0,6,49.0,58,False,1,Zepto
Home & Cleaning,Oxi Green Floor Cleaner - Floral,179.0,10.1,6,161.0,1000,False,1,Zepto
Home & Cleaning,"Godrej Aer Pocket, Bathroom Air Fragrance - Assorted Pack Of 3",160.0,0.0,6,160.0,30,False,30,Zepto
Home & Cleaning,Ariel Complete Detergent Washing Powder 1 kg + 500 g Free,280.0,6.1,6,263.0,1500,False,1,Zepto
Home & Cleaning,Chakaachak Sponge Scrubber (Pack of 2),45.0,2.2,6,44.0,116,False,2,Zepto
Home & Cleaning,Lizol Disinfectant Surface & Floor Cleaner Liquid Floral,103.0,5.8,6,97.0,500,False,500,Zepto
Home & Cleaning,Harpic Germ & Stain Blaster Disinfectant Toilet Cleaner Floral,148.0,7.4,6,137.0,750,False,750,Zepto
Home & Cleaning,Hit Lime Fresh Flying Insect Killer,269.0,0.0,6,269.0,385,False,385,Zepto
Home & Cleaning,Fevistik Super Glue Stick,40.0,2.5,6,39.0,15,False,15,Zepto
Home & Cleaning,Godrej Ezee Liquid Detergent,175.0,0.0,6,175.0,1000,False,1,Zepto
Home & Cleaning,Odonil Air Fresher Buy 3 Get 1 Free,225.0,5.3,3,213.0,300,False,300,Zepto
Home & Cleaning,"""Godrej Aer Power Pocket - Long Lasting Bathroom Fragrance Fresh Blossom""",55.0,0.0,6,55.0,10,False,10,Zepto
Home & Cleaning,Genteel Liquid Detegrent,320.0,0.0,6,320.0,2000,False,2,Zepto
Home & Cleaning,Scotch Brite Scrub Pad,75.0,9.3,6,68.0,290,False,5,Zepto
Home & Cleaning,Shubh kart - Nirmal Eco Box Chandan Agarbatti - 100g,65.0,13.8,5,56.0,100,False,100,Zepto
Home & Cleaning,Surf Excel Quick Wash,600.0,8.5,1,549.0,4000,False,4,Zepto
Home & Cleaning,Hem Mantra Masala Agarbatti,85.0,7.1,1,79.0,50,False,50,Zepto
Home & Cleaning,Odonil Room Air Freshener Spray Lavender Mist,149.0,5.4,4,141.0,240,False,240,Zepto
Home & Cleaning,Chakaachak Mega Star Toilet Brush,110.0,2.7,4,107.0,58,False,1,Zepto
Home & Cleaning,Om Bhakti Wick for Diya - Cotton Long Batti ,19.0,0.0,4,19.0,50,False,50,Zepto
Home & Cleaning,Origami Non-Woven Kitchen Towel,190.0,14.7,4,162.0,80,False,80,Zepto
Home & Cleaning,Shubh kart - Nirmal 5 in 1 Agarbatti Zipper - 150g,65.0,13.8,6,56.0,150,False,150,Zepto
Home & Cleaning,Harpic Lemon Bathroom Cleaner ,95.0,9.5,6,86.0,500,False,500,Zepto
Home & Cleaning,Scotch Brite Sponge Wipes,200.0,0.0,2,200.0,174,False,3,Zepto
Home & Cleaning,Godrej Aer Spray Fresh Lush Green,150.0,16.0,2,126.0,240,False,240,Zepto
Home & Cleaning,Oxi Green Phenyl Concentrate,200.0,10.0,6,180.0,1000,False,1,Zepto
Home & Cleaning,Oxi Green Max Force Green Concentrate,107.0,10.3,3,96.0,500,False,500,Zepto
Home & Cleaning,Godrej Aer Morning Misty Meadows Home Air Freshener,150.0,0.7,4,149.0,240,False,240,Zepto
Home & Cleaning,Kiwi Dranex Drain Cleaner,135.0,9.6,1,122.0,348,False,6,Zepto
Home & Cleaning,Origami Disposable Spoons,80.0,10.0,3,72.0,1160,False,20,Zepto
Home & Cleaning,Pril Bar Tub,55.0,0.0,1,55.0,500,False,500,Zepto
Home & Cleaning,Om Bhakti Wick for Diya - Cotton Flower Batti ,19.0,0.0,4,19.0,60,False,60,Zepto
Home & Cleaning,Chakaachak Deluxe Dustpan Grey,68.0,2.9,3,66.0,58,False,1,Zepto
Home & Cleaning,Lizol Disinfectant Surface & Floor Cleaner Liquid Citrus,205.0,8.3,3,188.0,975,False,975,Zepto
Home & Cleaning,ScotchBrite Premium Kitchen Towels,150.0,18.0,3,123.0,174,False,1,Zepto
Home & Cleaning,Vanish All in One Powder Detergent Booster,210.0,10.0,2,189.0,400,False,400,Zepto
Home & Cleaning,Good Knight Fabric Personal Mosquito Repellent Roll On,75.0,0.0,3,75.0,8,False,8,Zepto
Home & Cleaning,Gala Iron Bull Scrub Pad,140.0,10.0,6,126.0,174,False,3,Zepto
Home & Cleaning,Tide Plus Extra Power Lemon & Mint Detergent Powder,215.0,1.9,6,211.0,2000,False,2,Zepto
Home & Cleaning,Chakaachak Dustpan Grey,70.0,2.9,5,68.0,58,False,1,Zepto
Home & Cleaning,Mortein PowerGard Rat Kill Cake,64.0,6.2,6,60.0,100,False,100,Zepto
Home & Cleaning,Odomos Mosquito Repellent Cream,25.0,0.0,1,25.0,23,False,25,Zepto
Home & Cleaning,Shubh kart - Nirmal Eco Box Sugandhi Mogra Agarbatti - 100g,65.0,13.8,6,56.0,100,False,100,Zepto
Home & Cleaning,Cherry Blossom Wax Shoe Polish Black,68.0,5.9,6,64.0,40,False,40,Zepto
Home & Cleaning,Origami Paper Plates,240.0,15.0,5,204.0,50,False,50,Zepto
Home & Cleaning,Gala Microfiber Magic Cloth 2-In-1,175.0,9.7,6,158.0,58,False,1,Zepto
Home & Cleaning,Mr Muscle Dranex Drain Cleaner Kiwi,160.0,6.9,4,149.0,375,False,375,Zepto
Home & Cleaning,Lizol Disinfectant Surface & Floor Cleaner Liquid Jasmine,103.0,5.8,6,97.0,500,False,500,Zepto
Home & Cleaning,Odonil Room Spray Air Freshener Citrus Fres,150.0,12.0,4,132.0,137,False,137,Zepto
Home & Cleaning,Scotch Brite Power Scrub Pad,50.0,2.0,6,49.0,58,False,1,Zepto
Home & Cleaning,Origami Good Karma Toilet Roll,275.0,14.9,6,234.0,232,False,1,Zepto
Home & Cleaning,Shubh kart - Shubhkart Sambrani Cup Black 12n,80.0,6.2,4,75.0,696,False,12,Zepto
Home & Cleaning,Gala Scrubber Pad,75.0,9.3,5,68.0,290,False,5,Zepto
Home & Cleaning,Origami So Soft Tissue Roll Single - 340 Pulls 3 Ply,80.0,0.0,1,80.0,58,False,1,Zepto
Home & Cleaning,Odomos lotion - Mosquito Repellent,90.0,8.9,6,82.0,120,False,120,Zepto
Home & Cleaning,Surf Excel Matic Front Load Detergent Powder,530.0,4.3,6,507.0,2000,False,2,Zepto
Home & Cleaning,Fevicol Mr.Original General Purpose White Glue ,50.0,2.0,6,49.0,105,False,100,Zepto
Home & Cleaning,Aro Aluminium Container with Lid 230 ml,75.0,9.3,3,68.0,25,False,25,Zepto
Home & Cleaning,Harpic Power Fresh 6 Toilet Cleaner Rim Block Floral Delight,188.0,10.1,6,169.0,35,False,35,Zepto
Home & Cleaning,Origami So Soft Tissue Roll 3 Ply,390.0,11.0,6,347.0,696,False,12,Zepto
Home & Cleaning,Ariel Matic Front Load Detergent Washing Powder,800.0,15.0,6,680.0,3000,False,3,Zepto
Home & Cleaning,Gala Double Hockey Toilet Brush,150.0,10.0,6,135.0,58,False,1,Zepto
Home & Cleaning,Surf Excel Detergent Bar Value Pack,114.0,0.0,6,114.0,800,False,800,Zepto
Home & Cleaning,Odonil Zipper Blissful Citrus,55.0,0.0,1,55.0,10,False,10,Zepto
Home & Cleaning,Eveready Base B22 9-Watt LED Bulb,150.0,0.0,2,150.0,58,False,1,Zepto
Home & Cleaning,Scotch Brite Sponge Wipe,330.0,10.0,6,297.0,290,False,5,Zepto
Home & Cleaning,Domex Disinfectant Floor Cleaner,180.0,5.6,6,170.0,1000,False,1,Zepto
Home & Cleaning,Surf Excel Matic Powder Front Load ,810.0,7.4,2,750.0,4000,False,4,Zepto
Home & Cleaning,Scotch Brite Silver Sparks Scrub Pad,90.0,10.0,6,81.0,348,False,3,Zepto
Home & Cleaning,Airwick Room Air Freshener Spray Cool Water & Aloe Vera,161.0,5.6,6,152.0,245,False,245,Zepto
Home & Cleaning,Shubh kart - Surabhi Camphor Pouch 50g,95.0,9.5,6,86.0,50,False,50,Zepto
Home & Cleaning,Pril Power Of Active Boosters,102.0,0.0,1,102.0,400,False,400,Zepto
Home & Cleaning,Scotch Brite Tough Scrubber Brush,150.0,6.7,6,140.0,58,False,1,Zepto
Home & Cleaning,Mortein Dual All Insect Killer Spray,280.0,10.0,6,252.0,600,False,600,Zepto
Home & Cleaning,Lizol Double Concentrate Disinfectant Floor Cleaner Lavender,325.0,10.2,6,292.0,900,False,900,Zepto
Home & Cleaning,Eveready Ultima Alkaline Battery AAA,68.0,0.0,6,68.0,116,False,2,Zepto
Home & Cleaning,Shubh kart - Tejas Twisted Cotton Wicks 1000n,30.0,6.7,6,28.0,1000,False,1000,Zepto
Home & Cleaning,Lizol Double Concentrate Disinfectant Floor Cleaner Citrus,650.0,8.0,6,598.0,1900,False,1,Zepto
Home & Cleaning,Surf Excel Matic Top Load,720.0,9.9,4,649.0,4000,False,4,Zepto
Home & Cleaning,Oxi Green Dish Wash Liquid - Lemon,105.0,6.7,6,98.0,500,False,500,Zepto
Home & Cleaning,Mangalam Camphor,100.0,10.0,6,90.0,50,False,50,Zepto
Home & Cleaning,Cherry Blossom Liquid Wax Polish (Dark Tan),98.0,5.1,6,93.0,75,False,75,Zepto
Home & Cleaning,Gala EzeeSqueegee Wiper,150.0,10.0,6,135.0,58,False,1,Zepto
Home & Cleaning,Lizol Disinfectant Surface & Floor Cleaner Liquid Pine,205.0,8.3,6,188.0,975,False,975,Zepto
Home & Cleaning,Philips Stellar Bright 16W Light Bulb,390.0,16.9,6,324.0,58,False,1,Zepto
Home & Cleaning,Airwick EverFresh Gel Bathroom Air Freshener - Lavender Dew,70.0,10.0,6,63.0,50,False,50,Zepto
Home & Cleaning,Origami Cups Plain 100 units,155.0,14.8,5,132.0,100,False,100,Zepto
Home & Cleaning,Airwick EverFresh Gel Bathroom Air Freshener - Citrus Splash,70.0,10.0,6,63.0,50,False,50,Zepto
Home & Cleaning,Ariel Matic Liquid Detergent Front Load,250.0,0.0,6,250.0,1000,False,1,Zepto
Home & Cleaning,Om Bhakti Gangajal Packed At Gangotri,30.0,3.3,6,29.0,220,False,220,Zepto
Home & Cleaning,Odonil Air Freshner Lavender Meadows,75.0,5.3,4,71.0,75,False,75,Zepto
Home & Cleaning,Om Bhakti Haldi ,12.0,0.0,4,12.0,15,False,15,Zepto
Home & Cleaning,Cherry Blossom Wax Shoe Polish Dark Tan,68.0,5.9,6,64.0,40,False,40,Zepto
Home & Cleaning,Dabur Odomos Naturals Mosquito Repellant Gel,75.0,8.0,4,69.0,80,False,80,Zepto
Home & Cleaning,Shubh kart - Nirmal sugandhi mogra wet dhoop zipper 20 sticks,30.0,6.7,6,28.0,1160,False,20,Zepto
Home & Cleaning,Lizol Disinfectant Surface & Floor Cleaner Liquid Floral,205.0,8.3,6,188.0,975,False,975,Zepto
Home & Cleaning,Om Bhakti Wick for Diya - Ghee Cotton Wicks Big ,189.0,10.1,6,170.0,30,False,30,Zepto
Home & Cleaning,Air Wick Room Air Freshener Spray - Lavender & Lotus,161.0,5.6,6,152.0,245,False,245,Zepto
Home & Cleaning,Scotch Brite Kitchen Sink Brush,135.0,9.6,5,122.0,58,False,1,Zepto
Home & Cleaning,Odonil Room Air Freshener Spray - Lavender Mist,150.0,12.0,1,132.0,137,False,137,Zepto
Home & Cleaning,Godrej Aer Power Pocket - Long Lasting Bathroom Fragrance Lavender Bloom,55.0,0.0,4,55.0,10,False,10,Zepto
Home & Cleaning,Origami Good Karma Paper Serviettes ,80.0,10.0,6,72.0,50,False,50,Zepto
Home & Cleaning,Scotch Magic Tape,115.0,14.8,6,98.0,58,False,1,Zepto
Home & Cleaning,Ambi Pur Car Freshener Gel - Relaxing Lavender,299.0,10.0,2,269.0,75,False,75,Zepto
Home & Cleaning,Origami Kitchen Towels 4 in 1 60 Pulls 2 Ply,265.0,0.0,6,265.0,58,False,1,Zepto
Home & Cleaning,Ariel Matic Liquid Detergent Front Load,225.0,0.0,6,225.0,1000,False,1,Zepto
Home & Cleaning,Om Bhakti Wick for Diya - Ghee Cotton Wicks Small ,139.0,10.1,6,125.0,30,False,30,Zepto
Home & Cleaning,Chakaachak Super Strong Scrub,29.0,3.4,5,28.0,58,False,1,Zepto
Home & Cleaning,Nimyle Lemongrass Floor Cleaner,165.0,5.5,5,156.0,975,False,975,Zepto
Home & Cleaning,Oxi Green Floor Cleaner - Citrus ,179.0,10.1,6,161.0,1000,False,1,Zepto
Home & Cleaning,Airwick Room Air Freshener Spray - Rose & Saffron,161.0,5.6,5,152.0,245,False,245,Zepto
Home & Cleaning,Origami Luxuria Kitchen Towel 300 Pulls Single,320.0,0.0,2,320.0,58,False,1,Zepto
Home & Cleaning,Philips EyePro 10.5W Light Bulb,220.0,10.0,6,198.0,58,False,1,Zepto
Home & Cleaning,Mangalam Camphor Tablet Jar,280.0,10.0,6,252.0,100,False,100,Zepto
Home & Cleaning,Chakaachak Super Sponge Wipes (Pack of 3),140.0,0.0,6,140.0,174,False,3,Zepto
Home & Cleaning,"""Origami Good Karma Paper Serviettes - 100 napkins (1 ply)""",78.0,10.3,6,70.0,58,False,1,Zepto
Home & Cleaning,Robin Dazzling Liquid Blue After Wash,74.0,5.4,6,70.0,200,False,200,Zepto
Home & Cleaning,Om Bhakti Camphor Big,119.0,10.1,6,107.0,40,False,40,Zepto
Home & Cleaning,Om Bhakti Wick for Diya - Cotton Long Batti ,20.0,0.0,6,20.0,75,False,75,Zepto
Home & Cleaning,Om Bhakti Camphor Small,79.0,10.1,6,71.0,25,False,25,Zepto
Home & Cleaning,Ariel Matic Top Load Detergent Washing Powder,499.0,0.0,1,499.0,2000,False,2,Zepto
Home & Cleaning,Scotch Brite Multi-Purpose Sponge Wipes,700.0,17.0,6,581.0,580,False,10,Zepto
Home & Cleaning,Surabhi Pure Camphor,50.0,2.0,6,49.0,25,False,25,Zepto
Home & Cleaning,Lizol Double Concentrate Disinfectant Floor Cleaner Citrus,325.0,5.2,6,308.0,900,False,900,Zepto
Home & Cleaning,Chakaachak Floor Pocha Large,50.0,0.0,1,50.0,58,False,1,Zepto
Home & Cleaning,Ariel Matic Front Load Liquid Detergent,220.0,0.0,4,220.0,1000,False,1,Zepto
Home & Cleaning,Harpic Power Fresh 6 Toilet Cleaner Rim Block Marine Splash,188.0,10.1,4,169.0,35,False,35,Zepto
Home & Cleaning,Chakaachak Dust Proof Broom,180.0,2.8,6,175.0,58,False,1,Zepto
Home & Cleaning,Cherry Blossom Liquid Shoe Polish Neutral ,0.0,,1,0.0,75,False,75,Zepto
Home & Cleaning,Om Bhakti Kumkum ,12.0,0.0,6,12.0,15,False,15,Zepto
Home & Cleaning,Apsara Non Dust Eraser,60.0,10.0,5,54.0,1160,False,20,Zepto
Home & Cleaning,Chakaachak Power Scrub (Pack of 2),42.0,2.4,6,41.0,116,False,2,Zepto
Home & Cleaning,Om Bhakti Wick for Diya - Vanaspati Ghee Cotton Wicks Small ,69.0,11.6,6,61.0,30,False,30,Zepto
Home & Cleaning,Whiskas Adult +1 year Salmon in Gravy,250.0,10.0,3,225.0,85,False,1,Zepto
Home & Cleaning,Origami Paper Party Plates,240.0,0.0,6,240.0,580,False,50,Zepto
Home & Cleaning,Gala Microfiber Multipurpose Cloth,140.0,7.9,6,129.0,58,False,1,Zepto
Home & Cleaning,Ariel Matic Front Load Detergent Powder,260.0,0.0,6,260.0,1000,False,1,Zepto
Home & Cleaning,Ariel Matic Liquid Detergent Front Load,250.0,0.0,4,250.0,1000,False,1,Zepto
Health & Hygiene,Epigamia Fruit Yogurt Alphonso Mango,40.0,50.0,6,20.0,75,False,75,Zepto
Health & Hygiene,Epigamia Fruit Yogurt Vanilla,40.0,50.0,6,20.0,75,False,75,Zepto
Health & Hygiene,Nestle A+ Actiplus Probiotic Dahi Plain Curd,78.0,3.8,5,75.0,400,False,400,Zepto
Health & Hygiene,Dettol Original Germ Protection Alcohol Based Hand Sanitizer,25.0,0.0,6,25.0,50,False,50,Zepto
Health & Hygiene,Dettol Antiseptic Disinfectant Liquid,66.0,0.0,6,66.0,125,False,125,Zepto
Health & Hygiene,Durex Air Ultra Thin Condoms,82.0,0.0,6,82.0,174,False,3,Zepto
Health & Hygiene,Durex Air Ultra Thin Condom,245.0,10.2,6,220.0,580,False,10,Zepto
Health & Hygiene,Dabur Regular Hajmola,45.0,6.7,6,42.0,120,False,120,Zepto
Health & Hygiene,Hajmola Anardana Digestive Tablets,45.0,6.7,2,42.0,120,False,180,Zepto
Health & Hygiene,Zandu Balm,40.0,10.0,4,36.0,8,False,8,Zepto
Health & Hygiene,Vicks Cough Drops Menthol,20.0,0.0,6,20.0,1160,False,20,Zepto
Health & Hygiene,Durex Extra Time Condoms,228.0,10.1,6,205.0,580,False,10,Zepto
Health & Hygiene,Vicks Vaporub,85.0,9.4,6,77.0,25,False,25,Zepto
Health & Hygiene,Dettol Antiseptic Liquid,33.0,0.0,4,33.0,60,False,60,Zepto
Health & Hygiene,Veet Sensitive Skin Hair Removal Cream,135.0,5.2,6,128.0,50,False,50,Zepto
Health & Hygiene,Vicks VapoRub,145.0,11.0,2,129.0,50,False,50,Zepto
Health & Hygiene,Dabur Hajmola Imli Digestive Tablets,45.0,6.7,6,42.0,120,False,120,Zepto
Health & Hygiene,Dettol Antiseptic Liquid + Disinfectant Spray - Original,159.0,10.1,6,143.0,225,False,225,Zepto
Health & Hygiene,Iodex Body Pain Expert ,40.0,2.5,6,39.0,8,False,8,Zepto
Health & Hygiene,Patanjali Hing Goli,65.0,10.8,4,58.0,100,False,100,Zepto
Health & Hygiene,Moov Fast Pain Relief Cream,189.0,15.3,6,160.0,50,False,50,Zepto
Health & Hygiene,Dettol Hand Sanitizer,100.0,5.0,6,95.0,200,False,200,Zepto
Health & Hygiene,Whisper Ultra Soft XL+ Sanitary Pads,330.0,2.1,6,323.0,30,False,30,Zepto
Health & Hygiene,Whisper Choice Regular Wing Sanitary Pad,30.0,0.0,2,30.0,406,False,7,Zepto
Health & Hygiene,Savlon Surface Disinfectant Spray,165.0,10.3,6,148.0,170,False,170,Zepto
Health & Hygiene,Durex Extra Thin Condoms,228.0,10.1,6,205.0,580,False,10,Zepto
Health & Hygiene,Stayfree Secure Dry Cover Regular Sanitary Pad With Wings,30.0,3.3,6,29.0,406,False,7,Zepto
Health & Hygiene,Eno Fruit Salt Lemon Flavour Energy Powder,130.0,10.0,6,117.0,100,False,100,Zepto
Health & Hygiene,Moov Pain Relief Specialist Spray,149.0,5.4,5,141.0,35,False,35,Zepto
Health & Hygiene,Savlon Germ Protection Wipes,189.0,10.1,6,170.0,72,False,72,Zepto
Health & Hygiene,Veet Hair Removal Cream Dry Skin,135.0,5.2,5,128.0,50,False,50,Zepto
Health & Hygiene,Whisper Ultra Soft Air Fresh Sanitary Pads (XL) with Wings,315.0,0.0,4,315.0,30,False,30,Zepto
Health & Hygiene,Whisper Choice Regular Sanitary Pads,90.0,0.0,6,90.0,1160,False,20,Zepto
Health & Hygiene,Whisper Ultra Clean Wings XL+  Pouch,449.0,7.6,6,415.0,44,False,44,Zepto
Health & Hygiene,Durex Extra Ribbed Condoms,245.0,10.2,2,220.0,580,False,10,Zepto
Health & Hygiene,Eno Regular Fruit Salt Energy Powder,130.0,0.0,6,130.0,100,False,100,Zepto
Health & Hygiene,Durex Extra Thin Bubblegum Condom,150.0,10.0,6,135.0,580,False,10,Zepto
Health & Hygiene,Dabur Hajmola Pudina - Digestive Tablets,45.0,6.7,6,42.0,120,False,120,Zepto
Health & Hygiene,Baidyanath Isabgol,110.0,22.7,3,85.0,100,False,100,Zepto
Health & Hygiene,Kapiva Thar Aloe Vera Juice,299.0,15.1,6,254.0,1000,False,1,Zepto
Health & Hygiene,Fine Life Cotton Balls,110.0,10.0,6,99.0,100,False,100,Zepto
Health & Hygiene,Stayfree Dry Max All Night XL Dry Cover Sanitary Pads,340.0,12.4,6,298.0,28,False,28,Zepto
Health & Hygiene,Moov Pain Releiver Spray,290.0,15.2,6,246.0,80,False,80,Zepto
Health & Hygiene,Whisper Ultra Clean XL Plus Sanitary Pad,175.0,0.0,5,175.0,870,False,15,Zepto
Health & Hygiene,Durex Condoms Mutual Climax,120.0,0.0,6,120.0,174,False,3,Zepto
Health & Hygiene,Durex Extra Dots Condoms,228.0,10.1,6,205.0,580,False,10,Zepto
Health & Hygiene,Zandu Balm Ulter Power For Strong Headache Bodyache & Cold,45.0,8.9,6,41.0,8,False,8,Zepto
Health & Hygiene,Dabur Hajmola Maha Candy - Aam+Imli,130.0,5.4,1,123.0,130,False,130,Zepto
Health & Hygiene,Whisper Choice Ultra XL Sanitary Pad,133.0,2.3,5,130.0,1160,False,20,Zepto
Health & Hygiene,Veet Full Body Waxing Kit For Dry Skin,235.0,7.2,6,218.0,1160,False,20,Zepto
Health & Hygiene,Dabur Chyawanprakash - Sugar Free,415.0,7.2,6,385.0,900,False,900,Zepto
Health & Hygiene,Zandu Balm,85.0,10.6,5,76.0,25,False,25,Zepto
Health & Hygiene,Himalaya Cold Balm,125.0,9.6,6,113.0,45,False,45,Zepto
Health & Hygiene,Dettol Clinical Strength Hand Sanitizer Liquid,250.0,10.0,6,225.0,500,False,500,Zepto
Health & Hygiene,Kapiva Wild Amla Juice,249.0,14.9,6,212.0,1000,False,1,Zepto
Health & Hygiene,Dabur Chyawanprash,349.0,3.2,6,338.0,950,False,1,Zepto
Health & Hygiene,Amrutanjan Pain Balm Extra Power,100.0,11.0,6,89.0,28,False,27,Zepto
Health & Hygiene,Stayfree Dry-Max All Night Ultra-Dry Sanitary Pad,90.0,10.0,6,81.0,406,False,7,Zepto
Health & Hygiene,Whisper Ultra Clean XL Plus Sanitary Pad,155.0,0.0,6,155.0,870,False,15,Zepto
Health & Hygiene,Durex Mutual Climax Condoms,360.0,15.0,6,306.0,580,False,10,Zepto
Health & Hygiene,Whisper Daily Liners Clean and Fresh,105.0,0.0,4,105.0,1160,False,20,Zepto
Health & Hygiene,Moov Cream Regular,50.0,6.0,4,47.0,10,False,10,Zepto
Health & Hygiene,Moov Pain Relief Specialist,75.0,5.3,6,71.0,15,False,15,Zepto
Health & Hygiene,Dabur Chyawanprakash Sugar Free,235.0,5.1,6,223.0,500,False,500,Zepto
Health & Hygiene,Baidyanath Isabgol,110.0,22.7,5,85.0,100,False,100,Zepto
Health & Hygiene,Veet Hair Removal Cream (Normal Skin),135.0,5.2,6,128.0,50,False,50,Zepto
Health & Hygiene,Stayfree Advanced XL Ultra Comfort Sanitary napkins with Wings,175.0,0.0,3,175.0,812,False,14,Zepto
Health & Hygiene,Savlon Clothes Disinfectant & Refreshing Spray Fresh Breeze,175.0,10.3,6,157.0,230,False,230,Zepto
Health & Hygiene,Dabur Chyawanprash Immunity Booster,190.0,6.8,6,177.0,500,False,500,Zepto
Health & Hygiene,Vicks Inhaler with Keychain,105.0,9.5,4,95.0,116,False,2,Zepto
Health & Hygiene,Stayfree Secure XL Size Sanitary Napkins,115.0,0.0,5,115.0,1160,False,20,Zepto
Health & Hygiene,Dabur Ayurvedic Tulsi Drops (Immunity Booster),195.0,6.7,6,182.0,30,False,30,Zepto
Health & Hygiene,Organic India Wheat Grass,395.0,20.0,4,316.0,100,False,100,Zepto
Health & Hygiene,Organic India Organic Chyawanprash,495.0,20.0,6,396.0,500,False,500,Zepto
Health & Hygiene,Organic India Sugar Balance 60 Capsules Bottle,225.0,0.0,6,225.0,60,False,60,Zepto
Health & Hygiene,Whisper Ultra Soft XL+ Sanitary Pads,555.0,0.0,1,555.0,60,False,60,Zepto
Health & Hygiene,Dabur - Chyawanprash,99.0,0.0,1,99.0,250,False,25,Zepto
Health & Hygiene,Vicks BabyRub,105.0,11.4,6,93.0,25,False,25,Zepto
Health & Hygiene,Bombay Shaving Company Sensitive Cartridges,375.0,0.0,2,375.0,116,False,2,Zepto
Health & Hygiene,Organic India Brahmi Bottle,205.0,20.0,1,164.0,60,False,60,Zepto
Health & Hygiene,Horlicks Protein Plus Chocolate,270.0,0.0,2,270.0,200,False,200,Zepto
Health & Hygiene,Dabur Nature Care Isabgol - Double Action,140.0,5.0,6,133.0,100,False,100,Zepto
Health & Hygiene,Kapiva Wild Tulsi Giloy Juice |,400.0,15.0,1,340.0,1000,False,1,Zepto
Health & Hygiene,Dabur Amla Juice,235.0,15.3,6,199.0,1000,False,1,Zepto
